accession,hgvs_pro,score,sd,expts,se,lower_ci,upper_ci,snv,abundance_class,record_type,abundance_class_label,reference_position
urn:mavedb:00000013-a-1#1,p.Met1Val,1.06514337490303,0.128433544705692,4.0,0.064216772352846,0.9392808138880472,1.19100593591802,0.0,4.0,missense,wt_like,1
urn:mavedb:00000013-a-1#2,p.Thr2Ser,0.8243587146067249,0.42848946435079,7.0,0.161953794583352,0.506935110063757,1.14178231914969,1.0,3.0,missense,possibly_wt_like,2
urn:mavedb:00000013-a-1#3,p.Asn12Ile,0.298716907917441,0.272271541633364,7.0,0.102908969748864,0.0970190335235451,0.5004147823113361,1.0,1.0,missense,low,12
urn:mavedb:00000013-a-1#4,p.Arg74Val,0.855027325935757,0.318441968408353,6.0,0.130003389214658,0.6002253652068851,1.1098292866646298,0.0,3.0,missense,possibly_wt_like,74
urn:mavedb:00000013-a-1#5,p.His75Ala,0.863775577437188,0.223172576183795,8.0,0.0789034209972163,0.7091277140256429,1.0184234408487298,0.0,4.0,missense,wt_like,75
urn:mavedb:00000013-a-1#6,p.His75Asp,1.04565484349853,0.196525266615611,4.0,0.0982626333078057,0.8530636211891679,1.2382460658078998,1.0,4.0,missense,wt_like,75
urn:mavedb:00000013-a-1#7,p.His75Glu,1.10165020129634,0.3597277099760239,8.0,0.127182951552377,0.852376196806174,1.3509242057865,0.0,4.0,missense,wt_like,75
urn:mavedb:00000013-a-1#8,p.His75Phe,0.963100916795141,0.244492855368085,3.0,0.141158015861704,0.6864362895770679,1.23976554401321,0.0,3.0,missense,possibly_wt_like,75
urn:mavedb:00000013-a-1#9,p.His75Gly,1.06625835617534,0.135246446070566,8.0,0.047816839573939,0.972539072755887,1.15997763959479,0.0,4.0,missense,wt_like,75
urn:mavedb:00000013-a-1#10,p.His75Ile,0.9015716605865172,0.329193029629343,8.0,0.116387311785126,0.673456721230236,1.1296865999428,0.0,3.0,missense,possibly_wt_like,75
urn:mavedb:00000013-a-1#11,p.His75Leu,0.9405086809237108,0.144926504210966,7.0,0.0547770697891674,0.8331475969583059,1.04786976488912,1.0,4.0,missense,wt_like,75
urn:mavedb:00000013-a-1#12,p.His75Met,1.1008360961721295,0.140451714373028,8.0,0.049657179831222,1.00350981212911,1.19816238021515,0.0,4.0,missense,wt_like,75
urn:mavedb:00000013-a-1#13,p.His75Arg,0.9866002132054228,0.204032220453548,8.0,0.0721362833316263,0.845215695896859,1.1279847305139898,1.0,4.0,missense,wt_like,75
urn:mavedb:00000013-a-1#14,p.Asn12Leu,0.303689199600512,0.0745707984679491,7.0,0.0281851125448157,0.248447394112465,0.358931005088558,0.0,1.0,missense,low,12
urn:mavedb:00000013-a-1#15,p.His75Ser,1.0023068552835,0.1446807561436759,8.0,0.0511523718881952,0.902050048658842,1.10256366190817,0.0,4.0,missense,wt_like,75
urn:mavedb:00000013-a-1#16,p.His75Thr,1.02988622549826,0.107422870030168,8.0,0.0379797199264264,0.955447342299546,1.10432510869697,0.0,4.0,missense,wt_like,75
urn:mavedb:00000013-a-1#17,p.His75Val,1.08421894619509,0.089223975756984,8.0,0.0315454391510938,1.02239102158245,1.14604687080774,0.0,4.0,missense,wt_like,75
urn:mavedb:00000013-a-1#18,p.His75Tyr,0.75298418059899,0.499059255820471,5.0,0.223186084163006,0.315547493788973,1.19042086740901,1.0,3.0,missense,possibly_wt_like,75
urn:mavedb:00000013-a-1#19,p.Tyr76Ala,0.7996799240303729,0.150004585832959,8.0,0.0530346299257826,0.695733959442429,0.9036258886183168,0.0,3.0,missense,possibly_wt_like,76
urn:mavedb:00000013-a-1#20,p.Tyr76Cys,0.9383502218046228,0.1792691597431489,3.0,0.103501097635105,0.735491798079453,1.14120864552979,1.0,4.0,missense,wt_like,76
urn:mavedb:00000013-a-1#21,p.Tyr76Asp,0.848791723090902,0.328675841450903,6.0,0.134181350389103,0.5858011089313111,1.11178233725049,1.0,3.0,missense,possibly_wt_like,76
urn:mavedb:00000013-a-1#22,p.Tyr76Glu,0.6069379941770121,0.16440702842531,8.0,0.058126662337133,0.4930118294547101,0.7208641588993141,0.0,2.0,missense,possibly_low,76
urn:mavedb:00000013-a-1#23,p.Tyr76Phe,0.8926604025429159,0.3011715677965639,7.0,0.113832152907591,0.669553482561381,1.11576732252445,1.0,3.0,missense,possibly_wt_like,76
urn:mavedb:00000013-a-1#24,p.Tyr76Gly,0.679611701310015,0.0680876297886194,8.0,0.024072612369226,0.632430248052538,0.7267931545674909,0.0,2.0,missense,possibly_low,76
urn:mavedb:00000013-a-1#25,p.Asn12Met,0.441627364898512,0.12946566143244,3.0,0.0747470344788321,0.2951258693688269,0.588128860428197,0.0,1.0,missense,low,12
urn:mavedb:00000013-a-1#26,p.Tyr76His,0.929350288440732,0.184272159300397,4.0,0.0921360796501985,0.7487668906496291,1.10993368623183,1.0,4.0,missense,wt_like,76
urn:mavedb:00000013-a-1#27,p.Tyr76Lys,0.832973393422658,0.297852093155754,6.0,0.12159760784192,0.5946464614462701,1.07130032539905,0.0,3.0,missense,possibly_wt_like,76
urn:mavedb:00000013-a-1#28,p.Tyr76Leu,0.957226813703494,0.133479126883604,8.0,0.047191997883128,0.864732197494073,1.04972142991292,0.0,4.0,missense,wt_like,76
urn:mavedb:00000013-a-1#29,p.Tyr76Met,0.7692149334986559,0.20526808753492,6.0,0.0838003458229179,0.604969273793735,0.933460593203576,0.0,3.0,missense,possibly_wt_like,76
urn:mavedb:00000013-a-1#30,p.Tyr76Pro,0.665003941627846,0.363202531206808,5.0,0.162429109875682,0.34664873623061,0.983359147025083,0.0,2.0,missense,possibly_low,76
urn:mavedb:00000013-a-1#31,p.Tyr76Gln,0.626291307147958,0.341348599081768,6.0,0.139354982027366,0.353160561308094,0.8994220529878231,0.0,2.0,missense,possibly_low,76
urn:mavedb:00000013-a-1#32,p.Tyr76Arg,0.561350013677916,0.103590946035823,8.0,0.0366249302057302,0.4895664695383921,0.6331335578174411,0.0,1.0,missense,low,76
urn:mavedb:00000013-a-1#33,p.Tyr76Ser,0.611827177900484,0.0793736140530306,3.0,0.0458263774400707,0.522009128576007,0.701645227224961,1.0,1.0,missense,low,76
urn:mavedb:00000013-a-1#34,p.Tyr76Thr,0.825326416417641,0.0703811716885417,7.0,0.0266015824670316,0.7731882728504871,0.877464559984795,0.0,4.0,missense,wt_like,76
urn:mavedb:00000013-a-1#35,p.Tyr76Val,0.938460683687622,0.107808460135524,8.0,0.0381160466155542,0.863754605088086,1.01316676228716,0.0,4.0,missense,wt_like,76
urn:mavedb:00000013-a-1#36,p.Asn12=,1.27847055661566,0.26531395709961,3.0,0.153179084551225,0.978245067710444,1.5786960455208798,0.0,4.0,synonymous,wt_like,12
urn:mavedb:00000013-a-1#37,p.Tyr76Trp,0.9208985051114152,0.324947661430259,5.0,0.145321012017529,0.636074555360145,1.20572245486268,0.0,3.0,missense,possibly_wt_like,76
urn:mavedb:00000013-a-1#38,p.Tyr76Ter,0.0915319576710646,0.123712181551823,4.0,0.0618560907759113,-0.0297037524741618,0.212767667816291,1.0,1.0,nonsense,low,76
urn:mavedb:00000013-a-1#39,p.Asp77Ala,0.7446454143924292,0.158902441468721,8.0,0.0561804969548157,0.6345336637274279,0.854757165057429,1.0,3.0,missense,possibly_wt_like,77
urn:mavedb:00000013-a-1#40,p.Asp77Cys,0.6593879701045451,0.319803513003939,8.0,0.113067616346183,0.437779514248235,0.8809964259608559,0.0,2.0,missense,possibly_low,77
urn:mavedb:00000013-a-1#41,p.Asp77=,1.04171947475272,0.12702748374853,8.0,0.0449109975778248,0.953695536990419,1.12974341251502,0.0,4.0,synonymous,wt_like,77
urn:mavedb:00000013-a-1#42,p.Asp77Glu,0.796086116733744,0.116651803324404,6.0,0.0476228992867147,0.7027469492924051,0.889425284175083,1.0,3.0,missense,possibly_wt_like,77
urn:mavedb:00000013-a-1#43,p.Asp77Phe,0.611606990450275,0.2169389012758769,8.0,0.076699484097666,0.4612787639860471,0.7619352169145029,0.0,2.0,missense,possibly_low,77
urn:mavedb:00000013-a-1#44,p.Asp77Gly,0.634027256323441,0.136739258741195,8.0,0.0483446285551605,0.539273525509359,0.7287809871375219,1.0,2.0,missense,possibly_low,77
urn:mavedb:00000013-a-1#45,p.Asp77Ile,0.720191914912936,0.294548948617868,4.0,0.1472744743089339,0.431539249425355,1.00884458040052,0.0,3.0,missense,possibly_wt_like,77
urn:mavedb:00000013-a-1#46,p.Asp77Lys,0.688589021921661,0.0720817668172984,2.0,0.0509695061164191,0.588690625623685,0.788487418219636,0.0,2.0,missense,possibly_low,77
urn:mavedb:00000013-a-1#47,p.Asn12Pro,1.17500059348107,0.1537483289535469,7.0,0.0581114061289767,1.0611043303773,1.2888968565848502,0.0,4.0,missense,wt_like,12
urn:mavedb:00000013-a-1#48,p.Asp77Leu,0.672073166947379,0.0924872918065534,8.0,0.0326991956049965,0.607983921238155,0.7361624126566021,0.0,2.0,missense,possibly_low,77
urn:mavedb:00000013-a-1#49,p.Asp77Met,0.761938898741481,0.264264285807631,7.0,0.0998825115204409,0.56617277347601,0.957705024006952,0.0,3.0,missense,possibly_wt_like,77
urn:mavedb:00000013-a-1#50,p.Asp77Pro,0.8588941433327221,0.143833391025432,8.0,0.0508527830775698,0.759224519987057,0.958563766678387,0.0,4.0,missense,wt_like,77
urn:mavedb:00000013-a-1#51,p.Asp77Gln,0.6226463217315911,0.288149348962013,8.0,0.101876179322764,0.42297267937643,0.822319964086753,0.0,2.0,missense,possibly_low,77
urn:mavedb:00000013-a-1#52,p.Asp77Arg,0.540056667954685,0.0607833989248657,8.0,0.0214901767816698,0.497936695441214,0.582176640468157,0.0,1.0,missense,low,77
urn:mavedb:00000013-a-1#53,p.Asp77Ser,0.6915685278686949,0.178727956412391,8.0,0.0631898749834077,0.5677186487136271,0.815418407023762,0.0,2.0,missense,possibly_low,77
urn:mavedb:00000013-a-1#54,p.Asp77Thr,0.772188583258258,0.0654224385448871,8.0,0.0231303249684249,0.726853979369438,0.8175231871470791,0.0,4.0,missense,wt_like,77
urn:mavedb:00000013-a-1#55,p.Asp77Val,0.650028648150464,0.113073273994525,8.0,0.0399774394062465,0.571674306720088,0.7283829895808391,1.0,2.0,missense,possibly_low,77
urn:mavedb:00000013-a-1#56,p.Asp77Trp,0.626643860688175,0.15574167273498,8.0,0.0550629964521201,0.5187223707611629,0.734565350615187,0.0,2.0,missense,possibly_low,77
urn:mavedb:00000013-a-1#57,p.Asp77Ter,-0.0262115418733681,0.0293474572943227,8.0,0.0103758930316991,-0.0465479185229385,-0.0058751652237978,0.0,1.0,nonsense,low,77
urn:mavedb:00000013-a-1#58,p.Asn12Gln,0.9438145199708008,0.201828634498541,6.0,0.0823961950006851,0.7823209453063191,1.10530809463528,0.0,4.0,missense,wt_like,12
urn:mavedb:00000013-a-1#59,p.Asp77Tyr,0.154944973852544,0.1511220761452749,3.0,0.0872503713429695,-0.0160626116174221,0.325952559322509,1.0,1.0,missense,low,77
urn:mavedb:00000013-a-1#60,p.Thr78Ala,0.9532610327826128,0.421590959228541,6.0,0.172113788380072,0.615924206314924,1.2905978592503,1.0,3.0,missense,possibly_wt_like,78
urn:mavedb:00000013-a-1#61,p.Thr78Cys,1.22093707628123,0.0861745966944364,3.0,0.0497529265988403,1.12342313202204,1.31845102054042,0.0,4.0,missense,wt_like,78
urn:mavedb:00000013-a-1#62,p.Thr78Gly,0.791182884698042,0.181373029666304,5.0,0.0811124847237885,0.632205335942861,0.950160433453223,0.0,3.0,missense,possibly_wt_like,78
urn:mavedb:00000013-a-1#63,p.Thr78Leu,1.0337942996181702,0.239378848654533,6.0,0.097726005736421,0.8422548480218279,1.2253337512145102,0.0,4.0,missense,wt_like,78
urn:mavedb:00000013-a-1#64,p.Thr78Met,1.2169377026193402,0.114029228477264,5.0,0.0509954212594035,1.11698851357446,1.31688689166421,0.0,4.0,missense,wt_like,78
urn:mavedb:00000013-a-1#65,p.Thr78Gln,0.976579828954294,0.0880309883849871,7.0,0.033272586133413,0.911366758460298,1.04179289944829,0.0,4.0,missense,wt_like,78
urn:mavedb:00000013-a-1#66,p.Ala79=,0.9252143671143492,0.224466242167432,7.0,0.0848402649291751,0.7589305034143291,1.09149823081437,0.0,4.0,synonymous,wt_like,79
urn:mavedb:00000013-a-1#67,p.Ala79Cys,0.784347318428524,0.181650658332977,4.0,0.0908253291664885,0.6063329443782111,0.9623616924788372,0.0,3.0,missense,possibly_wt_like,79
urn:mavedb:00000013-a-1#68,p.Ala79Asp,1.00498969523696,0.163808940518723,5.0,0.0732575852644171,0.8614074665243341,1.14857192394959,1.0,4.0,missense,wt_like,79
urn:mavedb:00000013-a-1#69,p.Asn12Arg,0.9332674274720358,0.117597527672956,8.0,0.0415770046341601,0.851777995804027,1.01475685914004,0.0,4.0,missense,wt_like,12
urn:mavedb:00000013-a-1#70,p.Ala79Glu,0.951333113746269,0.119237230216445,8.0,0.0421567270279748,0.8687074470653521,1.03395878042719,0.0,4.0,missense,wt_like,79
urn:mavedb:00000013-a-1#71,p.Ala79Phe,0.715810939616747,0.213777570629358,6.0,0.0872743277489531,0.544756400453854,0.8868654787796401,0.0,3.0,missense,possibly_wt_like,79
urn:mavedb:00000013-a-1#72,p.Ala79Gly,1.0358789020651702,0.0977071767319182,8.0,0.0345447036188659,0.9681725271155848,1.10358527701476,1.0,4.0,missense,wt_like,79
urn:mavedb:00000013-a-1#73,p.Ala79His,1.15336838151358,0.111493712748603,4.0,0.0557468563743014,1.04410655076863,1.26263021225854,0.0,4.0,missense,wt_like,79
urn:mavedb:00000013-a-1#74,p.Ala79Lys,0.6967744568418421,0.262464044486135,2.0,0.185590105673794,0.333024533834224,1.06052437984946,0.0,2.0,missense,possibly_low,79
urn:mavedb:00000013-a-1#75,p.Ala79Leu,0.8921009131556029,0.0433942232218276,8.0,0.0153421747522385,0.862030803196695,0.92217102311451,0.0,4.0,missense,wt_like,79
urn:mavedb:00000013-a-1#76,p.Ala79Met,0.8661255824572851,0.2447788744909169,8.0,0.0865424010218692,0.696505593318799,1.03574557159577,0.0,3.0,missense,possibly_wt_like,79
urn:mavedb:00000013-a-1#77,p.Ala79Asn,1.10721915342784,0.0393802858386446,4.0,0.0196901429193223,1.06862718245552,1.14581112440016,0.0,4.0,missense,wt_like,79
urn:mavedb:00000013-a-1#78,p.Ala79Pro,0.8267132651246341,0.111770207166536,8.0,0.0395167357110416,0.7492618863444049,0.904164643904864,1.0,4.0,missense,wt_like,79
urn:mavedb:00000013-a-1#79,p.Ala79Gln,0.936357019946737,0.19452980700461,8.0,0.068776672837935,0.8015572182078899,1.07115682168558,0.0,4.0,missense,wt_like,79
urn:mavedb:00000013-a-1#80,p.Asn12Ser,1.0771928446977,0.150506464174401,8.0,0.0532120707150647,0.9728991025533752,1.18148658684203,1.0,4.0,missense,wt_like,12
urn:mavedb:00000013-a-1#81,p.Ala79Arg,0.8368379968862191,0.27125411342112,8.0,0.0959028115124093,0.648871940305764,1.02480405346667,0.0,3.0,missense,possibly_wt_like,79
urn:mavedb:00000013-a-1#82,p.Ala79Ser,1.00043831517752,0.204267949132394,8.0,0.0722196260052922,0.8588904492301992,1.1419861811248502,1.0,4.0,missense,wt_like,79
urn:mavedb:00000013-a-1#83,p.Ala79Thr,0.998153851339622,0.234499932070138,8.0,0.0829082460772897,0.8356566750067499,1.16065102767249,1.0,4.0,missense,wt_like,79
urn:mavedb:00000013-a-1#84,p.Ala79Val,0.74625924654711,0.2605171815596069,8.0,0.0921067328482025,0.5657333674309809,0.926785125663239,1.0,3.0,missense,possibly_wt_like,79
urn:mavedb:00000013-a-1#85,p.Ala79Trp,0.923480554314771,0.0994233685801725,6.0,0.040589420255014,0.843926752461583,1.00303435616796,0.0,4.0,missense,wt_like,79
urn:mavedb:00000013-a-1#86,p.Ala79Ter,0.0766695579459734,0.161240151040595,6.0,0.0658260160164581,-0.0523470626920412,0.205686178583988,0.0,1.0,nonsense,low,79
urn:mavedb:00000013-a-1#87,p.Ala79Tyr,0.800211663919431,0.156336022298248,6.0,0.0638239138411801,0.675119091438331,0.925304236400532,0.0,3.0,missense,possibly_wt_like,79
urn:mavedb:00000013-a-1#88,p.Lys80Ala,0.8898023794105101,0.2269680596847169,8.0,0.0802453270579081,0.7325244284493729,1.04708033037165,0.0,4.0,missense,wt_like,80
urn:mavedb:00000013-a-1#89,p.Lys80Cys,0.78503593819179,0.207866707392148,8.0,0.0734919791899538,0.640994305826913,0.929077570556666,0.0,3.0,missense,possibly_wt_like,80
urn:mavedb:00000013-a-1#90,p.Lys80Asp,0.7900329980904741,0.242594457120431,8.0,0.085770092854063,0.6219267051458549,0.958139291035094,0.0,3.0,missense,possibly_wt_like,80
urn:mavedb:00000013-a-1#91,p.Asn12Thr,1.02772901206215,0.1623815483706669,5.0,0.0726192360896964,0.885397924741533,1.17006009938277,1.0,4.0,missense,wt_like,12
urn:mavedb:00000013-a-1#92,p.Lys80Glu,0.9095789793426592,0.330352552210339,3.0,0.190729134946119,0.535756744045785,1.28340121463953,1.0,3.0,missense,possibly_wt_like,80
urn:mavedb:00000013-a-1#93,p.Lys80Phe,0.867072013374971,0.0798819059057007,8.0,0.0282425186800133,0.811717693929445,0.922426332820497,0.0,4.0,missense,wt_like,80
urn:mavedb:00000013-a-1#94,p.Lys80Gly,0.718178918300193,0.145733117167872,8.0,0.0515244376964279,0.6171928760915171,0.81916496050887,0.0,3.0,missense,possibly_wt_like,80
urn:mavedb:00000013-a-1#95,p.Lys80Ile,0.5307325483040871,0.565066705759672,7.0,0.213575139657514,0.112132966582247,0.949332130025928,1.0,2.0,missense,possibly_low,80
urn:mavedb:00000013-a-1#96,p.Lys80=,1.1804314885549,0.1586000542287189,5.0,0.0709281004981138,1.04141496608676,1.3194480110230502,0.0,4.0,synonymous,wt_like,80
urn:mavedb:00000013-a-1#97,p.Lys80Leu,0.951518674878111,0.0983986529055035,8.0,0.0347891773645514,0.8833331401918142,1.01970420956441,0.0,4.0,missense,wt_like,80
urn:mavedb:00000013-a-1#98,p.Lys80Met,0.687158514927073,0.663161892019008,5.0,0.296575014128375,0.105882168521,1.26843486133315,0.0,2.0,missense,possibly_low,80
urn:mavedb:00000013-a-1#99,p.Lys80Asn,0.962781312657446,0.128128513938564,8.0,0.0453002705346569,0.8739944139195971,1.05156821139529,1.0,4.0,missense,wt_like,80
urn:mavedb:00000013-a-1#100,p.Lys80Pro,0.7388633423087579,0.203880134421743,8.0,0.0720825127994197,0.5975842133067479,0.880142471310768,0.0,3.0,missense,possibly_wt_like,80
urn:mavedb:00000013-a-1#101,p.Lys80Gln,0.83218166836289,0.266954943672982,6.0,0.108983899385372,0.6185771506728249,1.04578618605296,1.0,3.0,missense,possibly_wt_like,80
urn:mavedb:00000013-a-1#102,p.Asn12Val,0.520032604501607,0.108423855719475,6.0,0.0442638537429763,0.433277045348425,0.6067881636547889,0.0,1.0,missense,low,12
urn:mavedb:00000013-a-1#103,p.Lys80Arg,0.966141153054572,0.127760184555493,8.0,0.0451700464324168,0.8776094888670329,1.0546728172421098,1.0,4.0,missense,wt_like,80
urn:mavedb:00000013-a-1#104,p.Lys80Ser,0.895830439735087,0.13263199079408,8.0,0.0468924900463829,0.8039228480987741,0.9877380313714008,0.0,4.0,missense,wt_like,80
urn:mavedb:00000013-a-1#105,p.Lys80Thr,0.791106853623533,0.140689281073893,7.0,0.0531755499791411,0.686884690806306,0.895329016440759,1.0,3.0,missense,possibly_wt_like,80
urn:mavedb:00000013-a-1#106,p.Lys80Val,1.0077226732173,0.125235873455363,8.0,0.0442775676840536,0.920940235233518,1.09450511120108,0.0,4.0,missense,wt_like,80
urn:mavedb:00000013-a-1#107,p.Lys80Trp,0.77572386482086,0.160371322445618,7.0,0.060614662373951,0.656921309632861,0.8945264200088591,0.0,3.0,missense,possibly_wt_like,80
urn:mavedb:00000013-a-1#108,p.Lys80Tyr,0.93959377558602,0.328267446216979,7.0,0.124073432315485,0.6964143168094,1.18277323436264,0.0,3.0,missense,possibly_wt_like,80
urn:mavedb:00000013-a-1#109,p.Phe81Ala,0.725393649167545,0.138326460702804,2.0,0.0978115783804875,0.5336864782707729,0.917100820064317,0.0,3.0,missense,possibly_wt_like,81
urn:mavedb:00000013-a-1#110,p.Phe81Glu,0.412882015352154,0.117968010379815,5.0,0.0527568980759334,0.309480395187274,0.516283635517034,0.0,1.0,missense,low,81
urn:mavedb:00000013-a-1#111,p.Phe81Gly,0.6891363150633871,0.16925457385794,8.0,0.0598405284608944,0.57185103446419,0.8064215956625842,0.0,2.0,missense,possibly_low,81
urn:mavedb:00000013-a-1#112,p.Phe81His,0.717751975493256,0.1696716815711519,8.0,0.0599879983071429,0.6001776593066059,0.8353262916799059,0.0,3.0,missense,possibly_wt_like,81
urn:mavedb:00000013-a-1#113,p.Thr2=,0.915390540437152,0.6748341782627779,4.0,0.3374170891313889,0.2540651979712889,1.57671588290302,0.0,3.0,synonymous,possibly_wt_like,2
urn:mavedb:00000013-a-1#114,p.Asn12Trp,0.435518562622772,0.305180071851691,7.0,0.115347225030342,0.209442155846664,0.66159496939888,0.0,1.0,missense,low,12
urn:mavedb:00000013-a-1#115,p.Phe81Ile,0.671659066548208,0.172349430879411,4.0,0.0861747154397056,0.5027597279083971,0.8405584051880179,1.0,2.0,missense,possibly_low,81
urn:mavedb:00000013-a-1#116,p.Phe81Lys,0.4358047958529041,0.107435818792911,8.0,0.0379842980053982,0.3613569397842871,0.510252651921521,0.0,1.0,missense,low,81
urn:mavedb:00000013-a-1#117,p.Phe81Leu,0.960967093270934,0.169319515558049,8.0,0.0598634888191589,0.8436368111964659,1.0782973753454,1.0,4.0,missense,wt_like,81
urn:mavedb:00000013-a-1#118,p.Phe81Met,0.97541247826351,0.25373190493226,6.0,0.103585616424735,0.7723884007546491,1.1784365557723702,0.0,4.0,missense,wt_like,81
urn:mavedb:00000013-a-1#119,p.Phe81Asn,0.554352832388078,0.156352378467694,6.0,0.0638305912193951,0.4292471724861649,0.6794584922899909,0.0,1.0,missense,low,81
urn:mavedb:00000013-a-1#120,p.Phe81Pro,0.7518284809980841,0.3920430921199311,8.0,0.138608164477673,0.480161470658641,1.02349549133753,0.0,3.0,missense,possibly_wt_like,81
urn:mavedb:00000013-a-1#121,p.Phe81Gln,0.96267606945481,0.360510826797065,7.0,0.136260284664474,0.695610818989266,1.2297413199203502,0.0,3.0,missense,possibly_wt_like,81
urn:mavedb:00000013-a-1#122,p.Phe81Arg,0.401460917795314,0.155282562971342,5.0,0.0694444733048623,0.265352251192431,0.537569584398197,0.0,1.0,missense,low,81
urn:mavedb:00000013-a-1#123,p.Phe81Thr,0.601443457254177,0.12584971018715,7.0,0.04756671938925,0.5082144003885241,0.69467251411983,0.0,1.0,missense,low,81
urn:mavedb:00000013-a-1#124,p.Phe81Val,0.808960392222195,0.301769352712166,8.0,0.106691577828524,0.599848742224537,1.01807204221985,1.0,3.0,missense,possibly_wt_like,81
urn:mavedb:00000013-a-1#125,p.Asn12Ter,0.254067175619375,0.160497166461727,3.0,0.0926630822608505,0.0724508716916353,0.435683479547114,0.0,1.0,nonsense,low,12
urn:mavedb:00000013-a-1#126,p.Phe81Ter,0.0523915001633045,0.125968112552125,7.0,0.0476114712767308,-0.0409252687900511,0.14570826911666,0.0,1.0,nonsense,low,81
urn:mavedb:00000013-a-1#127,p.Phe81Tyr,0.705558745341364,0.383982367010897,3.0,0.221692322957811,0.271049776695032,1.1400677139876998,1.0,2.0,missense,possibly_low,81
urn:mavedb:00000013-a-1#128,p.Asn82Asp,1.23272525414893,0.369647227693618,3.0,0.2134159264141089,0.8144377246500291,1.65101278364784,1.0,4.0,missense,wt_like,82
urn:mavedb:00000013-a-1#129,p.Asn82Gly,1.21823231797355,0.0499268749173563,7.0,0.0188705849671362,1.18124665107076,1.25521798487633,0.0,4.0,missense,wt_like,82
urn:mavedb:00000013-a-1#130,p.Asn82Pro,0.98384380780963,0.0889772858989809,4.0,0.0444886429494905,0.8966476699075671,1.07103994571169,0.0,4.0,missense,wt_like,82
urn:mavedb:00000013-a-1#131,p.Cys83Gly,0.580416039983632,0.297372506614815,3.0,0.1716880967436569,0.243913553791835,0.916918526175428,1.0,2.0,missense,possibly_low,83
urn:mavedb:00000013-a-1#132,p.Cys83Leu,0.664582288605594,0.438171626540762,8.0,0.1549170642252559,0.3609504221334129,0.968214155077774,0.0,2.0,missense,possibly_low,83
urn:mavedb:00000013-a-1#133,p.Cys83Ter,-0.0976450390128623,0.0936596138481313,5.0,0.0418858526621604,-0.179739801692448,-0.0155502763332768,1.0,1.0,nonsense,low,83
urn:mavedb:00000013-a-1#134,p.Arg84Cys,1.19071518078213,0.543039060349649,3.0,0.313523747673351,0.576219927044342,1.8052104345199296,0.0,3.0,missense,possibly_wt_like,84
urn:mavedb:00000013-a-1#135,p.Arg84Phe,0.8440601859749108,0.149870187346941,4.0,0.0749350936734703,0.6971901011967739,0.990930270753048,0.0,3.0,missense,possibly_wt_like,84
urn:mavedb:00000013-a-1#136,p.Lys13Ala,0.846432149406378,0.398369253109464,7.0,0.150569424814598,0.551321499596855,1.1415427992159,0.0,3.0,missense,possibly_wt_like,13
urn:mavedb:00000013-a-1#137,p.Arg84Ile,1.1248317736277098,0.0909838483123258,5.0,0.040689213936178,1.0450823797535602,1.20458116750187,1.0,4.0,missense,wt_like,84
urn:mavedb:00000013-a-1#138,p.Arg84Met,0.0337643026097392,0.0504151328179786,2.0,0.0356488822900132,-0.0361062227677943,0.103634827987273,0.0,1.0,missense,low,84
urn:mavedb:00000013-a-1#139,p.Arg84Pro,1.21375648148957,0.0670083819618126,5.0,0.0299670594257768,1.15502212429248,1.27249083868666,0.0,4.0,missense,wt_like,84
urn:mavedb:00000013-a-1#140,p.Arg84Val,0.82909812872959,0.250186263880992,2.0,0.176908403749977,0.482364028817165,1.17583222864201,0.0,3.0,missense,possibly_wt_like,84
urn:mavedb:00000013-a-1#141,p.Val85Ala,0.548038334353039,0.2446431443199769,8.0,0.0864944131597276,0.3785123996960461,0.717564269010033,1.0,2.0,missense,possibly_low,85
urn:mavedb:00000013-a-1#142,p.Val85Cys,0.9276591402178892,0.280903799818731,5.0,0.125623998306535,0.6814406279431588,1.17387765249262,0.0,3.0,missense,possibly_wt_like,85
urn:mavedb:00000013-a-1#143,p.Val85Asp,0.281859090162748,0.171258088894891,5.0,0.0765889456931354,0.131747514990309,0.431970665335188,1.0,1.0,missense,low,85
urn:mavedb:00000013-a-1#144,p.Val85Glu,0.452343841671297,0.230757731270265,5.0,0.103197994690788,0.250079488800595,0.6546081945419979,0.0,1.0,missense,low,85
urn:mavedb:00000013-a-1#145,p.Val85Gly,0.374349883170562,0.130806145889017,8.0,0.0462469563895005,0.283707514252546,0.464992252088577,1.0,1.0,missense,low,85
urn:mavedb:00000013-a-1#146,p.Val85Ile,1.10220201883532,0.1323527300971519,4.0,0.0661763650485758,0.97249872671234,1.23190531095831,1.0,4.0,missense,wt_like,85
urn:mavedb:00000013-a-1#147,p.Lys13Glu,1.16041273250948,0.0902249499586617,3.0,0.0520913991462539,1.05831546627852,1.26250999874044,1.0,4.0,missense,wt_like,13
urn:mavedb:00000013-a-1#148,p.Val85Lys,0.385988153454939,0.218454300526218,4.0,0.109227150263109,0.1719068728052999,0.600069434104577,0.0,1.0,missense,low,85
urn:mavedb:00000013-a-1#149,p.Val85Leu,0.648471090834537,0.3856550829093711,7.0,0.14576392017517,0.3627790570458329,0.934163124623242,1.0,2.0,missense,possibly_low,85
urn:mavedb:00000013-a-1#150,p.Val85Met,0.7003499195484921,0.377762284294353,7.0,0.1427807227060769,0.420504845357981,0.980194993739003,0.0,2.0,missense,possibly_low,85
urn:mavedb:00000013-a-1#151,p.Val85Asn,0.5722775205971811,0.172455193219507,6.0,0.070404537813479,0.434287162134574,0.7102678790597879,0.0,2.0,missense,possibly_low,85
urn:mavedb:00000013-a-1#152,p.Val85Pro,0.579070468516634,0.605261691705487,5.0,0.270681257365998,0.0485449527892611,1.10959598424401,0.0,2.0,missense,possibly_low,85
urn:mavedb:00000013-a-1#153,p.Val85Arg,0.236401319782578,0.109162386432673,8.0,0.0385947318485248,0.160757035366488,0.312045604198667,0.0,1.0,missense,low,85
urn:mavedb:00000013-a-1#154,p.Val85Ser,0.827288728451959,0.141944092128221,2.0,0.100369630093233,0.6305678683276149,1.0240095885763,0.0,3.0,missense,possibly_wt_like,85
urn:mavedb:00000013-a-1#155,p.Val85=,1.0405346534637,0.225523667316441,8.0,0.079734657238757,0.8842575969560892,1.19681170997131,0.0,4.0,synonymous,wt_like,85
urn:mavedb:00000013-a-1#156,p.Ala86Cys,0.9384009627887672,0.0353501844135463,2.0,0.0249963551150136,0.8894090070185671,0.9873929185589672,0.0,4.0,missense,wt_like,86
urn:mavedb:00000013-a-1#157,p.Ala86Gly,0.9498084045028,0.120862948376932,8.0,0.042731505195764,0.8660561933139159,1.03356061569168,1.0,4.0,missense,wt_like,86
urn:mavedb:00000013-a-1#158,p.Lys13Gly,1.09758582344285,0.0878329701249197,8.0,0.0310536443935431,1.03672179884279,1.15844984804291,0.0,4.0,missense,wt_like,13
urn:mavedb:00000013-a-1#159,p.Ala86Leu,0.451090774644765,0.198724747681493,7.0,0.0751108945313273,0.303876126516777,0.5983054227727529,0.0,1.0,missense,low,86
urn:mavedb:00000013-a-1#160,p.Ala86Met,0.863931792051681,0.309546098018963,4.0,0.154773049009482,0.560582190215644,1.16728139388772,0.0,3.0,missense,possibly_wt_like,86
urn:mavedb:00000013-a-1#161,p.Ala86Asn,0.627234626805937,0.177857238821886,3.0,0.10268592471114,0.425973912652911,0.828495340958962,0.0,2.0,missense,possibly_low,86
urn:mavedb:00000013-a-1#162,p.Ala86Arg,0.805554533953803,0.243181127949092,5.0,0.108753906587849,0.592400793863587,1.01870827404402,0.0,3.0,missense,possibly_wt_like,86
urn:mavedb:00000013-a-1#163,p.Gln87Ala,0.771007279709588,0.3085399177715301,8.0,0.109085334061494,0.557203953707538,0.9848106057116373,0.0,3.0,missense,possibly_wt_like,87
urn:mavedb:00000013-a-1#164,p.Gln87Cys,0.778994295807412,0.268458153159461,7.0,0.101467644383946,0.5801213672187601,0.977867224396064,0.0,3.0,missense,possibly_wt_like,87
urn:mavedb:00000013-a-1#165,p.Gln87Glu,0.9042568678542808,0.465402681693551,6.0,0.18999984917869,0.531864006396008,1.27664972931256,1.0,3.0,missense,possibly_wt_like,87
urn:mavedb:00000013-a-1#166,p.Gln87Phe,1.03404208161327,0.522980518777415,7.0,0.197668056173798,0.646619810618585,1.42146435260795,0.0,3.0,missense,possibly_wt_like,87
urn:mavedb:00000013-a-1#167,p.Gln87Gly,0.760043440356898,0.213829511742811,8.0,0.0756001488855749,0.611869871315306,0.9082170093984908,0.0,3.0,missense,possibly_wt_like,87
urn:mavedb:00000013-a-1#168,p.Gln87His,1.18498074289734,0.0683081788306591,3.0,0.0394377454357341,1.1076841822118402,1.26227730358284,1.0,4.0,missense,wt_like,87
urn:mavedb:00000013-a-1#169,p.Lys13His,1.09970625683376,0.0444642468874416,3.0,0.0256714449097784,1.0493911493795,1.15002136428803,0.0,4.0,missense,wt_like,13
urn:mavedb:00000013-a-1#170,p.Gln87Leu,1.1016585133612902,0.1344193864316669,6.0,0.0548764847159295,0.994102579719906,1.2092144470026698,1.0,4.0,missense,wt_like,87
urn:mavedb:00000013-a-1#171,p.Gln87Met,1.2109949245308798,0.4042263119594191,3.0,0.2333801700233,0.753578196579381,1.6684116524823898,0.0,4.0,missense,wt_like,87
urn:mavedb:00000013-a-1#172,p.Gln87Pro,0.6986839825941011,0.11858504479399,5.0,0.0530328442548439,0.594741517856886,0.802626447331317,1.0,2.0,missense,possibly_low,87
urn:mavedb:00000013-a-1#173,p.Gln87=,0.8644894460424609,0.124692460564122,5.0,0.0557641636206177,0.755193693718052,0.97378519836687,0.0,4.0,synonymous,wt_like,87
urn:mavedb:00000013-a-1#174,p.Gln87Arg,0.9003787184169599,0.465095171401493,7.0,0.1757894513579009,0.555837724893417,1.2449197119405,1.0,3.0,missense,possibly_wt_like,87
urn:mavedb:00000013-a-1#175,p.Gln87Ser,0.887436909904351,0.178448586277177,6.0,0.0728513302833506,0.744650926323152,1.03022289348555,0.0,4.0,missense,wt_like,87
urn:mavedb:00000013-a-1#176,p.Gln87Thr,1.00880132253106,0.24529080695778,7.0,0.0927112105858053,0.827090688819769,1.19051195624234,0.0,4.0,missense,wt_like,87
urn:mavedb:00000013-a-1#177,p.Gln87Val,0.91261893195015,0.195126065645525,7.0,0.0737507205720745,0.768070175795007,1.05716768810529,0.0,4.0,missense,wt_like,87
urn:mavedb:00000013-a-1#178,p.Tyr88Ala,0.28050070340094,0.157736662334579,3.0,0.0910693044599421,0.10200814656234,0.458993260239539,0.0,1.0,missense,low,88
urn:mavedb:00000013-a-1#179,p.Tyr88Phe,0.977982431439545,0.128530404817017,2.0,0.0908847208347649,0.799851651858429,1.15611321102066,1.0,4.0,missense,wt_like,88
urn:mavedb:00000013-a-1#180,p.Lys13Ile,1.08750792041841,0.173463674531679,6.0,0.0708162485851381,0.948710623671304,1.22630521716552,1.0,4.0,missense,wt_like,13
urn:mavedb:00000013-a-1#181,p.Tyr88Gly,0.211957546694951,0.0816012162095358,4.0,0.0408006081047679,0.131989824262272,0.2919252691276289,0.0,1.0,missense,low,88
urn:mavedb:00000013-a-1#182,p.Tyr88Ile,0.455610179920513,0.122691943727222,4.0,0.0613459718636108,0.335374284471228,0.5758460753697969,0.0,1.0,missense,low,88
urn:mavedb:00000013-a-1#183,p.Tyr88Arg,0.2944371609519149,0.0975692028755908,4.0,0.0487846014377954,0.198821099133695,0.390053222770135,0.0,1.0,missense,low,88
urn:mavedb:00000013-a-1#184,p.Tyr88Ser,0.194245333374088,0.099984206746099,2.0,0.0706995106017244,0.0556768388701004,0.332813827878075,1.0,1.0,missense,low,88
urn:mavedb:00000013-a-1#185,p.Tyr88Thr,0.121107929085904,0.14934588563763,3.0,0.0862248872752488,-0.0478897445446095,0.290105602716418,0.0,1.0,missense,low,88
urn:mavedb:00000013-a-1#186,p.Tyr88Val,0.363111860311474,0.0838171418647344,4.0,0.0419085709323672,0.280972570640492,0.445251149982456,0.0,1.0,missense,low,88
urn:mavedb:00000013-a-1#187,p.Pro89Ala,0.9067327141997108,0.333817445833015,8.0,0.118022289813449,0.675413276792403,1.13805215160702,1.0,3.0,missense,possibly_wt_like,89
urn:mavedb:00000013-a-1#188,p.Pro89Cys,0.920290543595737,0.1491852319890889,6.0,0.0609046159220003,0.8009196898963721,1.0396613972951,0.0,4.0,missense,wt_like,89
urn:mavedb:00000013-a-1#189,p.Pro89Asp,0.7781941232091971,0.0259033395184045,2.0,0.0183164270288413,0.7422945859072121,0.8140936605111819,0.0,4.0,missense,wt_like,89
urn:mavedb:00000013-a-1#190,p.Pro89Glu,0.733078903435148,0.19083696175035,8.0,0.0674710548773552,0.600838065876607,0.8653197409936899,0.0,3.0,missense,possibly_wt_like,89
urn:mavedb:00000013-a-1#191,p.Lys13Leu,0.926085234347154,0.134829935892382,8.0,0.0476695809882253,0.832654572452117,1.01951589624219,0.0,4.0,missense,wt_like,13
urn:mavedb:00000013-a-1#192,p.Pro89Gly,0.889200026163917,0.101277566372258,8.0,0.035807026981947,0.8190195428858471,0.9593805094419872,0.0,4.0,missense,wt_like,89
urn:mavedb:00000013-a-1#193,p.Pro89His,1.04181089782372,0.1253869337850759,3.0,0.0723921799736752,0.899924832312978,1.18369696333447,1.0,4.0,missense,wt_like,89
urn:mavedb:00000013-a-1#194,p.Pro89Ile,0.5127278200158629,0.175433682155901,3.0,0.101286683617637,0.314209568011792,0.7112460720199331,0.0,2.0,missense,possibly_low,89
urn:mavedb:00000013-a-1#195,p.Pro89Lys,0.89119815920708,0.17198880750275,5.0,0.0769157329890549,0.7404460927040329,1.04195022571013,0.0,4.0,missense,wt_like,89
urn:mavedb:00000013-a-1#196,p.Pro89Leu,0.8167598663724391,0.0469889075869677,8.0,0.0166130875976464,0.784198813009042,0.8493209197358349,1.0,4.0,missense,wt_like,89
urn:mavedb:00000013-a-1#197,p.Pro89=,1.11584017874146,0.11036948011907,8.0,0.0390215039141141,1.0393594364472,1.19232092103571,0.0,4.0,synonymous,wt_like,89
urn:mavedb:00000013-a-1#198,p.Pro89Gln,0.8598700453981508,0.3548680960004289,8.0,0.125464818554331,0.6139635197048101,1.10577657109149,0.0,3.0,missense,possibly_wt_like,89
urn:mavedb:00000013-a-1#199,p.Pro89Arg,0.8034314246846759,0.0960243930662488,8.0,0.0339497497482335,0.7368911378939911,0.869971711475362,1.0,4.0,missense,wt_like,89
urn:mavedb:00000013-a-1#200,p.Pro89Ser,0.835815422363613,0.100132034935115,8.0,0.0354020204583141,0.7664287372853671,0.905202107441858,1.0,4.0,missense,wt_like,89
urn:mavedb:00000013-a-1#201,p.Pro89Thr,0.8680364969206241,0.10500596853071,8.0,0.0371252162065629,0.7952724102374971,0.94080058360375,1.0,4.0,missense,wt_like,89
urn:mavedb:00000013-a-1#202,p.Lys13Met,0.6946479325613489,0.6051752342175251,5.0,0.270642592401949,0.1641981987709759,1.22509766635172,0.0,2.0,missense,possibly_low,13
urn:mavedb:00000013-a-1#203,p.Pro89Val,0.767543361339375,0.126805167176204,8.0,0.044832396799894,0.679673478270974,0.8554132444077759,0.0,3.0,missense,possibly_wt_like,89
urn:mavedb:00000013-a-1#204,p.Pro89Trp,0.455914833757723,0.235169536899481,8.0,0.0831449871350616,0.292953653477956,0.6188760140374899,0.0,1.0,missense,low,89
urn:mavedb:00000013-a-1#205,p.Phe90Ala,0.811603976378254,0.123854192855594,8.0,0.0437890698232884,0.7257789766081,0.8974289761484091,0.0,4.0,missense,wt_like,90
urn:mavedb:00000013-a-1#206,p.Phe90Cys,1.08530431080475,0.0743803677138679,4.0,0.0371901838569339,1.01241288986674,1.15819573174277,1.0,4.0,missense,wt_like,90
urn:mavedb:00000013-a-1#207,p.Phe90Glu,0.594301154918862,0.2263363185468569,6.0,0.0924014151166389,0.413197709169715,0.7754046006680091,0.0,2.0,missense,possibly_low,90
urn:mavedb:00000013-a-1#208,p.Phe90Gly,0.90446501110713,0.112991006076472,8.0,0.039948353304882,0.8261676773878799,0.9827623448263808,0.0,4.0,missense,wt_like,90
urn:mavedb:00000013-a-1#209,p.Phe90His,0.651007206834956,0.1436727284195119,4.0,0.0718363642097558,0.510210520203533,0.7918038934663799,0.0,2.0,missense,possibly_low,90
urn:mavedb:00000013-a-1#210,p.Phe90Ile,1.05397778087805,0.133797733611295,3.0,0.0772481575174432,0.902574174271785,1.20538138748432,1.0,4.0,missense,wt_like,90
urn:mavedb:00000013-a-1#211,p.Phe90Lys,0.193023140500112,0.240797611491611,7.0,0.0910129423293075,0.0146410514076486,0.371405229592576,0.0,1.0,missense,low,90
urn:mavedb:00000013-a-1#212,p.Phe90Leu,1.05101444689606,0.144319844483849,7.0,0.0545477739651116,0.944102774487607,1.15792611930451,1.0,4.0,missense,wt_like,90
urn:mavedb:00000013-a-1#213,p.Lys13Pro,1.1840859183244,0.0890974645178932,8.0,0.0315007106735651,1.1223456599168,1.24582617673201,0.0,4.0,missense,wt_like,13
urn:mavedb:00000013-a-1#214,p.Phe90Met,0.907202090765505,0.327700373666259,8.0,0.115859578208389,0.680121490213061,1.1342826913179498,0.0,3.0,missense,possibly_wt_like,90
urn:mavedb:00000013-a-1#215,p.Phe90Pro,0.379119146479766,0.170311591189669,8.0,0.0602142405224432,0.261101403699345,0.497136889260187,0.0,1.0,missense,low,90
urn:mavedb:00000013-a-1#216,p.Phe90Gln,0.8320417869535699,0.270059634055498,8.0,0.0954804992827002,0.644903447133575,1.01918012677356,0.0,3.0,missense,possibly_wt_like,90
urn:mavedb:00000013-a-1#217,p.Phe90Arg,0.268502782589751,0.146488568074615,8.0,0.0517915299259337,0.166993249230693,0.37001231594881,0.0,1.0,missense,low,90
urn:mavedb:00000013-a-1#218,p.Phe90Ser,1.00697877865304,0.322846298130467,7.0,0.122024430935862,0.767815288784752,1.2461422685213202,1.0,4.0,missense,wt_like,90
urn:mavedb:00000013-a-1#219,p.Phe90Val,0.96638399826933,0.185195326502378,8.0,0.065476435606944,0.838052542643664,1.094715453895,1.0,4.0,missense,wt_like,90
urn:mavedb:00000013-a-1#220,p.Phe90Trp,0.675532636768049,0.455373691938434,7.0,0.172115077495776,0.338193283680007,1.01287198985609,0.0,2.0,missense,possibly_low,90
urn:mavedb:00000013-a-1#221,p.Phe90Ter,-0.0027676719243104,0.14130947286819,4.0,0.0706547364340949,-0.141248410672306,0.135713066823685,0.0,1.0,nonsense,low,90
urn:mavedb:00000013-a-1#222,p.Phe90Tyr,0.56944207220511,0.271907055770771,8.0,0.0961336614939905,0.381023557974924,0.757860586435297,1.0,2.0,missense,possibly_low,90
urn:mavedb:00000013-a-1#223,p.Glu91Ala,0.926546533135416,0.143908013378272,8.0,0.0508791660634303,0.8268252000876601,1.02626786618317,1.0,4.0,missense,wt_like,91
urn:mavedb:00000013-a-1#224,p.Ala3Gly,0.95555240323659,0.503089892735322,7.0,0.190150106183975,0.5828650434595319,1.32823976301365,1.0,3.0,missense,possibly_wt_like,3
urn:mavedb:00000013-a-1#225,p.Lys13Gln,1.00036493757133,0.245823716415276,5.0,0.109935708077238,0.784894909125033,1.2158349660176202,1.0,4.0,missense,wt_like,13
urn:mavedb:00000013-a-1#226,p.Glu91Asp,0.340525531912428,0.4458731407010589,7.0,0.168524206654045,0.0102241563473146,0.670826907477541,1.0,1.0,missense,low,91
urn:mavedb:00000013-a-1#227,p.Glu91Phe,0.8167553131433091,0.0911425198484302,6.0,0.0372087779166903,0.7438274485178471,0.889683177768771,0.0,4.0,missense,wt_like,91
urn:mavedb:00000013-a-1#228,p.Glu91Gly,0.8443243865212691,0.111219808662062,8.0,0.0393221404536073,0.767254407437173,0.921394365605364,1.0,4.0,missense,wt_like,91
urn:mavedb:00000013-a-1#229,p.Glu91His,1.1174443950042598,0.0789432604275256,4.0,0.0394716302137628,1.04008142137421,1.19480736863432,0.0,4.0,missense,wt_like,91
urn:mavedb:00000013-a-1#230,p.Glu91Lys,0.998900889078742,0.12367162809719,5.0,0.0553076334626778,0.8904999194217509,1.10730185873573,1.0,4.0,missense,wt_like,91
urn:mavedb:00000013-a-1#231,p.Glu91Leu,0.7294298714250401,0.324411373660712,8.0,0.114696741104766,0.504628389715584,0.9542313531344973,0.0,3.0,missense,possibly_wt_like,91
urn:mavedb:00000013-a-1#232,p.Glu91Met,0.9752815223325492,0.145342791796611,7.0,0.054934411707096,0.8676120538747449,1.08295099079035,0.0,4.0,missense,wt_like,91
urn:mavedb:00000013-a-1#233,p.Glu91Asn,0.8623341202455129,0.167144441052436,7.0,0.063174660578806,0.738514060775511,0.9861541797155152,0.0,4.0,missense,wt_like,91
urn:mavedb:00000013-a-1#234,p.Glu91Pro,0.709270284034213,0.294188742752121,7.0,0.111192893119553,0.4913362181830779,0.927204349885348,0.0,3.0,missense,possibly_wt_like,91
urn:mavedb:00000013-a-1#235,p.Glu91Gln,1.11212070560808,0.0905300644650873,6.0,0.0369587440534552,1.03968289834948,1.18455851286669,1.0,4.0,missense,wt_like,91
urn:mavedb:00000013-a-1#236,p.Lys13Arg,0.6783242046083989,0.2318263186527629,6.0,0.0946426982745211,0.492827924590646,0.8638204846261509,1.0,2.0,missense,possibly_low,13
urn:mavedb:00000013-a-1#237,p.Glu91Arg,0.803317311438538,0.180705191094192,8.0,0.0638889330091569,0.6780973037298978,0.928537319147178,0.0,3.0,missense,possibly_wt_like,91
urn:mavedb:00000013-a-1#238,p.Glu91Ser,0.697597772087328,0.356120043337181,8.0,0.125907448780084,0.4508237070930421,0.944371837081614,0.0,2.0,missense,possibly_low,91
urn:mavedb:00000013-a-1#239,p.Glu91Thr,1.04297517198033,0.217674340307966,6.0,0.0888651773085763,0.8688026249757591,1.21714771898491,0.0,4.0,missense,wt_like,91
urn:mavedb:00000013-a-1#240,p.Glu91Val,0.682882558058245,0.10568069727375,8.0,0.0373637688413957,0.6096509168024301,0.7561141993140601,1.0,2.0,missense,possibly_low,91
urn:mavedb:00000013-a-1#241,p.Glu91Trp,0.768663158007578,0.147401480353414,8.0,0.0521142931574174,0.666521020339278,0.8708052956758789,0.0,3.0,missense,possibly_wt_like,91
urn:mavedb:00000013-a-1#242,p.Glu91Tyr,0.9808453005489972,0.126672592147492,3.0,0.0731344551753021,0.837504402376446,1.12418619872155,0.0,4.0,missense,wt_like,91
urn:mavedb:00000013-a-1#243,p.Asp92Ala,1.04452681930451,0.0750546800090594,8.0,0.0265358365970961,0.99251753527456,1.09653610333446,1.0,4.0,missense,wt_like,92
urn:mavedb:00000013-a-1#244,p.Asp92Cys,0.820916678513636,0.1704206726200779,5.0,0.0762144417499462,0.671539117581916,0.970294239445357,0.0,3.0,missense,possibly_wt_like,92
urn:mavedb:00000013-a-1#245,p.Asp92=,0.9145969978208548,0.2427439744381,6.0,0.0990998125847578,0.720364934280061,1.1088290613616498,0.0,4.0,synonymous,wt_like,92
urn:mavedb:00000013-a-1#246,p.Asp92Glu,0.9819430075339828,0.205301083470202,8.0,0.0725848941533626,0.839679229171741,1.12420678589623,1.0,4.0,missense,wt_like,92
urn:mavedb:00000013-a-1#247,p.Lys13Ser,1.0464369104736,0.0817452494948956,6.0,0.0333723583598331,0.9810282900091658,1.11184553093804,0.0,4.0,missense,wt_like,13
urn:mavedb:00000013-a-1#248,p.Asp92Phe,0.6797540390882281,0.0535018225025329,5.0,0.0239267424071584,0.63285848570283,0.7266495924736249,0.0,2.0,missense,possibly_low,92
urn:mavedb:00000013-a-1#249,p.Asp92Gly,0.640134050768005,0.206794481891446,8.0,0.0731128902286999,0.496835419114123,0.783432682421887,1.0,2.0,missense,possibly_low,92
urn:mavedb:00000013-a-1#250,p.Asp92His,0.999658654254048,0.132111400103425,6.0,0.0539342532430107,0.893949460364685,1.10536784814341,1.0,4.0,missense,wt_like,92
urn:mavedb:00000013-a-1#251,p.Asp92Lys,0.470509928033672,0.4123600255714529,2.0,0.2915825703718319,-0.100981408414735,1.04200126448208,0.0,2.0,missense,possibly_low,92
urn:mavedb:00000013-a-1#252,p.Asp92Leu,0.932224533003858,0.0797161252436067,7.0,0.0301298632680374,0.873171086139388,0.9912779798683272,0.0,4.0,missense,wt_like,92
urn:mavedb:00000013-a-1#253,p.Asp92Pro,1.05306879336959,0.186224645165788,5.0,0.0832821931352961,0.8898386942709041,1.21629889246828,0.0,4.0,missense,wt_like,92
urn:mavedb:00000013-a-1#254,p.Asp92Gln,1.05252782851376,0.109266870876133,7.0,0.0412989952680648,0.971583285190668,1.1334723718368602,0.0,4.0,missense,wt_like,92
urn:mavedb:00000013-a-1#255,p.Asp92Arg,1.081705358721,0.117382469209843,8.0,0.0415009699853505,1.00036495222624,1.16304576521577,0.0,4.0,missense,wt_like,92
urn:mavedb:00000013-a-1#256,p.Asp92Ser,0.867702336533336,0.138828062971047,8.0,0.0490831323729101,0.77150116483402,0.963903508232652,0.0,4.0,missense,wt_like,92
urn:mavedb:00000013-a-1#257,p.Asp92Thr,0.896673232982054,0.3702511901539,3.0,0.213764624303134,0.477702268179176,1.3156441977849298,0.0,3.0,missense,possibly_wt_like,92
urn:mavedb:00000013-a-1#258,p.Lys13Trp,0.560495093317937,0.282939741882217,7.0,0.106941170433879,0.350894250802975,0.7700959358328999,0.0,2.0,missense,possibly_low,13
urn:mavedb:00000013-a-1#259,p.Asp92Val,0.7519593526294659,0.1725852674178649,8.0,0.061018106462033,0.6323660615590501,0.871552643699881,1.0,3.0,missense,possibly_wt_like,92
urn:mavedb:00000013-a-1#260,p.Asp92Trp,0.64090200513675,0.338197036292421,8.0,0.119570708869782,0.406547722146054,0.8752562881274458,0.0,2.0,missense,possibly_low,92
urn:mavedb:00000013-a-1#261,p.Asp92Ter,-0.0367917590001421,0.128628572320268,8.0,0.0454770678710028,-0.125925174149791,0.0523416561495071,0.0,1.0,nonsense,low,92
urn:mavedb:00000013-a-1#262,p.His93Ala,0.871823996807345,0.442693246222828,6.0,0.180728760970368,0.517602134334877,1.22604585927981,0.0,3.0,missense,possibly_wt_like,93
urn:mavedb:00000013-a-1#263,p.His93Cys,0.955873893602088,0.0959213005398675,5.0,0.0428973096994662,0.8717967115574742,1.0399510756467,0.0,4.0,missense,wt_like,93
urn:mavedb:00000013-a-1#264,p.His93Asp,0.8384288401395451,0.4340280109885921,4.0,0.217014005494296,0.413089205229947,1.2637684750491398,1.0,3.0,missense,possibly_wt_like,93
urn:mavedb:00000013-a-1#265,p.His93Glu,1.21846097755631,0.322981549743335,4.0,0.161490774871668,0.901944874972378,1.53497708014025,0.0,4.0,missense,wt_like,93
urn:mavedb:00000013-a-1#266,p.His93Phe,1.0421275174436402,0.20798377001916,3.0,0.1200794856076349,0.8067760503705841,1.2774789845166998,0.0,4.0,missense,wt_like,93
urn:mavedb:00000013-a-1#267,p.His93Gly,1.05827257915228,0.0489377996581315,8.0,0.0173021249973067,1.02436103730155,1.09218412100301,0.0,4.0,missense,wt_like,93
urn:mavedb:00000013-a-1#268,p.His93Met,0.828970168852373,0.15423342955164,4.0,0.0771167147758198,0.6778241852857191,0.980116152419028,0.0,3.0,missense,possibly_wt_like,93
urn:mavedb:00000013-a-1#269,p.Arg14Ala,1.08755153062324,0.198892957439518,8.0,0.0703192794678651,0.949728275447417,1.22537478579906,0.0,4.0,missense,wt_like,14
urn:mavedb:00000013-a-1#270,p.His93Pro,0.8898996418386659,0.401740350973279,7.0,0.1518435800421569,0.592291693672413,1.18750759000492,1.0,3.0,missense,possibly_wt_like,93
urn:mavedb:00000013-a-1#271,p.His93Arg,0.816582533433714,0.164396357370095,8.0,0.0581228895493807,0.702663763239529,0.9305013036279,1.0,3.0,missense,possibly_wt_like,93
urn:mavedb:00000013-a-1#272,p.His93Thr,0.908694282017087,0.168974244663003,7.0,0.0638662613361842,0.7835187099709431,1.03386985406323,0.0,4.0,missense,wt_like,93
urn:mavedb:00000013-a-1#273,p.His93Val,0.507832536554919,0.223671273721633,7.0,0.0845397950994996,0.3421375828995039,0.6735274902103339,0.0,1.0,missense,low,93
urn:mavedb:00000013-a-1#274,p.His93Trp,0.784530600041188,0.4357122938717921,6.0,0.177878799107248,0.435894560177748,1.1331666399046298,0.0,3.0,missense,possibly_wt_like,93
urn:mavedb:00000013-a-1#275,p.His93Ter,-0.0611522317447167,0.0893861710033832,6.0,0.0364917515032417,-0.132674750423856,0.0103702869344224,0.0,1.0,nonsense,low,93
urn:mavedb:00000013-a-1#276,p.Asn94Ala,1.08329019906648,0.2875732402339,7.0,0.108692468196562,0.870256876010453,1.29632352212251,0.0,4.0,missense,wt_like,94
urn:mavedb:00000013-a-1#277,p.Asn94Cys,0.8404361101761361,0.462380806380027,5.0,0.206782982911382,0.4351489110540661,1.24572330929821,0.0,3.0,missense,possibly_wt_like,94
urn:mavedb:00000013-a-1#278,p.Asn94Glu,0.6988700630660141,0.517674588797707,6.0,0.211339765893247,0.284651733414123,1.1130883927178998,0.0,2.0,missense,possibly_low,94
urn:mavedb:00000013-a-1#279,p.Asn94Phe,0.6876645665504101,0.272694111391512,2.0,0.192823855354578,0.309736754695276,1.06559237840554,0.0,2.0,missense,possibly_low,94
urn:mavedb:00000013-a-1#280,p.Arg14Asp,1.14287292580154,0.137503321258386,5.0,0.0614933546931484,1.02234816531442,1.2633976862886598,0.0,4.0,missense,wt_like,14
urn:mavedb:00000013-a-1#281,p.Asn94Gly,0.9212316783855732,0.2455829258575,8.0,0.0868266761087357,0.7510545203151271,1.09140883645602,0.0,4.0,missense,wt_like,94
urn:mavedb:00000013-a-1#282,p.Asn94Leu,0.8700353093043349,0.34495694568867,8.0,0.121960697756929,0.630996734171379,1.10907388443729,0.0,3.0,missense,possibly_wt_like,94
urn:mavedb:00000013-a-1#283,p.Asn94Met,1.0481056493541998,0.28238742782948,4.0,0.14119371391474,0.7713710552378571,1.32484024347054,0.0,4.0,missense,wt_like,94
urn:mavedb:00000013-a-1#284,p.Asn94=,1.06786692206168,0.0661703293524842,5.0,0.0295922709051409,1.00986713686685,1.12586670725651,0.0,4.0,synonymous,wt_like,94
urn:mavedb:00000013-a-1#285,p.Asn94Pro,0.3097466598544089,0.185836814216832,8.0,0.0657032357634134,0.180970684090375,0.4385226356184429,0.0,1.0,missense,low,94
urn:mavedb:00000013-a-1#286,p.Asn94Gln,0.906444868416454,0.163360610093361,7.0,0.0617445069044029,0.785427858640639,1.02746187819227,0.0,4.0,missense,wt_like,94
urn:mavedb:00000013-a-1#287,p.Asn94Arg,0.8739685199035441,0.244403688367458,8.0,0.0864097526958165,0.704608516706731,1.04332852310036,0.0,3.0,missense,possibly_wt_like,94
urn:mavedb:00000013-a-1#288,p.Asn94Ser,0.999681887975861,0.5062372797445779,4.0,0.2531186398722889,0.503578470010411,1.49578530594131,1.0,3.0,missense,possibly_wt_like,94
urn:mavedb:00000013-a-1#289,p.Asn94Thr,0.913412243643988,0.321471988888691,5.0,0.143766644003434,0.6316347992190661,1.19518968806891,1.0,3.0,missense,possibly_wt_like,94
urn:mavedb:00000013-a-1#290,p.Asn94Val,1.01598432716606,0.1979875694890489,6.0,0.0808280867769996,0.857564188143859,1.17440446618825,0.0,4.0,missense,wt_like,94
urn:mavedb:00000013-a-1#291,p.Arg14Glu,0.998909639665705,0.166395225803257,8.0,0.058829596261275,0.8836057497685741,1.11421352956284,0.0,4.0,missense,wt_like,14
urn:mavedb:00000013-a-1#292,p.Asn94Ter,-0.0674333384139273,0.0552530611643105,8.0,0.0195349071152995,-0.10572105280125,-0.029145624026605,0.0,1.0,nonsense,low,94
urn:mavedb:00000013-a-1#293,p.Asn94Tyr,0.906774185691233,0.192025539927044,2.0,0.135782561443421,0.64064525553353,1.17290311584894,1.0,3.0,missense,possibly_wt_like,94
urn:mavedb:00000013-a-1#294,p.Pro95Ala,0.618920578065124,0.091085006143734,8.0,0.0322034127543263,0.555803048887366,0.6820381072428809,1.0,1.0,missense,low,95
urn:mavedb:00000013-a-1#295,p.Pro95Cys,0.635511407539907,0.200311589222205,7.0,0.0757106642580114,0.4871212323486,0.783901582731213,0.0,2.0,missense,possibly_low,95
urn:mavedb:00000013-a-1#296,p.Pro95Asp,0.2923781997771469,0.1539445567607699,6.0,0.0628476021238016,0.169199163099793,0.415557236454501,0.0,1.0,missense,low,95
urn:mavedb:00000013-a-1#297,p.Pro95Glu,0.3712836899839949,0.237974043937683,2.0,0.168273060214721,0.0414745523948022,0.7010928275731879,0.0,1.0,missense,low,95
urn:mavedb:00000013-a-1#298,p.Pro95Phe,0.4221666531781629,0.109108190296325,8.0,0.0385755706207618,0.346559924078388,0.497773382277937,0.0,1.0,missense,low,95
urn:mavedb:00000013-a-1#299,p.Pro95Gly,0.507344954423279,0.215611132619562,8.0,0.0762300469873022,0.35793680778837,0.6567531010581871,0.0,1.0,missense,low,95
urn:mavedb:00000013-a-1#300,p.Pro95His,0.310153164780896,0.14599491663012,5.0,0.0652909115908727,0.182185329544997,0.4381210000167949,0.0,1.0,missense,low,95
urn:mavedb:00000013-a-1#301,p.Pro95Ile,0.514898171290292,0.1803811336052589,8.0,0.0637743613851976,0.3899027198382629,0.6398936227423211,0.0,1.0,missense,low,95
urn:mavedb:00000013-a-1#302,p.Arg14Gly,1.04631547009443,0.0721665017456275,8.0,0.025514711379422,0.996307554714829,1.0963233854740302,1.0,4.0,missense,wt_like,14
urn:mavedb:00000013-a-1#303,p.Pro95Asn,0.4204460647154191,0.171371543789902,8.0,0.0605889903581237,0.301693825753852,0.5391983036769861,0.0,1.0,missense,low,95
urn:mavedb:00000013-a-1#304,p.Pro95=,0.726520781524853,0.106254938271899,3.0,0.0613463172140077,0.606284209201228,0.8467573538484781,0.0,3.0,synonymous,possibly_wt_like,95
urn:mavedb:00000013-a-1#305,p.Pro95Gln,0.497207876839915,0.0985638284010014,4.0,0.0492819142005007,0.400617099917741,0.59379865376209,1.0,1.0,missense,low,95
urn:mavedb:00000013-a-1#306,p.Pro95Ser,0.5340209521020179,0.104674448128753,5.0,0.0468118363046335,0.4422714388947521,0.6257704653092839,1.0,1.0,missense,low,95
urn:mavedb:00000013-a-1#307,p.Pro95Thr,0.22797550022726,0.0779777566421009,2.0,0.0551386005033439,0.119905829082763,0.336045171371756,1.0,1.0,missense,low,95
urn:mavedb:00000013-a-1#308,p.Pro95Val,0.683032370336221,0.209945194819174,2.0,0.148453670934169,0.392068521932489,0.973996218739953,0.0,2.0,missense,possibly_low,95
urn:mavedb:00000013-a-1#309,p.Pro95Ter,0.0773020779883025,0.331826287555976,7.0,0.125418547906703,-0.168513758902146,0.323117914878751,0.0,1.0,nonsense,low,95
urn:mavedb:00000013-a-1#310,p.Pro95Tyr,0.405463632421508,0.245877801930825,8.0,0.0869309305442647,0.235082139412196,0.5758451254308199,0.0,1.0,missense,low,95
urn:mavedb:00000013-a-1#311,p.Pro96Asp,0.130888594121027,0.031793970356452,2.0,0.0224817320398913,0.0868252090127601,0.174951979229294,0.0,1.0,missense,low,96
urn:mavedb:00000013-a-1#312,p.Pro96Gly,0.61318072150823,0.281017919917044,7.0,0.106214790007595,0.40500355846786,0.8213578845486009,0.0,2.0,missense,possibly_low,96
urn:mavedb:00000013-a-1#313,p.Arg14Ile,0.664439691750284,0.348515089504688,3.0,0.201215280742178,0.2700649883565,1.0588143951440698,0.0,2.0,missense,possibly_low,14
urn:mavedb:00000013-a-1#314,p.Pro96Leu,0.48163979406367,0.21792055413965,3.0,0.12581649059448,0.235044003837268,0.7282355842900721,1.0,2.0,missense,possibly_low,96
urn:mavedb:00000013-a-1#315,p.Gln97Glu,0.91612317066471,0.302159318873998,4.0,0.151079659436999,0.620012479371615,1.21223386195781,1.0,3.0,missense,possibly_wt_like,97
urn:mavedb:00000013-a-1#316,p.Gln97Val,0.7615296212709741,0.174703956291453,6.0,0.0713225914932593,0.6217399106601229,0.9013193318818248,0.0,3.0,missense,possibly_wt_like,97
urn:mavedb:00000013-a-1#317,p.Leu98Ala,0.175951772658162,0.188425652998984,4.0,0.0942128264994921,-0.0087019741625627,0.3606055194788879,0.0,1.0,missense,low,98
urn:mavedb:00000013-a-1#318,p.Leu98Glu,0.166482549478484,0.126954790632454,8.0,0.0448852966801632,0.0785089845499685,0.254456114406999,0.0,1.0,missense,low,98
urn:mavedb:00000013-a-1#319,p.Leu98Gly,0.138374053908411,0.0737306545262182,8.0,0.0260677228984058,0.0872822558685657,0.189465851948256,0.0,1.0,missense,low,98
urn:mavedb:00000013-a-1#320,p.Leu98His,0.653365063915037,0.578498130636759,2.0,0.409059951076993,-0.148377707713586,1.45510783554366,0.0,2.0,missense,possibly_low,98
urn:mavedb:00000013-a-1#321,p.Leu98Lys,0.0163249839117523,0.14171003344331,2.0,0.100204125609937,-0.180071493386051,0.212721461209556,0.0,1.0,missense,low,98
urn:mavedb:00000013-a-1#322,p.Leu98=,1.06633330502248,0.294961804106914,5.0,0.131910928949807,0.8077926351136311,1.32487397493132,0.0,4.0,synonymous,wt_like,98
urn:mavedb:00000013-a-1#323,p.Leu98Pro,0.508049774490783,0.31675154673493,2.0,0.2239771666475969,0.0690625945021673,0.947036954479398,1.0,2.0,missense,possibly_low,98
urn:mavedb:00000013-a-1#324,p.Arg14Lys,0.609680597685592,0.526533616742199,4.0,0.263266808371099,0.0936871349534298,1.12567406041775,1.0,2.0,missense,possibly_low,14
urn:mavedb:00000013-a-1#325,p.Leu98Arg,0.210472803643321,0.127535866039015,7.0,0.0482040263972117,0.115994647994968,0.304950959291674,1.0,1.0,missense,low,98
urn:mavedb:00000013-a-1#326,p.Leu98Val,0.6844674962302031,0.322761928712505,8.0,0.114113574250731,0.460809000551634,0.9081259919087727,1.0,2.0,missense,possibly_low,98
urn:mavedb:00000013-a-1#327,p.Leu98Ter,-0.0293599273406699,0.0346410456403969,5.0,0.01549194657272,-0.0597235846736199,0.00100372999228,0.0,1.0,nonsense,low,98
urn:mavedb:00000013-a-1#328,p.Leu98Tyr,0.3697838247655009,0.46165957723751,6.0,0.188471733183483,0.0003860156220314,0.739181633908971,0.0,2.0,missense,possibly_low,98
urn:mavedb:00000013-a-1#329,p.Leu100Pro,0.100788344822993,0.0602206531556075,3.0,0.0347684103101651,0.0326435128153584,0.168933176830628,1.0,1.0,missense,low,100
urn:mavedb:00000013-a-1#330,p.Lys102Glu,0.889900833093857,0.306543394485179,2.0,0.216758912968413,0.465061170347716,1.31474049584,1.0,3.0,missense,possibly_wt_like,102
urn:mavedb:00000013-a-1#331,p.Pro103Ala,0.7312099020396251,0.39867966661721,6.0,0.162760292339179,0.412205590941624,1.05021421313763,1.0,3.0,missense,possibly_wt_like,103
urn:mavedb:00000013-a-1#332,p.Pro103Phe,0.4767549525872379,1.05534765196959,2.0,0.7462434812170009,-0.985855394295875,1.93936529947035,0.0,2.0,missense,possibly_low,103
urn:mavedb:00000013-a-1#333,p.Pro103Lys,0.9218225730624828,0.3369034586165269,7.0,0.127337538190981,0.672245584328166,1.1713995617968,0.0,3.0,missense,possibly_wt_like,103
urn:mavedb:00000013-a-1#334,p.Pro103=,0.7132201662411021,0.3376641174920251,5.0,0.151007984054929,0.4172499561154429,1.00919037636676,0.0,3.0,synonymous,possibly_wt_like,103
urn:mavedb:00000013-a-1#335,p.Ala3Thr,1.01743303014216,0.487006408676281,6.0,0.1988195337870369,0.6277539044965239,1.4071121557878,1.0,3.0,missense,possibly_wt_like,3
urn:mavedb:00000013-a-1#336,p.Arg14Met,1.1524933002779298,0.154291697742133,5.0,0.0690013449030518,1.01725314938313,1.28773345117274,1.0,4.0,missense,wt_like,14
urn:mavedb:00000013-a-1#337,p.Pro103Arg,0.638751662613906,0.509238268904015,6.0,0.2078956527188409,0.231283670742531,1.04621965448528,1.0,2.0,missense,possibly_low,103
urn:mavedb:00000013-a-1#338,p.Pro103Thr,0.847424420808465,0.319659693687652,2.0,0.226033537078553,0.4044068288363029,1.2904420127806298,1.0,3.0,missense,possibly_wt_like,103
urn:mavedb:00000013-a-1#339,p.Pro103Val,0.683752900776068,0.549738552022122,6.0,0.224429824065111,0.24387852855179,1.1236272730003505,0.0,2.0,missense,possibly_low,103
urn:mavedb:00000013-a-1#340,p.Phe104Ala,0.37750254671261,0.127453557146123,4.0,0.0637267785730613,0.252600355858651,0.502404737566569,0.0,1.0,missense,low,104
urn:mavedb:00000013-a-1#341,p.Phe104Cys,0.524930721719452,0.130661642567775,6.0,0.0533423922074945,0.420381554143553,0.629479889295351,1.0,1.0,missense,low,104
urn:mavedb:00000013-a-1#342,p.Phe104Asp,0.184034913801665,0.1075285242838719,5.0,0.0480882179637951,0.0897837385119143,0.278286089091415,0.0,1.0,missense,low,104
urn:mavedb:00000013-a-1#343,p.Phe104Glu,0.182214570730232,0.173715303420013,3.0,0.100294577191902,-0.0143591884105687,0.378788329871032,0.0,1.0,missense,low,104
urn:mavedb:00000013-a-1#344,p.Phe104Gly,0.182751289636521,0.141332825987119,7.0,0.0534187870931262,0.0780523908361805,0.287450188436861,0.0,1.0,missense,low,104
urn:mavedb:00000013-a-1#345,p.Phe104Leu,0.38606234691575,0.0841949249185034,5.0,0.0376531150956529,0.3122635974225289,0.4598610964089711,1.0,1.0,missense,low,104
urn:mavedb:00000013-a-1#346,p.Phe104Asn,0.0458387187329455,0.119493390425608,5.0,0.0534390687707164,-0.0588999314250178,0.150577368890909,0.0,1.0,missense,low,104
urn:mavedb:00000013-a-1#347,p.Arg14Asn,1.09555841013013,0.108149508598695,5.0,0.0483659305919762,1.00076292809109,1.19035389216916,0.0,4.0,missense,wt_like,14
urn:mavedb:00000013-a-1#348,p.Phe104Pro,0.262087372215374,0.6472317485471079,3.0,0.373679424251745,-0.470310841081709,0.994485585512458,0.0,2.0,missense,possibly_low,104
urn:mavedb:00000013-a-1#349,p.Phe104Gln,0.101541952390692,0.0224450158723997,2.0,0.0158710229272135,0.0704353190555439,0.1326485857258399,0.0,1.0,missense,low,104
urn:mavedb:00000013-a-1#350,p.Phe104Arg,0.338176263308374,0.292162077846497,8.0,0.103294893225405,0.13572199279967,0.5406305338170779,0.0,1.0,missense,low,104
urn:mavedb:00000013-a-1#351,p.Phe104Ser,0.30105802053192,0.305298133876414,6.0,0.124637441236854,0.0567731245824599,0.5453429164813811,1.0,1.0,missense,low,104
urn:mavedb:00000013-a-1#352,p.Phe104Thr,0.239540411274567,0.0839619665982567,5.0,0.0375489329676537,0.165945855000057,0.313134967549077,0.0,1.0,missense,low,104
urn:mavedb:00000013-a-1#353,p.Phe104Val,0.33099407769285,0.13746660794785,7.0,0.0519574940293752,0.22915926066832,0.432828894717381,1.0,1.0,missense,low,104
urn:mavedb:00000013-a-1#354,p.Phe104Ter,0.0074353772452659,0.129722657426467,4.0,0.0648613287132334,-0.119690491022085,0.134561245512617,0.0,1.0,nonsense,low,104
urn:mavedb:00000013-a-1#355,p.Phe104Tyr,0.8737826999779921,0.376042767172671,3.0,0.217108392853954,0.44825806924287,1.2993073307131102,1.0,3.0,missense,possibly_wt_like,104
urn:mavedb:00000013-a-1#356,p.Cys105Asp,0.190625318665553,0.104211302614481,2.0,0.0736885187549827,0.0461984758316829,0.335052161499424,0.0,1.0,missense,low,105
urn:mavedb:00000013-a-1#357,p.Cys105Glu,0.0867387093602206,0.3871820598761021,3.0,0.223539666494862,-0.351390986085803,0.524868404806244,0.0,1.0,missense,low,105
urn:mavedb:00000013-a-1#358,p.Arg14Pro,0.7926256081214051,0.381693588782281,7.0,0.144266616135095,0.509868236325153,1.07538297991766,0.0,3.0,missense,possibly_wt_like,14
urn:mavedb:00000013-a-1#359,p.Cys105Gly,0.246432436944624,0.131497921822365,7.0,0.0497015427233988,0.149019203230684,0.343845670658565,1.0,1.0,missense,low,105
urn:mavedb:00000013-a-1#360,p.Cys105Leu,0.297951167291114,0.218646874537252,4.0,0.109323437268626,0.083681167578484,0.512221167003745,0.0,1.0,missense,low,105
urn:mavedb:00000013-a-1#361,p.Cys105Asn,0.159924237309272,0.1937288623741,3.0,0.111849410841487,-0.0592965796320658,0.37914505425061,0.0,1.0,missense,low,105
urn:mavedb:00000013-a-1#362,p.Cys105Gln,0.1069348378081859,0.0653932145576999,2.0,0.0462399854573364,0.0163061316661509,0.197563543950221,0.0,1.0,missense,low,105
urn:mavedb:00000013-a-1#363,p.Cys105Arg,0.102351191791716,0.182281014806094,6.0,0.0744159126786058,-0.0435013169350291,0.248203700518461,1.0,1.0,missense,low,105
urn:mavedb:00000013-a-1#364,p.Cys105Ser,0.2797390624117619,0.119621614628105,6.0,0.0488353196744508,0.184023594676338,0.3754545301471861,1.0,1.0,missense,low,105
urn:mavedb:00000013-a-1#365,p.Cys105Val,1.08993402720699,0.38521483120078,4.0,0.19260741560039,0.7124304294748829,1.46743762493909,0.0,4.0,missense,wt_like,105
urn:mavedb:00000013-a-1#366,p.Cys105Trp,0.146715646930919,0.0903751966096592,7.0,0.0341586135596752,0.0797659945921342,0.213665299269704,1.0,1.0,missense,low,105
urn:mavedb:00000013-a-1#367,p.Glu106Ala,0.5760712255841971,0.202809827194616,8.0,0.0717041020502922,0.43553376802184,0.7166086831465551,1.0,2.0,missense,possibly_low,106
urn:mavedb:00000013-a-1#368,p.Glu106Asp,0.7953468501700041,0.40192971105285,6.0,0.1640871174239599,0.4737420096920471,1.11695169064796,1.0,3.0,missense,possibly_wt_like,106
urn:mavedb:00000013-a-1#369,p.Arg14Gln,1.24720707903683,0.137766913761537,3.0,0.0795397647456475,1.09131200479657,1.4031021532770902,0.0,4.0,missense,wt_like,14
urn:mavedb:00000013-a-1#370,p.Glu106=,0.8241679583192241,0.462839980391681,5.0,0.206988331772094,0.4184782828258921,1.22985763381256,0.0,3.0,synonymous,possibly_wt_like,106
urn:mavedb:00000013-a-1#371,p.Glu106Phe,0.600994570448247,0.192740804042935,8.0,0.0681441647750534,0.467434461732579,0.734554679163914,0.0,2.0,missense,possibly_low,106
urn:mavedb:00000013-a-1#372,p.Glu106Gly,0.414662940005603,0.14823680764095,8.0,0.0524096259521809,0.311941960696113,0.517383919315094,1.0,1.0,missense,low,106
urn:mavedb:00000013-a-1#373,p.Glu106Ile,0.781612064887018,0.268902775885811,7.0,0.101635695978399,0.582409761225693,0.980814368548342,0.0,3.0,missense,possibly_wt_like,106
urn:mavedb:00000013-a-1#374,p.Glu106Lys,0.80973381922875,0.215966151003372,7.0,0.0816275324518208,0.649746795476307,0.9697208429811932,1.0,3.0,missense,possibly_wt_like,106
urn:mavedb:00000013-a-1#375,p.Glu106Leu,0.97952614869448,0.112929791658173,8.0,0.039926710739739,0.901271233623443,1.05778106376552,0.0,4.0,missense,wt_like,106
urn:mavedb:00000013-a-1#376,p.Glu106Met,1.00209708800766,0.1481017625032699,6.0,0.0604622913566449,0.883593174525869,1.12060100148945,0.0,4.0,missense,wt_like,106
urn:mavedb:00000013-a-1#377,p.Glu106Asn,1.00974122732354,0.306298897967844,8.0,0.108293013911514,0.797490820279672,1.2219916343674,0.0,4.0,missense,wt_like,106
urn:mavedb:00000013-a-1#378,p.Glu106Pro,0.20146307723063,0.121639827392775,8.0,0.0430061734058963,0.117172526242189,0.285753628219071,0.0,1.0,missense,low,106
urn:mavedb:00000013-a-1#379,p.Glu106Gln,1.02858396424922,0.146671175758597,4.0,0.0733355878792983,0.8848488532207249,1.17231907527772,1.0,4.0,missense,wt_like,106
urn:mavedb:00000013-a-1#380,p.Arg14=,1.1552153345756102,0.126069273103981,3.0,0.0727861287631238,1.0125571436258,1.29787352552543,0.0,4.0,synonymous,wt_like,14
urn:mavedb:00000013-a-1#381,p.Glu106Arg,0.613472010659015,0.126063889758682,8.0,0.0445703156555587,0.526115797194539,0.7008282241234921,0.0,1.0,missense,low,106
urn:mavedb:00000013-a-1#382,p.Glu106Ser,0.727250819895505,0.14429494111353,8.0,0.0510159656761452,0.627261364533729,0.8272402752572809,0.0,3.0,missense,possibly_wt_like,106
urn:mavedb:00000013-a-1#383,p.Glu106Thr,0.7101230261421201,0.197690128169381,7.0,0.0747198451126667,0.5636748207908822,0.8565712314933579,0.0,3.0,missense,possibly_wt_like,106
urn:mavedb:00000013-a-1#384,p.Glu106Val,0.859760423013728,0.195975378089171,8.0,0.0692877593962252,0.72395891002765,0.995561935999807,1.0,4.0,missense,wt_like,106
urn:mavedb:00000013-a-1#385,p.Glu106Trp,0.499426917693719,0.0646697283842652,6.0,0.0264013060576386,0.447681308675928,0.55117252671151,0.0,1.0,missense,low,106
urn:mavedb:00000013-a-1#386,p.Glu106Tyr,0.4522863393685671,0.1880338569676689,4.0,0.0940169284838343,0.2680165456031739,0.63655613313396,0.0,1.0,missense,low,106
urn:mavedb:00000013-a-1#387,p.Asp107Ala,0.266977275853626,0.15108160105002,7.0,0.0571034777222612,0.155056516126009,0.3788980355812429,1.0,1.0,missense,low,107
urn:mavedb:00000013-a-1#388,p.Asp107Cys,0.159687733687079,0.1477587117000109,5.0,0.0660797047258037,0.0301738923154622,0.289201575058695,0.0,1.0,missense,low,107
urn:mavedb:00000013-a-1#389,p.Asp107Glu,0.403311093554165,0.228533985469278,6.0,0.093298608880726,0.220449180340254,0.586173006768077,1.0,1.0,missense,low,107
urn:mavedb:00000013-a-1#390,p.Asp107Gly,0.382168132728391,0.17522484910856,7.0,0.0662287677514383,0.252362133195104,0.511974132261678,1.0,1.0,missense,low,107
urn:mavedb:00000013-a-1#391,p.Arg14Ser,0.5829481901647049,0.4368445258832511,5.0,0.195362811094723,0.200044116500545,0.965852263828864,1.0,2.0,missense,possibly_low,14
urn:mavedb:00000013-a-1#392,p.Asp107Lys,0.0954194790934323,0.117963222385363,2.0,0.083412594479307,-0.0680662019430538,0.258905160129918,0.0,1.0,missense,low,107
urn:mavedb:00000013-a-1#393,p.Asp107Met,0.185168841615662,0.194409194834141,8.0,0.0687340299961188,0.0504526183109737,0.319885064920351,0.0,1.0,missense,low,107
urn:mavedb:00000013-a-1#394,p.Asp107Asn,0.544114521505521,0.1303425928418219,4.0,0.0651712964209109,0.416381127694752,0.671847915316291,1.0,1.0,missense,low,107
urn:mavedb:00000013-a-1#395,p.Asp107Pro,0.196410166377694,0.083825642703389,5.0,0.0374879670684774,0.122935101069855,0.269885231685533,0.0,1.0,missense,low,107
urn:mavedb:00000013-a-1#396,p.Asp107Ser,0.563997268640883,0.285001419276726,4.0,0.142500709638363,0.284701009978292,0.843293527303475,0.0,2.0,missense,possibly_low,107
urn:mavedb:00000013-a-1#397,p.Asp107Thr,0.447517877019057,0.362304580850704,7.0,0.136938259970065,0.179123819372146,0.7159119346659679,0.0,2.0,missense,possibly_low,107
urn:mavedb:00000013-a-1#398,p.Asp107Val,0.172984054918225,0.121182475172257,8.0,0.0428444749776365,0.0890104270255299,0.25695768281092,1.0,1.0,missense,low,107
urn:mavedb:00000013-a-1#399,p.Asp107Trp,0.269467450809131,0.231111964883766,4.0,0.115555982441883,0.042981887024897,0.495953014593364,0.0,1.0,missense,low,107
urn:mavedb:00000013-a-1#400,p.Asp107Ter,0.0131740896586198,0.15554761601328,3.0,0.0898054579770717,-0.162841373591566,0.189189552908806,0.0,1.0,nonsense,low,107
urn:mavedb:00000013-a-1#401,p.Asp107Tyr,0.267447089159155,0.0472775061463586,4.0,0.0236387530731793,0.221115984496288,0.313778193822022,1.0,1.0,missense,low,107
urn:mavedb:00000013-a-1#402,p.Arg14Thr,0.962285443245407,0.238066731038653,8.0,0.0841692999461729,0.79731664674696,1.12725423974386,1.0,4.0,missense,wt_like,14
urn:mavedb:00000013-a-1#403,p.Leu108Ala,0.266124260083495,0.144843366307738,8.0,0.0512098632630444,0.165754772434708,0.3664937477322829,0.0,1.0,missense,low,108
urn:mavedb:00000013-a-1#404,p.Leu108Cys,0.697249752686594,0.4177626982257589,3.0,0.241195406278026,0.224515443145156,1.16998406222803,0.0,2.0,missense,possibly_low,108
urn:mavedb:00000013-a-1#405,p.Leu108Asp,0.124295597747836,0.201673996365806,2.0,0.142605050419253,-0.155205165087418,0.4037963605830901,0.0,1.0,missense,low,108
urn:mavedb:00000013-a-1#406,p.Leu108Glu,0.269458986683135,0.243938818173879,8.0,0.0862453962626911,0.100421116175875,0.438496857190395,0.0,1.0,missense,low,108
urn:mavedb:00000013-a-1#407,p.Leu108Phe,-0.12385638896582,0.317509558220994,2.0,0.224513161709609,-0.563894099971871,0.316181322040232,1.0,1.0,missense,low,108
urn:mavedb:00000013-a-1#408,p.Leu108Gly,0.1965608404490389,0.105872047307283,8.0,0.0374314212945413,0.123196602821593,0.269925078076486,0.0,1.0,missense,low,108
urn:mavedb:00000013-a-1#409,p.Leu108His,0.404526989643471,0.348487631604669,8.0,0.12320898373365,0.1630418189537349,0.6460121603332071,1.0,1.0,missense,low,108
urn:mavedb:00000013-a-1#410,p.Leu108Ile,0.755166517542713,0.3737339893258009,6.0,0.152576262230498,0.456122538675198,1.05421049641023,1.0,3.0,missense,possibly_wt_like,108
urn:mavedb:00000013-a-1#411,p.Leu108=,1.12707895831195,0.224822626419253,7.0,0.0849749655151033,0.960531086314815,1.29362683030909,0.0,4.0,synonymous,wt_like,108
urn:mavedb:00000013-a-1#412,p.Leu108Met,0.795890687814713,0.4828702763133211,5.0,0.215946152430138,0.372644006451645,1.21913736917778,0.0,3.0,missense,possibly_wt_like,108
urn:mavedb:00000013-a-1#413,p.Arg14Val,0.867650334177895,0.1240593256506819,8.0,0.0438615952185137,0.781683187245134,0.9536174811106558,0.0,4.0,missense,wt_like,14
urn:mavedb:00000013-a-1#414,p.Leu108Pro,0.128543874392062,0.165674435041931,7.0,0.0626190505317247,0.0058127906037875,0.251274958180336,1.0,1.0,missense,low,108
urn:mavedb:00000013-a-1#415,p.Leu108Gln,0.1768945996895179,0.130646168290441,4.0,0.0653230841452204,0.0488637074058067,0.304925491973229,0.0,1.0,missense,low,108
urn:mavedb:00000013-a-1#416,p.Leu108Arg,0.131785989754922,0.0663045927622782,8.0,0.0234422135830097,0.0858400954143272,0.177731884095516,1.0,1.0,missense,low,108
urn:mavedb:00000013-a-1#417,p.Leu108Ser,0.12896946267338,0.157805889048547,6.0,0.0644239844291993,0.0027007734515806,0.25523815189518,0.0,1.0,missense,low,108
urn:mavedb:00000013-a-1#418,p.Leu108Thr,0.282105301519354,0.195205663518265,7.0,0.0737808057400977,0.137497579518416,0.426713023520291,0.0,1.0,missense,low,108
urn:mavedb:00000013-a-1#419,p.Leu108Val,1.05074409081641,0.161760746736979,5.0,0.0723416051590023,0.908957150120945,1.1925310315118702,1.0,4.0,missense,wt_like,108
urn:mavedb:00000013-a-1#420,p.Leu108Trp,0.188370114395472,0.148718394436513,7.0,0.0562102695799748,0.0782000104574338,0.29854021833351,0.0,1.0,missense,low,108
urn:mavedb:00000013-a-1#421,p.Asp109Ala,0.870045122662822,0.108964661233161,8.0,0.0385248254338314,0.7945378523018191,0.945552393023824,1.0,4.0,missense,wt_like,109
urn:mavedb:00000013-a-1#422,p.Asp109Cys,0.683809018689838,0.33828496582297,3.0,0.195308916080695,0.30101057731212,1.06660746006756,0.0,2.0,missense,possibly_low,109
urn:mavedb:00000013-a-1#423,p.Asp109=,1.24949195804827,0.0654439416334761,4.0,0.032721970816738,1.18535807374429,1.31362584235224,0.0,4.0,synonymous,wt_like,109
urn:mavedb:00000013-a-1#424,p.Arg14Ter,0.37155465755546,0.27511325972063,2.0,0.194534451542793,-0.0097258612206667,0.752835176331587,0.0,2.0,nonsense,possibly_low,14
urn:mavedb:00000013-a-1#425,p.Asp109Gly,0.7202755400554821,0.228462746343023,8.0,0.0807737785938269,0.561961843116369,0.878589236994596,1.0,3.0,missense,possibly_wt_like,109
urn:mavedb:00000013-a-1#426,p.Asp109Lys,0.8421970622368009,0.21809030074804,8.0,0.0771065652849763,0.6910709713066611,0.993323153166941,0.0,3.0,missense,possibly_wt_like,109
urn:mavedb:00000013-a-1#427,p.Asp109Leu,0.458467562601735,0.304247688512262,6.0,0.124208598712713,0.21502318255463,0.701911942648841,0.0,1.0,missense,low,109
urn:mavedb:00000013-a-1#428,p.Asp109Met,0.6525384180484101,0.143356495281563,4.0,0.0716782476407817,0.5120516341975341,0.793025201899285,0.0,2.0,missense,possibly_low,109
urn:mavedb:00000013-a-1#429,p.Asp109Arg,0.724096564632884,0.119229790054463,8.0,0.0421540965334795,0.641476053626439,0.806717075639328,0.0,3.0,missense,possibly_wt_like,109
urn:mavedb:00000013-a-1#430,p.Asp109Ser,0.8041259941556379,0.196242149466036,8.0,0.0693820773210289,0.668139621433849,0.940112366877428,0.0,3.0,missense,possibly_wt_like,109
urn:mavedb:00000013-a-1#431,p.Asp109Thr,0.809855645955995,0.196460787252227,7.0,0.0742551979207659,0.6643181323664,0.9553931595455892,0.0,3.0,missense,possibly_wt_like,109
urn:mavedb:00000013-a-1#432,p.Asp109Val,0.6545902356243759,0.197705915545614,4.0,0.0988529577728072,0.4608419986244149,0.848338472624337,1.0,2.0,missense,possibly_low,109
urn:mavedb:00000013-a-1#433,p.Asp109Trp,0.499961385940835,0.168492814844283,7.0,0.0636842979684608,0.375142455541935,0.624780316339736,0.0,1.0,missense,low,109
urn:mavedb:00000013-a-1#434,p.Gln110Cys,0.826964608966108,0.237837036698363,4.0,0.118918518349182,0.5938885959068461,1.06004062202537,0.0,3.0,missense,possibly_wt_like,110
urn:mavedb:00000013-a-1#435,p.Arg14Tyr,1.1073722558994,0.226517383321701,7.0,0.0856155234146158,0.93956891348921,1.2751755983096,0.0,4.0,missense,wt_like,14
urn:mavedb:00000013-a-1#436,p.Gln110Asp,1.00250395293723,0.2358767952819489,4.0,0.117938397640974,0.771348941166559,1.23365896470791,0.0,4.0,missense,wt_like,110
urn:mavedb:00000013-a-1#437,p.Gln110Glu,1.1018141916477902,0.147885474725188,7.0,0.0558954555202252,0.992261111928693,1.2113672713669,1.0,4.0,missense,wt_like,110
urn:mavedb:00000013-a-1#438,p.Gln110Gly,0.8506759352752359,0.1693423499552349,8.0,0.0598715619977059,0.7333298300615759,0.968022040488897,0.0,4.0,missense,wt_like,110
urn:mavedb:00000013-a-1#439,p.Gln110Leu,1.06370527624072,0.157652972380065,4.0,0.0788264861900326,0.909208202280407,1.2182023502010202,1.0,4.0,missense,wt_like,110
urn:mavedb:00000013-a-1#440,p.Gln110Pro,0.259256281005651,0.177808694560399,4.0,0.0889043472801997,0.0850069622674179,0.433505599743884,1.0,1.0,missense,low,110
urn:mavedb:00000013-a-1#441,p.Gln110Arg,0.6958808843287989,0.4947770311276861,6.0,0.201991877118663,0.299984080006579,1.09177768865102,1.0,2.0,missense,possibly_low,110
urn:mavedb:00000013-a-1#442,p.Gln110Thr,0.975204922879565,0.429519624333464,5.0,0.19208701553596,0.598721290531298,1.3516885552278302,0.0,3.0,missense,possibly_wt_like,110
urn:mavedb:00000013-a-1#443,p.Gln110Val,0.8310255386920021,0.198693107212765,6.0,0.0811161213465645,0.6720408622871551,0.9900102150968492,0.0,3.0,missense,possibly_wt_like,110
urn:mavedb:00000013-a-1#444,p.Gln110Ter,-0.0124152058320438,0.155587682511759,6.0,0.06351840540266,-0.136908992776672,0.112078581112584,1.0,1.0,nonsense,low,110
urn:mavedb:00000013-a-1#445,p.Trp111Met,0.399702652722651,0.133735091232308,4.0,0.0668675456161539,0.2686446715804,0.530760633864902,0.0,1.0,missense,low,111
urn:mavedb:00000013-a-1#446,p.Ala3Val,1.0807058044788,0.20339927365395,4.0,0.101699636826975,0.881378179057128,1.28003342990048,1.0,4.0,missense,wt_like,3
urn:mavedb:00000013-a-1#447,p.Arg15Ala,0.946110631684811,0.139354332427911,8.0,0.0492691967237503,0.8495447805590419,1.04267648281058,0.0,4.0,missense,wt_like,15
urn:mavedb:00000013-a-1#448,p.Trp111Asn,0.247819817710795,0.464185947830262,7.0,0.175445797149954,-0.0960476259420339,0.591687261363624,0.0,1.0,missense,low,111
urn:mavedb:00000013-a-1#449,p.Trp111Pro,0.131891327935185,0.143200266213909,3.0,0.0826767122466263,-0.0301520504283838,0.293934706298754,0.0,1.0,missense,low,111
urn:mavedb:00000013-a-1#450,p.Trp111Arg,0.0902285899380708,0.0669107654233833,2.0,0.0473130559652567,-0.0025032957523603,0.182960475628502,1.0,1.0,missense,low,111
urn:mavedb:00000013-a-1#451,p.Trp111Thr,0.114573697178337,0.224551725611127,7.0,0.0848725746339221,-0.0517734923793376,0.2809208867360119,0.0,1.0,missense,low,111
urn:mavedb:00000013-a-1#452,p.Trp111Ter,-0.0813519371279471,0.0207163524575233,3.0,0.0119605916679783,-0.104794266030974,-0.0579096082249199,1.0,1.0,nonsense,low,111
urn:mavedb:00000013-a-1#453,p.Leu112Ala,0.281597277601548,0.0790134563298454,6.0,0.0322571084703005,0.218374506754357,0.344820048448738,0.0,1.0,missense,low,112
urn:mavedb:00000013-a-1#454,p.Leu112Asp,0.0838003680505958,0.0936773201895807,5.0,0.0418937711787832,0.0016900853636186,0.165910650737573,0.0,1.0,missense,low,112
urn:mavedb:00000013-a-1#455,p.Leu112Glu,0.17450842837844,0.1384740745612699,4.0,0.0692370372806349,0.0388063289121384,0.310210527844742,0.0,1.0,missense,low,112
urn:mavedb:00000013-a-1#456,p.Leu112Phe,0.5781122777862551,0.172655384854079,6.0,0.0704862657060583,0.43996173559766,0.71626281997485,0.0,2.0,missense,possibly_low,112
urn:mavedb:00000013-a-1#457,p.Leu112Gly,0.1898079519684789,0.143472281177646,8.0,0.0507251114665083,0.0903885603823427,0.289227343554615,0.0,1.0,missense,low,112
urn:mavedb:00000013-a-1#458,p.Arg15Cys,0.955462373394813,0.327644537734499,7.0,0.123837995039172,0.712744363200386,1.19818038358924,0.0,4.0,missense,wt_like,15
urn:mavedb:00000013-a-1#459,p.Leu112His,0.196853072950676,0.158693923499005,3.0,0.0916219794509086,0.0172772930346259,0.3764288528667249,0.0,1.0,missense,low,112
urn:mavedb:00000013-a-1#460,p.Leu112Ile,0.578993199705311,0.0901611595188058,7.0,0.0340777151434263,0.512202105348781,0.645784294061842,1.0,1.0,missense,low,112
urn:mavedb:00000013-a-1#461,p.Leu112=,0.8275065597977931,0.324444030935644,8.0,0.114708287195046,0.602682448167226,1.05233067142836,0.0,3.0,synonymous,possibly_wt_like,112
urn:mavedb:00000013-a-1#462,p.Leu112Pro,0.0804188827847682,0.107496256852601,7.0,0.0406297660717579,0.0007860045838352,0.1600517609857009,1.0,1.0,missense,low,112
urn:mavedb:00000013-a-1#463,p.Leu112Arg,0.113027107957011,0.205860966757968,6.0,0.0840423877521785,-0.0516929452120085,0.277747161126032,1.0,1.0,missense,low,112
urn:mavedb:00000013-a-1#464,p.Leu112Ser,0.141238217537745,0.185497983213486,7.0,0.0701116474695596,0.0038219136006391,0.27865452147485,0.0,1.0,missense,low,112
urn:mavedb:00000013-a-1#465,p.Leu112Val,0.433234323783797,0.120015684663741,7.0,0.0453616650067724,0.344327094091753,0.522141553475842,1.0,1.0,missense,low,112
urn:mavedb:00000013-a-1#466,p.Leu112Trp,-0.124902720151379,0.259192365609596,2.0,0.183276679354329,-0.484118410891958,0.234312970589201,0.0,1.0,missense,low,112
urn:mavedb:00000013-a-1#467,p.Leu112Ter,-0.0224174373215642,0.0526003011393948,5.0,0.0235235697969293,-0.0685227869113598,0.0236879122682315,0.0,1.0,nonsense,low,112
urn:mavedb:00000013-a-1#468,p.Leu112Tyr,0.0845430865877308,0.0465925952922668,3.0,0.0269002474342336,0.0318195704414171,0.137266602734045,0.0,1.0,missense,low,112
urn:mavedb:00000013-a-1#469,p.Arg15Asp,1.07312997984404,0.0941576727645704,8.0,0.0332897644562858,1.0078832404559,1.13837671923219,0.0,4.0,missense,wt_like,15
urn:mavedb:00000013-a-1#470,p.Glu114Ala,0.5082376784696739,0.579069287317978,4.0,0.289534643658989,-0.0592397953785817,1.07571515231793,1.0,2.0,missense,possibly_low,114
urn:mavedb:00000013-a-1#471,p.Glu114Asp,0.7229637277434809,0.343747701811332,3.0,0.198462828174088,0.3339837322523089,1.11194372323465,1.0,3.0,missense,possibly_wt_like,114
urn:mavedb:00000013-a-1#472,p.Glu114=,1.00998542700111,0.209268577937377,6.0,0.0854335391907379,0.8425387671154759,1.17743208688675,0.0,4.0,synonymous,wt_like,114
urn:mavedb:00000013-a-1#473,p.Glu114Phe,0.7146625416098771,0.201213858166626,3.0,0.116170875177185,0.486971810210097,0.942353273009658,0.0,3.0,missense,possibly_wt_like,114
urn:mavedb:00000013-a-1#474,p.Glu114Gly,0.940457481772768,0.13882753821892,8.0,0.0490829468450165,0.8442566737014421,1.03665828984409,1.0,4.0,missense,wt_like,114
urn:mavedb:00000013-a-1#475,p.Glu114Ile,0.864034853692661,0.132093099223811,4.0,0.0660465496119056,0.7345859951501881,0.993483712235134,0.0,4.0,missense,wt_like,114
urn:mavedb:00000013-a-1#476,p.Glu114Leu,0.7078797073662041,0.275382515264581,6.0,0.112424441080404,0.487531851866567,0.92822756286584,0.0,3.0,missense,possibly_wt_like,114
urn:mavedb:00000013-a-1#477,p.Glu114Met,0.6181360324316479,0.5343735064788779,6.0,0.218157070489182,0.190556031300085,1.04571603356321,0.0,2.0,missense,possibly_low,114
urn:mavedb:00000013-a-1#478,p.Glu114Asn,0.628190923752195,0.303898578202175,3.0,0.17545592593137,0.2843036280525809,0.972078219451808,0.0,2.0,missense,possibly_low,114
urn:mavedb:00000013-a-1#479,p.Glu114Gln,0.510210717303975,0.380100468722544,4.0,0.190050234361272,0.137719102702485,0.882702331905465,1.0,2.0,missense,possibly_low,114
urn:mavedb:00000013-a-1#480,p.Arg15Glu,0.913789738698054,0.234169456262773,8.0,0.0827914052350868,0.751521566207823,1.07605791118829,0.0,4.0,missense,wt_like,15
urn:mavedb:00000013-a-1#481,p.Glu114Arg,0.7802839425999629,0.122797640466223,8.0,0.0434155221436868,0.6951910828283361,0.86537680237159,0.0,3.0,missense,possibly_wt_like,114
urn:mavedb:00000013-a-1#482,p.Glu114Ser,0.871775467511266,0.304861179939168,8.0,0.107784703827759,0.660521329924542,1.08302960509799,0.0,3.0,missense,possibly_wt_like,114
urn:mavedb:00000013-a-1#483,p.Glu114Val,0.7548174185127821,0.160920094500725,8.0,0.0568938450253213,0.6433075313211489,0.866327305704415,1.0,3.0,missense,possibly_wt_like,114
urn:mavedb:00000013-a-1#484,p.Glu114Trp,0.6927385143711751,0.116746502855055,3.0,0.0674036248503133,0.5606298372371121,0.824847191505238,0.0,2.0,missense,possibly_low,114
urn:mavedb:00000013-a-1#485,p.Glu114Ter,-0.0510245249471721,0.0147798844943044,4.0,0.0073899422471521,-0.0655085455994214,-0.0365405042949229,1.0,1.0,nonsense,low,114
urn:mavedb:00000013-a-1#486,p.Asp115Ala,0.6750359316788411,0.294467497596995,8.0,0.104109982194934,0.470984116145664,0.8790877472120179,1.0,2.0,missense,possibly_low,115
urn:mavedb:00000013-a-1#487,p.Asp115Gly,0.531137037646581,0.214149437505224,8.0,0.0757132597236142,0.3827417754361699,0.679532299856991,1.0,1.0,missense,low,115
urn:mavedb:00000013-a-1#488,p.Asp115Lys,0.636559697357054,0.320808651771531,7.0,0.121254273003627,0.398905689298357,0.874213705415751,0.0,2.0,missense,possibly_low,115
urn:mavedb:00000013-a-1#489,p.Asp115Leu,0.205793107571642,0.218432422335568,6.0,0.089174663000376,0.0310139797574086,0.3805722353858761,0.0,1.0,missense,low,115
urn:mavedb:00000013-a-1#490,p.Asp115Met,0.384003978795893,0.142680418054043,8.0,0.0504451455742728,0.2851333102754389,0.482874647316348,0.0,1.0,missense,low,115
urn:mavedb:00000013-a-1#491,p.Arg15Phe,1.1827582463852,0.121775073894946,7.0,0.0460266516303628,1.09254766686072,1.27296882590968,0.0,4.0,missense,wt_like,15
urn:mavedb:00000013-a-1#492,p.Asp115Pro,0.3416747313369,0.254332744604651,7.0,0.0961287417834875,0.153265859562114,0.530083603111686,0.0,1.0,missense,low,115
urn:mavedb:00000013-a-1#493,p.Asp115Gln,0.595295125080193,0.167767073200675,4.0,0.0838835366003376,0.430886414447684,0.759703835712702,0.0,2.0,missense,possibly_low,115
urn:mavedb:00000013-a-1#494,p.Asp115Arg,0.461144807012787,0.156278833385365,6.0,0.0638005665652623,0.336097994351622,0.5861916196739511,0.0,1.0,missense,low,115
urn:mavedb:00000013-a-1#495,p.Asp115Ser,0.959848534907203,0.134644693351463,8.0,0.0476040878598012,0.866546237185112,1.05315083262929,0.0,4.0,missense,wt_like,115
urn:mavedb:00000013-a-1#496,p.Asp115Thr,0.591879459937417,0.1928398951874149,8.0,0.0681791987851623,0.458250685823702,0.7255082340511321,0.0,2.0,missense,possibly_low,115
urn:mavedb:00000013-a-1#497,p.Asp115Val,0.239621328720006,0.157877014038246,8.0,0.0558179536099638,0.13022014995375,0.349022507486263,1.0,1.0,missense,low,115
urn:mavedb:00000013-a-1#498,p.Asp115Trp,-0.120022288302585,0.2610899096972769,2.0,0.184618445646328,-0.4818677926511541,0.2418232160459829,0.0,1.0,missense,low,115
urn:mavedb:00000013-a-1#499,p.Asp115Ter,0.002836505551117,0.16582943296285,4.0,0.0829147164814251,-0.159673352540826,0.16534636364306,0.0,1.0,nonsense,low,115
urn:mavedb:00000013-a-1#500,p.Asp116Gly,0.997870348971538,0.0780398582979716,8.0,0.0275912565026665,0.943792479938105,1.05194821800497,1.0,4.0,missense,wt_like,116
urn:mavedb:00000013-a-1#501,p.Asp116Leu,0.708904337209125,0.5175948138772151,8.0,0.182997401399784,0.35023602120113,1.06757265321712,0.0,3.0,missense,possibly_wt_like,116
urn:mavedb:00000013-a-1#502,p.Arg15Gly,1.01212332220966,0.137140632790938,8.0,0.0484865357113431,0.9170914584803108,1.10715518593901,1.0,4.0,missense,wt_like,15
urn:mavedb:00000013-a-1#503,p.Asp116Gln,1.06368147329295,0.645789110717055,3.0,0.3728465169122209,0.33291572838379,1.7944472182021,0.0,3.0,missense,possibly_wt_like,116
urn:mavedb:00000013-a-1#504,p.Asp116Arg,1.02473031628636,0.166585989466304,5.0,0.0744995193091439,0.8787139415748951,1.17074669099783,0.0,4.0,missense,wt_like,116
urn:mavedb:00000013-a-1#505,p.Asp116Ser,0.997795283743758,0.120639767204203,7.0,0.0455975460352925,0.908425735731178,1.08716483175634,0.0,4.0,missense,wt_like,116
urn:mavedb:00000013-a-1#506,p.Asp116Thr,0.5946815195414499,0.817576631908677,3.0,0.472028088515622,-0.330476533640454,1.5198395727233502,0.0,2.0,missense,possibly_low,116
urn:mavedb:00000013-a-1#507,p.Asp116Val,1.09927986266874,0.088675418232586,2.0,0.0627029895568147,0.97638426141439,1.2221754639230902,1.0,4.0,missense,wt_like,116
urn:mavedb:00000013-a-1#508,p.Asp116Trp,0.8056956668787341,0.127171391444344,6.0,0.0519175031530644,0.7039392305314829,0.907452103225985,0.0,3.0,missense,possibly_wt_like,116
urn:mavedb:00000013-a-1#509,p.Asn117Ala,1.08928545262439,0.0910746491246009,8.0,0.0321997509950954,1.02617510036285,1.15239580488594,0.0,4.0,missense,wt_like,117
urn:mavedb:00000013-a-1#510,p.Asn117Cys,0.93475824553961,0.128796433703385,4.0,0.0643982168516924,0.8085400598416931,1.06097643123753,0.0,4.0,missense,wt_like,117
urn:mavedb:00000013-a-1#511,p.Asn117Gly,0.900140392713404,0.175218928496758,8.0,0.0619492462661492,0.7787221011623492,1.02155868426446,0.0,4.0,missense,wt_like,117
urn:mavedb:00000013-a-1#512,p.Asn117His,0.998092701979364,0.300115240399146,3.0,0.1732716148323559,0.65848657736485,1.3376988265938798,1.0,3.0,missense,possibly_wt_like,117
urn:mavedb:00000013-a-1#513,p.Arg15His,1.22510345780072,0.0883493847943184,4.0,0.0441746923971592,1.13852265167415,1.31168426392729,0.0,4.0,missense,wt_like,15
urn:mavedb:00000013-a-1#514,p.Asn117Lys,0.9651791398155508,0.278410577362736,5.0,0.124508995327608,0.721145993222173,1.20921228640893,1.0,4.0,missense,wt_like,117
urn:mavedb:00000013-a-1#515,p.Asn117Leu,0.974151360915438,0.0787309271316224,8.0,0.0278355862319371,0.919594614412282,1.02870810741859,0.0,4.0,missense,wt_like,117
urn:mavedb:00000013-a-1#516,p.Asn117Pro,0.175007534280666,0.225034698547621,6.0,0.0918700309771169,-0.005054417693062,0.355069486254394,0.0,1.0,missense,low,117
urn:mavedb:00000013-a-1#517,p.Asn117Gln,0.0435480297296457,0.0926472511718716,4.0,0.0463236255859358,-0.0472446080521065,0.134340667511398,0.0,1.0,missense,low,117
urn:mavedb:00000013-a-1#518,p.Asn117Arg,1.10902742098947,0.112171742061562,8.0,0.0396586997346193,1.03129779783593,1.18675704414302,0.0,4.0,missense,wt_like,117
urn:mavedb:00000013-a-1#519,p.Asn117Ser,1.13021245791319,0.118318445792028,8.0,0.041831887679498,1.04822346465605,1.21220145117033,1.0,4.0,missense,wt_like,117
urn:mavedb:00000013-a-1#520,p.Asn117Val,0.716409046872119,0.174888251705399,8.0,0.0618323343653736,0.595219898435948,0.837598195308289,0.0,3.0,missense,possibly_wt_like,117
urn:mavedb:00000013-a-1#521,p.Asn117Trp,0.5292731886760921,0.187349545779711,8.0,0.0662380671365267,0.399448962682954,0.659097414669231,0.0,1.0,missense,low,117
urn:mavedb:00000013-a-1#522,p.Asn117Tyr,0.8555189688171321,0.1270296086242719,3.0,0.0733405787342764,0.7117740758926261,0.9992638617416378,1.0,4.0,missense,wt_like,117
urn:mavedb:00000013-a-1#523,p.His118Ala,0.460268390672793,0.208972969680661,6.0,0.0853128576252867,0.293058262309038,0.6274785190365479,0.0,1.0,missense,low,118
urn:mavedb:00000013-a-1#524,p.Arg15Ile,1.09873641815531,0.165996032050295,8.0,0.0586884599564115,0.9837091503326252,1.213763685978,1.0,4.0,missense,wt_like,15
urn:mavedb:00000013-a-1#525,p.His118Cys,0.0683590869156723,0.047955930691168,2.0,0.033909963789837,0.0018967791705344,0.13482139466081,0.0,1.0,missense,low,118
urn:mavedb:00000013-a-1#526,p.His118Glu,0.1600696363973739,0.0764935158753919,8.0,0.0270445418961453,0.107063308302544,0.213075964492203,0.0,1.0,missense,low,118
urn:mavedb:00000013-a-1#527,p.His118Gly,0.168195863458785,0.135911636012606,8.0,0.0480520197333358,0.0740156353970388,0.262376091520531,0.0,1.0,missense,low,118
urn:mavedb:00000013-a-1#528,p.His118Lys,0.312989310387582,0.2650536263688829,5.0,0.118535585248731,0.0806638324136927,0.5453147883614721,0.0,1.0,missense,low,118
urn:mavedb:00000013-a-1#529,p.His118Leu,0.322713939735082,0.3314292198714719,8.0,0.117177924427243,0.0930494280745308,0.552378451395634,1.0,1.0,missense,low,118
urn:mavedb:00000013-a-1#530,p.His118Arg,0.7909528834879699,0.170447315157761,7.0,0.064423029649441,0.66468606560011,0.91721970137583,1.0,3.0,missense,possibly_wt_like,118
urn:mavedb:00000013-a-1#531,p.His118Trp,0.454930569767326,0.332985162242904,4.0,0.166492581121452,0.128611107076167,0.7812500324584849,0.0,2.0,missense,possibly_low,118
urn:mavedb:00000013-a-1#532,p.Val119Ala,0.41494981888551,0.294315716925082,8.0,0.104056319623753,0.211003180059166,0.618896457711853,1.0,1.0,missense,low,119
urn:mavedb:00000013-a-1#533,p.Val119Glu,0.1874814005207469,0.0673913210105854,4.0,0.0336956605052927,0.121439119495085,0.25352368154641,0.0,1.0,missense,low,119
urn:mavedb:00000013-a-1#534,p.Val119Gly,0.20115091456863,0.0664157203426146,8.0,0.0234815031158261,0.155128014158746,0.247173814978514,1.0,1.0,missense,low,119
urn:mavedb:00000013-a-1#535,p.Arg15Lys,1.20518009112705,0.135868914547364,3.0,0.0784439543884231,1.05143276572084,1.35892741653327,1.0,4.0,missense,wt_like,15
urn:mavedb:00000013-a-1#536,p.Val119Ile,0.8228288007856859,0.149929534670124,2.0,0.106016190665388,0.6150408853033941,1.03061671626798,1.0,3.0,missense,possibly_wt_like,119
urn:mavedb:00000013-a-1#537,p.Val119Lys,0.354598231714038,0.219941893850071,5.0,0.0983610051497604,0.161814204137349,0.547382259290727,0.0,1.0,missense,low,119
urn:mavedb:00000013-a-1#538,p.Val119Leu,0.4118508421823449,0.195428829024662,8.0,0.0690945251213426,0.276428061415616,0.547273622949075,1.0,1.0,missense,low,119
urn:mavedb:00000013-a-1#539,p.Val119Asn,0.34587735544776,0.401244505417598,7.0,0.151656168038011,0.0486367280599047,0.6431179828356149,0.0,1.0,missense,low,119
urn:mavedb:00000013-a-1#540,p.Val119Gln,0.4155936923462921,0.570358525069429,7.0,0.2155752593541869,-0.0069260519457948,0.83811343663838,0.0,2.0,missense,possibly_low,119
urn:mavedb:00000013-a-1#541,p.Val119Arg,0.158681176779187,0.135432691799692,8.0,0.0478826873829549,0.0648328340256044,0.252529519532769,0.0,1.0,missense,low,119
urn:mavedb:00000013-a-1#542,p.Val119Ser,0.093582830590197,0.1346211940378009,8.0,0.0475957795977796,0.0002968167624427,0.186868844417951,0.0,1.0,missense,low,119
urn:mavedb:00000013-a-1#543,p.Val119Thr,0.5410693826657871,0.166383345497813,4.0,0.0831916727489065,0.378016700264288,0.7041220650672859,0.0,1.0,missense,low,119
urn:mavedb:00000013-a-1#544,p.Val119=,0.940107117698652,0.310421549819184,5.0,0.138824737415307,0.668015632201421,1.2121986031958798,0.0,3.0,synonymous,possibly_wt_like,119
urn:mavedb:00000013-a-1#545,p.Val119Trp,0.3071676637552561,0.347552211468886,6.0,0.141887596179108,0.0290730853912417,0.585262242119269,0.0,1.0,missense,low,119
urn:mavedb:00000013-a-1#546,p.Arg15Leu,1.11928812140498,0.230944794132099,8.0,0.0816513150052691,0.959254484704315,1.27932175810564,0.0,4.0,missense,wt_like,15
urn:mavedb:00000013-a-1#547,p.Ala120=,1.0033961129454698,0.093701231917858,3.0,0.0540984314711748,0.8973651356418609,1.1094270902490802,0.0,4.0,synonymous,wt_like,120
urn:mavedb:00000013-a-1#548,p.Ala120Glu,-0.0751924818886593,0.035368804085578,4.0,0.017684402042789,-0.109853272980652,-0.0405316907966663,1.0,1.0,missense,low,120
urn:mavedb:00000013-a-1#549,p.Ala120Phe,0.449809071726941,0.258547419595294,5.0,0.115625921124448,0.223186430643755,0.6764317128101272,0.0,1.0,missense,low,120
urn:mavedb:00000013-a-1#550,p.Ala120Gly,0.5876281011889319,0.212489718325434,8.0,0.0751264603801669,0.44038294455783,0.7348732578200351,1.0,2.0,missense,possibly_low,120
urn:mavedb:00000013-a-1#551,p.Ala120Gln,0.108151132976768,0.0986010161399084,4.0,0.0493005080699542,0.0115239127401317,0.204778353213405,0.0,1.0,missense,low,120
urn:mavedb:00000013-a-1#552,p.Ala120Arg,0.139188481413938,0.0726243909247239,8.0,0.0256765996512075,0.0888632708521178,0.1895136919757589,0.0,1.0,missense,low,120
urn:mavedb:00000013-a-1#553,p.Ala120Thr,0.484374764796794,0.8108848088834392,4.0,0.40544240444172,-0.3102777457142981,1.27902727530789,1.0,2.0,missense,possibly_low,120
urn:mavedb:00000013-a-1#554,p.Ala120Val,0.7183449160941809,0.4066124116091021,4.0,0.203306205804551,0.319872074883774,1.11681775730459,1.0,3.0,missense,possibly_wt_like,120
urn:mavedb:00000013-a-1#555,p.Ala120Trp,0.330289771678847,0.224689697255722,5.0,0.100484287381528,0.133344187398878,0.527235355958815,0.0,1.0,missense,low,120
urn:mavedb:00000013-a-1#556,p.Ala121=,1.1262182865013302,0.101114725099205,4.0,0.0505573625496024,1.02712767675078,1.22530889625189,0.0,4.0,synonymous,wt_like,121
urn:mavedb:00000013-a-1#557,p.Ile4Gly,1.3265479236080802,0.0856756366748065,3.0,0.0494648518971921,1.22959859538897,1.4234972518271798,0.0,4.0,missense,wt_like,4
urn:mavedb:00000013-a-1#558,p.Arg15Met,1.08697403681407,0.169854024401118,7.0,0.0641987868212648,0.961146726793228,1.21280134683492,0.0,4.0,missense,wt_like,15
urn:mavedb:00000013-a-1#559,p.Ala121Cys,0.904566394600414,0.245128335632254,3.0,0.1415249105632869,0.627182666981119,1.18195012221971,0.0,3.0,missense,possibly_wt_like,121
urn:mavedb:00000013-a-1#560,p.Ala121Asp,0.200179743418701,0.267205712459883,5.0,0.119498027407312,-0.0340320865232112,0.434391573360614,0.0,1.0,missense,low,121
urn:mavedb:00000013-a-1#561,p.Ala121Glu,0.240164364576751,0.0923074489452843,4.0,0.0461537244726421,0.149704726857987,0.330624002295514,1.0,1.0,missense,low,121
urn:mavedb:00000013-a-1#562,p.Ala121Phe,1.09698040613671,0.1479188409180299,6.0,0.0603876139321817,0.978622857717327,1.2153379545561,0.0,4.0,missense,wt_like,121
urn:mavedb:00000013-a-1#563,p.Ala121Gly,0.481194726696322,0.152480891525584,8.0,0.0539101361995555,0.375532801343544,0.5868566520491,1.0,1.0,missense,low,121
urn:mavedb:00000013-a-1#564,p.Ala121Ile,1.11934116990608,0.22264224795483,4.0,0.111321123977415,0.9011557761918292,1.3375265636203302,0.0,4.0,missense,wt_like,121
urn:mavedb:00000013-a-1#565,p.Ala121Lys,0.2260922448675009,0.17989491926751,5.0,0.0804514536577978,0.0684102931943246,0.383774196540678,0.0,1.0,missense,low,121
urn:mavedb:00000013-a-1#566,p.Ala121Leu,1.06013064436031,0.278399936719902,5.0,0.124504236687468,0.8161068245302221,1.3041544641904,0.0,4.0,missense,wt_like,121
urn:mavedb:00000013-a-1#567,p.Ala121Pro,0.0962205493791599,0.164959184340895,6.0,0.0673443050034836,-0.0357718629915484,0.228212961749868,1.0,1.0,missense,low,121
urn:mavedb:00000013-a-1#568,p.Ala121Ser,0.501170639731953,0.14706373352878,3.0,0.0849072861408726,0.334755416870805,0.6675858625931,1.0,1.0,missense,low,121
urn:mavedb:00000013-a-1#569,p.Arg15Asn,0.8242186956489359,0.484368415303272,7.0,0.183074052832416,0.465400145593618,1.18303724570425,0.0,3.0,missense,possibly_wt_like,15
urn:mavedb:00000013-a-1#570,p.Ala121Thr,0.338048905479989,0.143937328736566,7.0,0.0544031966022722,0.231420599495684,0.444677211464295,1.0,1.0,missense,low,121
urn:mavedb:00000013-a-1#571,p.Ala121Val,1.12155048127224,0.208375878866568,5.0,0.0931885260033814,0.93890432653324,1.30419663601124,1.0,4.0,missense,wt_like,121
urn:mavedb:00000013-a-1#572,p.Ala121Trp,0.7214854060101409,0.523746891018276,4.0,0.261873445509138,0.208222884304818,1.2347479277154598,0.0,3.0,missense,possibly_wt_like,121
urn:mavedb:00000013-a-1#573,p.Ala121Tyr,0.7174414968655871,0.625705673089709,3.0,0.361251338791819,0.0094018834667434,1.42548111026443,0.0,3.0,missense,possibly_wt_like,121
urn:mavedb:00000013-a-1#574,p.Ile122Ala,0.263434455730978,0.1040522051243309,4.0,0.0520261025621656,0.161465168453146,0.3654037430088089,0.0,1.0,missense,low,122
urn:mavedb:00000013-a-1#575,p.Ile122Cys,0.333566830938785,0.217849751721864,7.0,0.0823394666047454,0.172184441887245,0.494949219990324,0.0,1.0,missense,low,122
urn:mavedb:00000013-a-1#576,p.Ile122Asp,0.16812573894914,0.139757876896588,6.0,0.0570559143218909,0.0562982017732313,0.27995327612505,0.0,1.0,missense,low,122
urn:mavedb:00000013-a-1#577,p.Ile122Glu,0.1495778950497409,0.13837285537875,7.0,0.0523000233620112,0.0470717328695953,0.252084057229886,0.0,1.0,missense,low,122
urn:mavedb:00000013-a-1#578,p.Ile122Gly,0.214501889296299,0.101844323450492,8.0,0.0360074058685996,0.143928670617127,0.28507510797547,0.0,1.0,missense,low,122
urn:mavedb:00000013-a-1#579,p.Ile122Leu,0.7851882973603749,0.270305564216292,3.0,0.15606099026373,0.479314377051809,1.09106221766894,1.0,3.0,missense,possibly_wt_like,122
urn:mavedb:00000013-a-1#580,p.Arg15Pro,0.995975625540364,0.0868835992897572,7.0,0.032838913818698,0.9316125371643008,1.06033871391643,0.0,4.0,missense,wt_like,15
urn:mavedb:00000013-a-1#581,p.Ile122Met,0.6410941657984399,0.28285423370027,4.0,0.141427116850135,0.3639021103348379,0.918286221262042,1.0,2.0,missense,possibly_low,122
urn:mavedb:00000013-a-1#582,p.Ile122Asn,0.298420609915238,0.0049011853729066,3.0,0.0028297006943958,0.2928744984671939,0.303966721363282,1.0,1.0,missense,low,122
urn:mavedb:00000013-a-1#583,p.Ile122Pro,0.149769761324378,0.204713035456042,7.0,0.0773742545642622,-0.0018809909522094,0.301420513600966,0.0,1.0,missense,low,122
urn:mavedb:00000013-a-1#584,p.Ile122Gln,0.277159709878853,0.264638277347251,7.0,0.100023867035624,0.0811165328946076,0.473202886863098,0.0,1.0,missense,low,122
urn:mavedb:00000013-a-1#585,p.Ile122Arg,0.238123244240613,0.124067512820627,7.0,0.0468931121008139,0.146214433400019,0.330032055081208,0.0,1.0,missense,low,122
urn:mavedb:00000013-a-1#586,p.Ile122Ser,0.193858106252861,0.4028752525482821,7.0,0.152272532517871,-0.104590573316869,0.492306785822591,1.0,1.0,missense,low,122
urn:mavedb:00000013-a-1#587,p.Ile122Thr,0.249643954007888,0.1476782357524209,4.0,0.0738391178762106,0.104921942320307,0.394365965695468,1.0,1.0,missense,low,122
urn:mavedb:00000013-a-1#588,p.Ile122Val,1.00609395105509,0.144056111025281,7.0,0.0544480920874289,0.899377651536809,1.11281025057337,1.0,4.0,missense,wt_like,122
urn:mavedb:00000013-a-1#589,p.Ile122Trp,0.0879205485893131,0.16454863627498,2.0,0.116353456545037,-0.140128035715706,0.315969132894332,0.0,1.0,missense,low,122
urn:mavedb:00000013-a-1#590,p.Ile122Ter,0.0178340313421479,0.10073253193338,7.0,0.0380733183470852,-0.056788301390067,0.0924563640743629,0.0,1.0,nonsense,low,122
urn:mavedb:00000013-a-1#591,p.Arg15=,1.03242544166684,0.1313093317222599,8.0,0.0464248594469419,0.941434389163495,1.12341649417018,0.0,4.0,synonymous,wt_like,15
urn:mavedb:00000013-a-1#592,p.His123Ala,0.92939795275468,0.125218453035012,8.0,0.0442714086353731,0.842627586284494,1.01616831922487,0.0,4.0,missense,wt_like,123
urn:mavedb:00000013-a-1#593,p.His123Gly,0.947056099967402,0.1543051207811,8.0,0.0545550986380626,0.8401300714637691,1.05398212847103,0.0,4.0,missense,wt_like,123
urn:mavedb:00000013-a-1#594,p.His123Ile,1.07997988798962,0.1274425574338169,7.0,0.0481687590594207,0.98557085505317,1.17438892092607,0.0,4.0,missense,wt_like,123
urn:mavedb:00000013-a-1#595,p.His123Leu,0.98056341760564,0.262803572493416,8.0,0.0929150941150724,0.7984531795199491,1.1626736556913302,1.0,4.0,missense,wt_like,123
urn:mavedb:00000013-a-1#596,p.His123Met,1.25065704317806,0.12901819886519,2.0,0.0912296433140507,1.07185022796009,1.42946385839604,0.0,4.0,missense,wt_like,123
urn:mavedb:00000013-a-1#597,p.His123Arg,0.407828388074956,0.249447278768154,5.0,0.1115562144255869,0.189182225549179,0.626474550600734,1.0,1.0,missense,low,123
urn:mavedb:00000013-a-1#598,p.His123Ser,1.00145412752937,0.317213461087414,7.0,0.119895418651337,0.7664634250613961,1.23644482999734,0.0,4.0,missense,wt_like,123
urn:mavedb:00000013-a-1#599,p.His123Thr,0.976850248109042,0.175113772675813,3.0,0.101101983793192,0.7786940011088341,1.17500649510925,0.0,4.0,missense,wt_like,123
urn:mavedb:00000013-a-1#600,p.His123Ter,-0.0781392548596916,0.0193920642863975,4.0,0.0096960321431987,-0.0971431286533039,-0.0591353810660793,0.0,1.0,nonsense,low,123
urn:mavedb:00000013-a-1#601,p.Cys124Asp,1.10300538193787,0.224780378432911,5.0,0.100524841236823,0.905980313562092,1.30003045031365,0.0,4.0,missense,wt_like,124
urn:mavedb:00000013-a-1#602,p.Arg15Ser,1.0251315149842,0.30592646854015,8.0,0.108161340224596,0.813139183624409,1.23712384634399,1.0,4.0,missense,wt_like,15
urn:mavedb:00000013-a-1#603,p.Cys124Glu,1.03768406843696,0.208682106958254,8.0,0.0737802664712388,0.893077403383567,1.18229073349036,0.0,4.0,missense,wt_like,124
urn:mavedb:00000013-a-1#604,p.Cys124Phe,0.4130968335634969,0.148606368348763,6.0,0.0606682958304258,0.294189158732441,0.532004508394553,1.0,1.0,missense,low,124
urn:mavedb:00000013-a-1#605,p.Cys124Gly,0.8166478932965809,0.287948882883918,7.0,0.108834447772816,0.603336295384557,1.0299594912086,1.0,3.0,missense,possibly_wt_like,124
urn:mavedb:00000013-a-1#606,p.Cys124His,0.667966573997812,0.163444442453754,8.0,0.0577863368031521,0.5547074350651329,0.781225712930492,0.0,2.0,missense,possibly_low,124
urn:mavedb:00000013-a-1#607,p.Cys124Leu,0.398876294258155,0.141399748696034,8.0,0.0499923605805196,0.300893068018197,0.496859520498113,0.0,1.0,missense,low,124
urn:mavedb:00000013-a-1#608,p.Cys124Met,0.581501189925714,0.212915699087691,8.0,0.0752770673229903,0.433960849110856,0.7290415307405721,0.0,2.0,missense,possibly_low,124
urn:mavedb:00000013-a-1#609,p.Cys124Asn,0.51565410455757,0.273130559701974,5.0,0.122147699645236,0.276249012458492,0.7550591966566479,0.0,2.0,missense,possibly_low,124
urn:mavedb:00000013-a-1#610,p.Cys124Pro,0.723189258925915,0.116890392486257,7.0,0.0441804155959099,0.6365972355359201,0.8097812823159101,0.0,3.0,missense,possibly_wt_like,124
urn:mavedb:00000013-a-1#611,p.Cys124Gln,0.450052995695725,0.0296164258275155,3.0,0.0170990514239507,0.416539470734984,0.483566520656467,0.0,1.0,missense,low,124
urn:mavedb:00000013-a-1#612,p.Cys124Arg,0.280032695674395,0.166284831715288,8.0,0.058790566057172,0.164805303571615,0.395260087777175,1.0,1.0,missense,low,124
urn:mavedb:00000013-a-1#613,p.Arg15Thr,0.966155196017828,0.209530717488856,8.0,0.0740802956016265,0.8209604846745591,1.1113499073611002,1.0,4.0,missense,wt_like,15
urn:mavedb:00000013-a-1#614,p.Cys124Ser,1.13746760599211,0.258371764379297,6.0,0.10547983111198,0.9307309359172622,1.34420427606696,1.0,4.0,missense,wt_like,124
urn:mavedb:00000013-a-1#615,p.Cys124Val,0.389667514415497,0.252869704948984,8.0,0.0894029415630341,0.214440968840012,0.564894059990983,0.0,1.0,missense,low,124
urn:mavedb:00000013-a-1#616,p.Cys124Trp,0.4393633038821311,0.33253135985018,5.0,0.148712545055089,0.147892071524865,0.730834536239396,1.0,2.0,missense,possibly_low,124
urn:mavedb:00000013-a-1#617,p.Cys124Ter,-0.0093569823123918,0.0673247227142223,3.0,0.0388699467821732,-0.0855406780864398,0.0668267134616561,1.0,1.0,nonsense,low,124
urn:mavedb:00000013-a-1#618,p.Cys124Tyr,0.507867404039742,0.208683133278982,5.0,0.0933259343538904,0.324951933882568,0.690782874196917,1.0,1.0,missense,low,124
urn:mavedb:00000013-a-1#619,p.Lys125Ala,1.03132143838353,0.0886516816242078,7.0,0.0335071861264755,0.965648560352359,1.0969943164147,0.0,4.0,missense,wt_like,125
urn:mavedb:00000013-a-1#620,p.Lys125Cys,0.8811684474124319,0.517317411340932,2.0,0.365798649585043,0.164216268632359,1.5981206261925,0.0,3.0,missense,possibly_wt_like,125
urn:mavedb:00000013-a-1#621,p.Lys125Asp,1.11801068090184,0.304851101747307,5.0,0.1363335573045369,0.8508018187007171,1.38521954310296,0.0,4.0,missense,wt_like,125
urn:mavedb:00000013-a-1#622,p.Lys125Glu,1.00954977744054,0.0788030174927643,4.0,0.0394015087463821,0.9323242393610932,1.08677531551999,1.0,4.0,missense,wt_like,125
urn:mavedb:00000013-a-1#623,p.Lys125Gly,1.18435686094925,0.110946009022209,8.0,0.0392253376625941,1.10747661184914,1.26123711004936,0.0,4.0,missense,wt_like,125
urn:mavedb:00000013-a-1#624,p.Arg15Val,0.988403512034052,0.1419017138180409,8.0,0.0501698320513648,0.8900724481029529,1.08673457596515,0.0,4.0,missense,wt_like,15
urn:mavedb:00000013-a-1#625,p.Lys125His,-0.165354450862333,0.258822436274747,2.0,0.183015099813096,-0.524057455123005,0.193348553398339,0.0,1.0,missense,low,125
urn:mavedb:00000013-a-1#626,p.Lys125=,0.956604756682235,0.277994953161271,8.0,0.0982860582579859,0.763967622314177,1.14924189105029,0.0,4.0,synonymous,wt_like,125
urn:mavedb:00000013-a-1#627,p.Lys125Leu,0.933558095214583,0.0691004312047642,3.0,0.0398951525571898,0.8553650330447601,1.01175115738441,0.0,4.0,missense,wt_like,125
urn:mavedb:00000013-a-1#628,p.Lys125Met,0.957427451832614,0.35046602076955,5.0,0.1567331692489129,0.650236084921923,1.2646188187433,0.0,3.0,missense,possibly_wt_like,125
urn:mavedb:00000013-a-1#629,p.Lys125Pro,0.9661061132087588,0.2821365680538449,8.0,0.0997503402457869,0.7705990388814001,1.1616131875361202,0.0,4.0,missense,wt_like,125
urn:mavedb:00000013-a-1#630,p.Lys125Gln,0.6851399539833539,0.23811137376208,3.0,0.137473665738648,0.415696520312906,0.9545833876538028,1.0,2.0,missense,possibly_low,125
urn:mavedb:00000013-a-1#631,p.Lys125Arg,0.918848929356298,0.0872502134895964,8.0,0.0308476088092338,0.858388727081019,0.9793091316315772,1.0,4.0,missense,wt_like,125
urn:mavedb:00000013-a-1#632,p.Lys125Val,0.965959627332135,0.147007276733341,7.0,0.055563527879039,0.8570571138352321,1.0748621408290402,0.0,4.0,missense,wt_like,125
urn:mavedb:00000013-a-1#633,p.Ala126=,0.7773160242522441,0.297486451289966,7.0,0.112439309789197,0.5569390266188761,0.9976930218856128,0.0,3.0,synonymous,possibly_wt_like,126
urn:mavedb:00000013-a-1#634,p.Ala126Cys,1.1259251164455,0.0895860022101694,6.0,0.0365733322517935,1.05424270243737,1.19760753045363,0.0,4.0,missense,wt_like,126
urn:mavedb:00000013-a-1#635,p.Arg15Trp,1.04324698478536,0.160253138973519,8.0,0.0566580406373028,0.932199265701636,1.15429470386908,0.0,4.0,missense,wt_like,15
urn:mavedb:00000013-a-1#636,p.Ala126Glu,0.92488341633877,0.1165117877334359,8.0,0.04119313759724,0.844146350237977,1.00562048243956,0.0,4.0,missense,wt_like,126
urn:mavedb:00000013-a-1#637,p.Ala126Phe,0.618592456963401,0.235945562495306,7.0,0.0891790401874041,0.443804750020239,0.7933801639065641,0.0,2.0,missense,possibly_low,126
urn:mavedb:00000013-a-1#638,p.Ala126Gly,1.0326675542613102,0.139462244597428,8.0,0.049307349437169,0.936026925191327,1.12930818333129,1.0,4.0,missense,wt_like,126
urn:mavedb:00000013-a-1#639,p.Ala126Lys,0.8174971561788441,0.468371373517166,5.0,0.209462045979866,0.4069590899302341,1.22803522242745,0.0,3.0,missense,possibly_wt_like,126
urn:mavedb:00000013-a-1#640,p.Ala126Leu,0.57684706423474,0.167195472976603,6.0,0.0682572660159951,0.44306528116022,0.7106288473092601,0.0,2.0,missense,possibly_low,126
urn:mavedb:00000013-a-1#641,p.Ala126Asn,1.08184198377411,0.418979261537587,6.0,0.1710475672625319,0.746594912296356,1.41708905525186,0.0,4.0,missense,wt_like,126
urn:mavedb:00000013-a-1#642,p.Ala126Arg,0.8237180394495781,0.261594770133098,5.0,0.116988737715208,0.594424326930968,1.05301175196819,0.0,3.0,missense,possibly_wt_like,126
urn:mavedb:00000013-a-1#643,p.Ala126Ser,1.08663809349629,0.3560908267575639,5.0,0.159248658958803,0.7745164573507379,1.39875972964185,1.0,4.0,missense,wt_like,126
urn:mavedb:00000013-a-1#644,p.Ala126Thr,1.01959242149309,0.195505506189154,8.0,0.0691216345928297,0.884116507138606,1.15506833584757,1.0,4.0,missense,wt_like,126
urn:mavedb:00000013-a-1#645,p.Gly127Met,0.54421044019362,0.0860125808316215,5.0,0.0384659955319402,0.468818474321538,0.619602406065701,0.0,1.0,missense,low,127
urn:mavedb:00000013-a-1#646,p.Arg15Ter,0.570876878614779,0.462506987335357,6.0,0.1888176869072509,0.200801012632407,0.94095274459715,1.0,2.0,nonsense,possibly_low,15
urn:mavedb:00000013-a-1#647,p.Gly127Arg,0.490890563241277,0.0008504587771515,2.0,0.0006013651684434,0.489711909169571,0.492069217312983,1.0,1.0,missense,low,127
urn:mavedb:00000013-a-1#648,p.Lys128Ala,0.460194248238517,0.4480461476907729,4.0,0.224023073845387,0.0211170917956023,0.899271404681432,0.0,2.0,missense,possibly_low,128
urn:mavedb:00000013-a-1#649,p.Lys128Asp,1.15875446518548,0.1445990874345709,6.0,0.0590323302477982,1.04305322397632,1.27445570639463,0.0,4.0,missense,wt_like,128
urn:mavedb:00000013-a-1#650,p.Lys128Gly,1.17545420502553,0.0697420190169555,4.0,0.0348710095084778,1.10710828228436,1.2438001277667,0.0,4.0,missense,wt_like,128
urn:mavedb:00000013-a-1#651,p.Lys128Leu,0.979795106577036,0.173823667866748,8.0,0.0614559471396477,0.85934366354753,1.10024654960654,0.0,4.0,missense,wt_like,128
urn:mavedb:00000013-a-1#652,p.Lys128Met,1.21968691754827,0.211164116142028,4.0,0.105582058071014,1.01274988631547,1.42662394878107,1.0,4.0,missense,wt_like,128
urn:mavedb:00000013-a-1#653,p.Gly129Ala,0.690961977489697,0.26833059888361,5.0,0.120001091909396,0.4557641592418,0.926159795737595,1.0,2.0,missense,possibly_low,129
urn:mavedb:00000013-a-1#654,p.Gly129Cys,0.5119466704319799,0.0672258554547144,3.0,0.0388128657432822,0.435874851438358,0.5880184894256011,0.0,1.0,missense,low,129
urn:mavedb:00000013-a-1#655,p.Gly129Asp,0.652044576276189,0.451920061111759,3.0,0.260916168935066,0.140658282179291,1.16343087037309,0.0,2.0,missense,possibly_low,129
urn:mavedb:00000013-a-1#656,p.Gly129Glu,0.755334938294823,0.35058553502454,6.0,0.143125945335127,0.474813240184725,1.03585663640492,1.0,3.0,missense,possibly_wt_like,129
urn:mavedb:00000013-a-1#657,p.Arg15Tyr,1.25365375351507,0.0965336836353858,8.0,0.0341298111557491,1.18676055285065,1.32054695417949,0.0,4.0,missense,wt_like,15
urn:mavedb:00000013-a-1#658,p.Gly129=,1.04942979141864,0.0945071827997859,8.0,0.0334133349142826,0.983940858383272,1.11491872445401,0.0,4.0,synonymous,wt_like,129
urn:mavedb:00000013-a-1#659,p.Gly129Lys,0.333841802150911,0.153372129440744,2.0,0.108450472772571,0.121282781410331,0.546400822891492,0.0,1.0,missense,low,129
urn:mavedb:00000013-a-1#660,p.Gly129Leu,0.432872020655971,0.0977042682261865,7.0,0.0369287422508628,0.3604930158499171,0.5052510254620239,0.0,1.0,missense,low,129
urn:mavedb:00000013-a-1#661,p.Gly129Met,0.495047448383101,0.11479750904353,4.0,0.0573987545217648,0.382547956762986,0.6075469400032161,0.0,1.0,missense,low,129
urn:mavedb:00000013-a-1#662,p.Gly129Pro,0.8040057196416409,0.104942763733531,6.0,0.0428427038907672,0.7200355630154229,0.8879758762678579,0.0,4.0,missense,wt_like,129
urn:mavedb:00000013-a-1#663,p.Gly129Arg,0.488615062431636,0.156169766781228,7.0,0.0590266236014408,0.37292500604381,0.604305118819462,1.0,1.0,missense,low,129
urn:mavedb:00000013-a-1#664,p.Gly129Ser,0.7208341524514058,0.262950456597705,7.0,0.0993859307554874,0.526041307600659,0.9156269973021528,0.0,3.0,missense,possibly_wt_like,129
urn:mavedb:00000013-a-1#665,p.Gly129Thr,0.6635858898204421,0.135026076177785,8.0,0.0477389270511615,0.5700193121395799,0.7571524675013029,0.0,2.0,missense,possibly_low,129
urn:mavedb:00000013-a-1#666,p.Gly129Val,0.5416076651352779,0.206608628330862,8.0,0.0730471810722019,0.398437821061586,0.6847775092089691,1.0,1.0,missense,low,129
urn:mavedb:00000013-a-1#667,p.Gly129Trp,0.914434849095176,0.07132102337508,6.0,0.0291166858670096,0.8573671934466709,0.9715025047436808,0.0,4.0,missense,wt_like,129
urn:mavedb:00000013-a-1#668,p.Ile4His,0.9017811127032752,0.345784305433013,3.0,0.199638661823298,0.5104965256078401,1.29306569979871,0.0,3.0,missense,possibly_wt_like,4
urn:mavedb:00000013-a-1#669,p.Tyr16Ala,0.9500687071198108,0.130596977059975,5.0,0.0584047436724171,0.8355975129955799,1.06453990124404,0.0,4.0,missense,wt_like,16
urn:mavedb:00000013-a-1#670,p.Gly129Ter,0.17804414965812,0.505696726745662,5.0,0.226154451400487,-0.2652104300302489,0.621298729346489,1.0,1.0,nonsense,low,129
urn:mavedb:00000013-a-1#671,p.Arg130Ala,1.27756247327141,0.1684062790416919,3.0,0.0972294105379439,1.08699633037898,1.46812861616384,0.0,4.0,missense,wt_like,130
urn:mavedb:00000013-a-1#672,p.Arg130Asp,0.967356670060968,0.0905548583948895,2.0,0.0640319544404139,0.841856345498047,1.09285699462389,0.0,4.0,missense,wt_like,130
urn:mavedb:00000013-a-1#673,p.Arg130Phe,1.08679256010431,0.0971852878612344,8.0,0.0343601880391228,1.01944782904561,1.15413729116302,0.0,4.0,missense,wt_like,130
urn:mavedb:00000013-a-1#674,p.Arg130Gly,1.08519791687069,0.0702895159953294,8.0,0.0248510967033088,1.03649066235588,1.13390517138549,1.0,4.0,missense,wt_like,130
urn:mavedb:00000013-a-1#675,p.Arg130Leu,1.19384659313195,0.0942453691465281,7.0,0.0356214012830276,1.12402992953837,1.26366325672554,1.0,4.0,missense,wt_like,130
urn:mavedb:00000013-a-1#676,p.Arg130Met,0.964812697532995,0.221108801062801,7.0,0.0835712714714035,0.8010160153068249,1.12860937975917,0.0,4.0,missense,wt_like,130
urn:mavedb:00000013-a-1#677,p.Arg130Pro,1.15629126640123,0.0844615069987636,6.0,0.0344812658422469,1.08870922720908,1.22387330559339,1.0,4.0,missense,wt_like,130
urn:mavedb:00000013-a-1#678,p.Arg130=,0.8213331387712041,0.415744233681374,8.0,0.1469877834376519,0.533242377066033,1.1094239004763795,0.0,3.0,synonymous,possibly_wt_like,130
urn:mavedb:00000013-a-1#679,p.Arg130Ser,0.7597559642210241,0.347792957029493,8.0,0.122963379182238,0.518752169606495,1.00075975883555,0.0,3.0,missense,possibly_wt_like,130
urn:mavedb:00000013-a-1#680,p.Tyr16Cys,0.819492613439528,0.441730295261964,7.0,0.166958358260898,0.4922602443302321,1.1467249825488202,1.0,3.0,missense,possibly_wt_like,16
urn:mavedb:00000013-a-1#681,p.Arg130Thr,0.919097654261724,0.6646797817327359,5.0,0.2972538350448239,0.336490843307458,1.50170446521599,0.0,3.0,missense,possibly_wt_like,130
urn:mavedb:00000013-a-1#682,p.Arg130Val,0.837947088602966,0.516722089568392,8.0,0.182688846761346,0.47988352857357,1.19601064863236,0.0,3.0,missense,possibly_wt_like,130
urn:mavedb:00000013-a-1#683,p.Thr131Asp,0.7575615317389859,0.0452896522193659,2.0,0.032024620201894,0.6947944295246999,0.8203286339532719,0.0,3.0,missense,possibly_wt_like,131
urn:mavedb:00000013-a-1#684,p.Thr131Gly,0.724971195686952,0.469315728322695,6.0,0.191597343775543,0.349447302353349,1.10049508902056,0.0,3.0,missense,possibly_wt_like,131
urn:mavedb:00000013-a-1#685,p.Thr131Ile,0.72384315974061,0.541589648274504,4.0,0.270794824137252,0.1930950572317389,1.25459126224948,1.0,3.0,missense,possibly_wt_like,131
urn:mavedb:00000013-a-1#686,p.Thr131Lys,0.367281526072511,0.133922171967705,4.0,0.0669610859838525,0.23604020917847,0.498522842966552,0.0,1.0,missense,low,131
urn:mavedb:00000013-a-1#687,p.Thr131Leu,1.1218054212048,0.1633016496823719,5.0,0.0730307179055281,0.978667844344865,1.26494299806474,0.0,4.0,missense,wt_like,131
urn:mavedb:00000013-a-1#688,p.Thr131Asn,0.4180235750450539,0.0712605263693833,6.0,0.0290919880678558,0.361004326193388,0.475042823896721,1.0,1.0,missense,low,131
urn:mavedb:00000013-a-1#689,p.Thr131Arg,0.258811363100666,0.185676743332095,8.0,0.0656466421593794,0.130146308762294,0.3874764174390379,0.0,1.0,missense,low,131
urn:mavedb:00000013-a-1#690,p.Thr131Ter,-0.0856921283518925,0.0180619492919385,2.0,0.0127717268257773,-0.1107242529508,-0.0606600037529849,0.0,1.0,nonsense,low,131
urn:mavedb:00000013-a-1#691,p.Tyr16Asp,1.16691212619323,0.209435147444941,2.0,0.1480930129771219,0.876655154396052,1.45716909799042,1.0,4.0,missense,wt_like,16
urn:mavedb:00000013-a-1#692,p.Val133Asp,0.190712301038793,0.224946315818744,3.0,0.129872815991166,-0.0638337408746902,0.445258342952277,0.0,1.0,missense,low,133
urn:mavedb:00000013-a-1#693,p.Val133Phe,0.313306977426417,0.401275605263771,3.0,0.231676578718268,-0.140770772922848,0.7673847277756809,0.0,2.0,missense,possibly_low,133
urn:mavedb:00000013-a-1#694,p.Val133Gly,0.365280688197905,0.150377287793144,7.0,0.0568372723332927,0.253881681445157,0.476679694950654,1.0,1.0,missense,low,133
urn:mavedb:00000013-a-1#695,p.Val133Ile,1.07610643552333,0.0189453224578945,2.0,0.013396365981743,1.0498500406754,1.10236283037126,1.0,4.0,missense,wt_like,133
urn:mavedb:00000013-a-1#696,p.Val133Lys,0.359912539535176,0.0521274510875347,6.0,0.0212809427927247,0.318202658104378,0.401622420965973,0.0,1.0,missense,low,133
urn:mavedb:00000013-a-1#697,p.Val133Leu,1.14218685219868,0.1493056802348769,3.0,0.0862016746751462,0.973234674428359,1.31113902996901,1.0,4.0,missense,wt_like,133
urn:mavedb:00000013-a-1#698,p.Val133Gln,0.567316432499174,0.0579867299694316,2.0,0.0410028099802183,0.486952401673006,0.647680463325341,0.0,1.0,missense,low,133
urn:mavedb:00000013-a-1#699,p.Val133Arg,0.269020732730467,0.39838108391225,2.0,0.281697965930799,-0.28309713501209,0.821138600473025,0.0,2.0,missense,possibly_low,133
urn:mavedb:00000013-a-1#700,p.Val133Ser,0.6402296915825649,0.104437440991449,3.0,0.0602969846698885,0.52204977325322,0.75840960991191,0.0,2.0,missense,possibly_low,133
urn:mavedb:00000013-a-1#701,p.Val133Trp,0.276793145363202,0.179133554201276,3.0,0.103422805739001,0.0740881709346775,0.479498119791726,0.0,1.0,missense,low,133
urn:mavedb:00000013-a-1#702,p.Tyr16Glu,1.01435617102628,0.199441055538438,4.0,0.0997205277692188,0.8189075280792799,1.20980481397327,0.0,4.0,missense,wt_like,16
urn:mavedb:00000013-a-1#703,p.Val133Tyr,0.5613581611935079,0.0362134050313997,3.0,0.0209078191431516,0.520379588677654,0.602336733709362,0.0,1.0,missense,low,133
urn:mavedb:00000013-a-1#704,p.Met134Ala,0.8537771301801591,0.173869636306566,5.0,0.0777568652009295,0.7013764748356021,1.00617778552472,0.0,3.0,missense,possibly_wt_like,134
urn:mavedb:00000013-a-1#705,p.Met134Cys,0.833447764240655,0.2159787298464429,5.0,0.0965886243261418,0.6441375392451479,1.02275798923616,0.0,3.0,missense,possibly_wt_like,134
urn:mavedb:00000013-a-1#706,p.Met134Glu,0.194870682339622,0.0586136904298024,6.0,0.0239289389157449,0.147970823876503,0.241770540802741,0.0,1.0,missense,low,134
urn:mavedb:00000013-a-1#707,p.Met134Phe,0.848084993794032,0.1933794565027669,5.0,0.0864819220384304,0.6785835412849079,1.01758644630316,0.0,3.0,missense,possibly_wt_like,134
urn:mavedb:00000013-a-1#708,p.Met134Gly,0.563678267446083,0.0671886166583687,8.0,0.0237547632288379,0.517119787056284,0.6102367478358821,0.0,1.0,missense,low,134
urn:mavedb:00000013-a-1#709,p.Met134His,0.127233730500368,0.058706075221428,2.0,0.0415114638859193,0.045872756338431,0.208594704662305,0.0,1.0,missense,low,134
urn:mavedb:00000013-a-1#710,p.Met134Ile,0.566351498808271,0.2449891510753769,8.0,0.0866167450212674,0.396585798108498,0.7361171995080441,1.0,2.0,missense,possibly_low,134
urn:mavedb:00000013-a-1#711,p.Met134Gln,0.149169175536742,0.190035884481933,5.0,0.0849866311731797,-0.0174015607300795,0.315739911803563,0.0,1.0,missense,low,134
urn:mavedb:00000013-a-1#712,p.Met134Arg,0.308214565928125,0.236403384138634,7.0,0.0893520805035568,0.13308770619743,0.48334142565882,1.0,1.0,missense,low,134
urn:mavedb:00000013-a-1#713,p.Tyr16Gly,0.856299041004331,0.276990827448736,6.0,0.1130810317801169,0.634664291380672,1.07793379062799,0.0,3.0,missense,possibly_wt_like,16
urn:mavedb:00000013-a-1#714,p.Met134Ser,0.43817981544023,0.0808875288610055,4.0,0.0404437644305028,0.358911493757223,0.517448137123238,0.0,1.0,missense,low,134
urn:mavedb:00000013-a-1#715,p.Met134Thr,0.3754036010266609,0.224104378683508,7.0,0.0847034933881724,0.209387804621117,0.541419397432206,1.0,1.0,missense,low,134
urn:mavedb:00000013-a-1#716,p.Met134Val,0.7663326859243209,0.1735358842295679,8.0,0.0613542002589654,0.646080663116491,0.8865847087321509,1.0,3.0,missense,possibly_wt_like,134
urn:mavedb:00000013-a-1#717,p.Met134Trp,0.62629988382651,0.115188330101102,5.0,0.0515137872641498,0.5253347160815179,0.7272650515715021,0.0,2.0,missense,possibly_low,134
urn:mavedb:00000013-a-1#718,p.Met134Ter,0.0351624264989441,0.1458399559360469,6.0,0.0595389126922163,-0.0815316980564745,0.151856551054363,0.0,1.0,nonsense,low,134
urn:mavedb:00000013-a-1#719,p.Ile135Cys,0.3641179855283641,0.372645287644565,4.0,0.186322643822282,-0.0010676858675936,0.729303656924322,0.0,2.0,missense,possibly_low,135
urn:mavedb:00000013-a-1#720,p.Ile135=,1.10766013851432,0.115609845228599,3.0,0.0667473752637026,0.976837686934884,1.23848259009376,0.0,4.0,synonymous,wt_like,135
urn:mavedb:00000013-a-1#721,p.Ile135Lys,0.162758154658415,0.121309808728757,7.0,0.045850797927015,0.0728922420590418,0.252624067257788,1.0,1.0,missense,low,135
urn:mavedb:00000013-a-1#722,p.Ile135Arg,0.149112796467381,0.146506861982744,7.0,0.0553743888815434,0.0405809885936412,0.257644604341122,1.0,1.0,missense,low,135
urn:mavedb:00000013-a-1#723,p.Ile135Ser,0.238312951627251,0.125300520904074,6.0,0.0511537234533196,0.138053495983623,0.3385724072708799,0.0,1.0,missense,low,135
urn:mavedb:00000013-a-1#724,p.Tyr16Leu,0.822226003373218,0.310242652450639,8.0,0.109687341680574,0.6072427641193541,1.03720924262708,0.0,3.0,missense,possibly_wt_like,16
urn:mavedb:00000013-a-1#725,p.Ile135Thr,0.885711508449945,0.26738182813684,2.0,0.189067503841616,0.51514601027349,1.2562770066264,1.0,3.0,missense,possibly_wt_like,135
urn:mavedb:00000013-a-1#726,p.Ile135Ter,-0.0443524345632299,0.0455806894997863,3.0,0.0263160233525504,-0.0959308925505437,0.0072260234240837,0.0,1.0,nonsense,low,135
urn:mavedb:00000013-a-1#727,p.Cys136Glu,0.251714469395541,0.185617774689544,8.0,0.0656257935958666,0.123090277490783,0.380338661300298,0.0,1.0,missense,low,136
urn:mavedb:00000013-a-1#728,p.Cys136Gly,0.371881855807787,0.169977328724161,8.0,0.0600960608944146,0.254095740842008,0.489667970773565,1.0,1.0,missense,low,136
urn:mavedb:00000013-a-1#729,p.Cys136Leu,0.311681525366936,0.0714830540844128,4.0,0.0357415270422064,0.2416294196117469,0.381733631122125,0.0,1.0,missense,low,136
urn:mavedb:00000013-a-1#730,p.Cys136Met,0.0317666964390435,0.494592137007253,2.0,0.349729453999375,-0.653690437732588,0.7172238306106751,0.0,2.0,missense,possibly_low,136
urn:mavedb:00000013-a-1#731,p.Cys136Arg,0.167416316287957,0.149361406112343,8.0,0.0528072315547976,0.063916044317287,0.270916588258628,1.0,1.0,missense,low,136
urn:mavedb:00000013-a-1#732,p.Cys136Trp,0.8052655995940999,0.23313170875533,6.0,0.0951756215522828,0.618724809145412,0.991806390042788,1.0,3.0,missense,possibly_wt_like,136
urn:mavedb:00000013-a-1#733,p.Ala137Asp,0.211129983151334,0.103928991610918,3.0,0.0600034312831697,0.0935254188874974,0.328734547415171,0.0,1.0,missense,low,137
urn:mavedb:00000013-a-1#734,p.Ala137Gly,0.472170920269495,0.1744084972973719,6.0,0.0712019708640235,0.3326176217477381,0.6117242187912509,1.0,1.0,missense,low,137
urn:mavedb:00000013-a-1#735,p.Tyr16Met,1.02801816450391,0.136572149561066,5.0,0.0610769220503623,0.9083095969986352,1.14772673200918,0.0,4.0,missense,wt_like,16
urn:mavedb:00000013-a-1#736,p.Ala137Lys,0.1978744868972589,0.124451225319903,3.0,0.0718519484394245,0.0570472557369585,0.33870171805756,0.0,1.0,missense,low,137
urn:mavedb:00000013-a-1#737,p.Ala137Leu,0.7194902461563009,0.244573436016066,6.0,0.0998466871464321,0.523794335373655,0.915186156938946,0.0,3.0,missense,possibly_wt_like,137
urn:mavedb:00000013-a-1#738,p.Ala137Met,0.497460793762825,0.0235144885303993,2.0,0.0166272542959786,0.464871974180918,0.5300496133447321,0.0,1.0,missense,low,137
urn:mavedb:00000013-a-1#739,p.Ala137Arg,0.204914887068711,0.20323278881036,8.0,0.0718536415636296,0.0640843374459468,0.345745436691475,0.0,1.0,missense,low,137
urn:mavedb:00000013-a-1#740,p.Ala137Ser,1.08352574925443,0.0845913191391451,4.0,0.0422956595695726,1.00062777979571,1.16642371871316,1.0,4.0,missense,wt_like,137
urn:mavedb:00000013-a-1#741,p.Ala137Val,0.880491750625221,0.0134246379061983,2.0,0.0094926524984467,0.861886493610511,0.8990970076399308,1.0,4.0,missense,wt_like,137
urn:mavedb:00000013-a-1#742,p.Ala137Trp,0.4999149291358089,0.309158081855921,2.0,0.2186077761389469,0.0714515611630783,0.92837829710854,0.0,2.0,missense,possibly_low,137
urn:mavedb:00000013-a-1#743,p.Ala137Ter,-0.0951794442010584,0.116336973821216,7.0,0.0439712430018239,-0.181361496840092,-0.0089973915620245,0.0,1.0,nonsense,low,137
urn:mavedb:00000013-a-1#744,p.Tyr138Gly,0.247884867375908,0.174433242817377,6.0,0.0712120731802622,0.108311768678164,0.3874579660736529,0.0,1.0,missense,low,138
urn:mavedb:00000013-a-1#745,p.Tyr138Asn,0.308298958306027,0.142122068256174,3.0,0.0820542143654883,0.147475653369941,0.469122263242114,1.0,1.0,missense,low,138
urn:mavedb:00000013-a-1#746,p.Tyr16Gln,1.00567982216442,0.491662652957809,3.0,0.283861565035677,0.4493213780993161,1.5620382662295202,0.0,3.0,missense,possibly_wt_like,16
urn:mavedb:00000013-a-1#747,p.Tyr138Thr,0.256906822601402,0.0904310033761097,4.0,0.0452155016880548,0.1682860677499049,0.3455275774529,0.0,1.0,missense,low,138
urn:mavedb:00000013-a-1#748,p.Tyr138Val,0.566263487429785,0.30055338632822,6.0,0.122700406161621,0.325775110464572,0.806751864394999,0.0,2.0,missense,possibly_low,138
urn:mavedb:00000013-a-1#749,p.Leu139Ala,0.541386323042334,0.279259754808816,7.0,0.105550266059,0.334511603008073,0.7482610430765941,0.0,2.0,missense,possibly_low,139
urn:mavedb:00000013-a-1#750,p.Leu139Glu,0.5855592830343559,0.0612111117728325,7.0,0.0231356256035275,0.540214290091639,0.630904275977073,0.0,1.0,missense,low,139
urn:mavedb:00000013-a-1#751,p.Leu139Gly,0.421657890728864,0.155238949083315,8.0,0.0548852568005427,0.314084764117568,0.529231017340159,0.0,1.0,missense,low,139
urn:mavedb:00000013-a-1#752,p.Leu139His,-0.0295514822470026,0.30676999654992,4.0,0.15338499827496,-0.330180554634663,0.271077590140658,0.0,1.0,missense,low,139
urn:mavedb:00000013-a-1#753,p.Leu139=,0.9645230469214208,0.125089740360919,5.0,0.0559418325469626,0.8548790699002041,1.07416702394264,0.0,4.0,synonymous,wt_like,139
urn:mavedb:00000013-a-1#754,p.Leu139Asn,0.6225682612384971,0.253698253911417,8.0,0.0896958778579749,0.4467675710751621,0.798368951401831,0.0,2.0,missense,possibly_low,139
urn:mavedb:00000013-a-1#755,p.Leu139Gln,0.221550247497804,0.288297740338483,5.0,0.128930669031286,-0.0311492203061706,0.474249715301779,0.0,1.0,missense,low,139
urn:mavedb:00000013-a-1#756,p.Leu139Arg,0.273891270516033,0.105828671918482,5.0,0.0473280208756499,0.1811300541401989,0.366652486891866,0.0,1.0,missense,low,139
urn:mavedb:00000013-a-1#757,p.Tyr16Arg,0.840504469430741,0.18360224094807,8.0,0.0649131948077134,0.7132769454861899,0.967731993375292,0.0,4.0,missense,wt_like,16
urn:mavedb:00000013-a-1#758,p.Leu139Ser,0.20670721077257,0.325939921000987,3.0,0.188181501129565,-0.1621217539980619,0.575536175543201,1.0,1.0,missense,low,139
urn:mavedb:00000013-a-1#759,p.Leu139Thr,0.495760733871807,0.3170183383320539,7.0,0.119821669181936,0.26091457770774,0.730606890035874,0.0,2.0,missense,possibly_low,139
urn:mavedb:00000013-a-1#760,p.Leu139Val,0.462416143165834,0.116276541776101,8.0,0.0411099655914009,0.381842091201007,0.5429901951306599,1.0,1.0,missense,low,139
urn:mavedb:00000013-a-1#761,p.Leu139Trp,0.7813082195450399,0.2481816836445189,6.0,0.101319748072318,0.582725162400625,0.979891276689456,0.0,3.0,missense,possibly_wt_like,139
urn:mavedb:00000013-a-1#762,p.Leu140Ala,0.230269954195939,0.201121064193774,7.0,0.0760166170390546,0.0812801225728179,0.37925978581906,0.0,1.0,missense,low,140
urn:mavedb:00000013-a-1#763,p.Leu140Asp,0.143690008810837,0.136068752300194,4.0,0.0680343761500972,0.010345081845996,0.2770349357756789,0.0,1.0,missense,low,140
urn:mavedb:00000013-a-1#764,p.Leu140Glu,0.25266022017063,0.189163111109892,6.0,0.077225516729439,0.101300988693434,0.404019451647826,0.0,1.0,missense,low,140
urn:mavedb:00000013-a-1#765,p.Leu140Gly,0.333353603159088,0.351900568061221,7.0,0.133005912758907,0.0726668044207534,0.594040401897422,0.0,1.0,missense,low,140
urn:mavedb:00000013-a-1#766,p.Leu140His,0.227702847704174,0.024172696384135,2.0,0.0170926775327854,0.194201815340558,0.261203880067791,0.0,1.0,missense,low,140
urn:mavedb:00000013-a-1#767,p.Leu140Lys,0.1327600936974509,0.263567801822337,5.0,0.117871104310988,-0.0982630255700483,0.363783212964951,0.0,1.0,missense,low,140
urn:mavedb:00000013-a-1#768,p.Tyr16Ser,0.9078884251135628,0.2661429863385,8.0,0.0940957552025961,0.7234641338183772,1.09231271640875,1.0,4.0,missense,wt_like,16
urn:mavedb:00000013-a-1#769,p.Leu140=,0.902687355560912,0.430790715994974,8.0,0.152307518276127,0.604170105165027,1.2012046059568,0.0,3.0,synonymous,possibly_wt_like,140
urn:mavedb:00000013-a-1#770,p.Leu140Met,0.64533344885056,0.774722856365442,3.0,0.447286449669944,-0.2313318832753169,1.52199878097644,0.0,2.0,missense,possibly_low,140
urn:mavedb:00000013-a-1#771,p.Leu140Pro,0.2340204698306369,0.146292968671243,6.0,0.0597238543669185,0.116963866253562,0.351077073407713,0.0,1.0,missense,low,140
urn:mavedb:00000013-a-1#772,p.Leu140Arg,0.159983223079769,0.154831276110548,4.0,0.077415638055274,0.0082513606512439,0.311715085508295,0.0,1.0,missense,low,140
urn:mavedb:00000013-a-1#773,p.Leu140Ser,0.1942067365225269,0.1473851807585079,7.0,0.0557063621747592,0.085024272950255,0.3033892000948,1.0,1.0,missense,low,140
urn:mavedb:00000013-a-1#774,p.Leu140Thr,0.265089008820914,0.114207934995398,7.0,0.0431665419640078,0.180484141234322,0.349693876407506,0.0,1.0,missense,low,140
urn:mavedb:00000013-a-1#775,p.Leu140Val,0.634695177868406,0.1630067092052609,8.0,0.0576315747289718,0.5217393670272921,0.7476509887095191,1.0,2.0,missense,possibly_low,140
urn:mavedb:00000013-a-1#776,p.His141Ala,0.4502959144467679,0.208384811588345,2.0,0.147350313370399,0.161494607130095,0.7390972217634421,0.0,2.0,missense,possibly_low,141
urn:mavedb:00000013-a-1#777,p.His141Gly,0.5164719917700159,0.120664540407871,8.0,0.042661357385582,0.4328572677626839,0.6000867157773491,0.0,1.0,missense,low,141
urn:mavedb:00000013-a-1#778,p.His141Lys,0.578312413434282,0.4068342183873751,7.0,0.153768880954905,0.276930944819641,0.879693882048923,0.0,2.0,missense,possibly_low,141
urn:mavedb:00000013-a-1#779,p.Ile4Leu,1.09642752629364,0.124366013788616,6.0,0.0507722125210079,0.996915818337055,1.19593923425023,1.0,4.0,missense,wt_like,4
urn:mavedb:00000013-a-1#780,p.Tyr16Thr,0.878622335811747,0.379154126651069,5.0,0.169562880228271,0.546285197449456,1.2109594741740402,0.0,3.0,missense,possibly_wt_like,16
urn:mavedb:00000013-a-1#781,p.His141Leu,0.300202898003375,0.0416881594100353,3.0,0.0240686700574039,0.253029171535086,0.347376624471664,1.0,1.0,missense,low,141
urn:mavedb:00000013-a-1#782,p.His141Met,0.523999299108842,0.266930185334434,8.0,0.0943740720766799,0.339029516764162,0.708969081453521,0.0,2.0,missense,possibly_low,141
urn:mavedb:00000013-a-1#783,p.His141Pro,0.1333141632986919,0.127095827804144,4.0,0.0635479139020721,0.0087625407579788,0.257865785839406,1.0,1.0,missense,low,141
urn:mavedb:00000013-a-1#784,p.His141Gln,0.7034935861675949,0.0609605794841659,2.0,0.0431056391383152,0.619008085925917,0.7879790864092729,1.0,2.0,missense,possibly_low,141
urn:mavedb:00000013-a-1#785,p.His141Ter,0.0396968918359985,0.0832243208263667,2.0,0.0588484816159687,-0.0756440126761676,0.155037796348165,0.0,1.0,nonsense,low,141
urn:mavedb:00000013-a-1#786,p.Arg142Ala,1.07420089431304,0.286218786362854,3.0,0.165248493353721,0.7503197988402429,1.3980819897858403,0.0,4.0,missense,wt_like,142
urn:mavedb:00000013-a-1#787,p.Arg142Asp,0.755040846600374,0.211732604449886,7.0,0.0800274022597725,0.598190020394921,0.911891672805828,0.0,3.0,missense,possibly_wt_like,142
urn:mavedb:00000013-a-1#788,p.Arg142Glu,0.64954895113798,0.157852262230089,3.0,0.0911360460907332,0.47092558310676,0.8281723191691992,0.0,2.0,missense,possibly_low,142
urn:mavedb:00000013-a-1#789,p.Arg142Gly,0.94448946169368,0.094799397767372,8.0,0.0335166485068548,0.8787980377377559,1.0101808856496,1.0,4.0,missense,wt_like,142
urn:mavedb:00000013-a-1#790,p.Arg142Met,0.927236830512698,0.289230199765249,7.0,0.109318740032626,0.7129760372134542,1.14149762381194,0.0,4.0,missense,wt_like,142
urn:mavedb:00000013-a-1#791,p.Tyr16Val,0.86227288488711,0.472303840169483,6.0,0.192817235328709,0.484358048044257,1.24018772172996,0.0,3.0,missense,possibly_wt_like,16
urn:mavedb:00000013-a-1#792,p.Arg142Pro,0.193655578382884,0.126015539079356,6.0,0.0514456284010294,0.0928239995548353,0.294487157210932,1.0,1.0,missense,low,142
urn:mavedb:00000013-a-1#793,p.Arg142Gln,1.05805008798212,0.1910514090691869,4.0,0.0955257045345935,0.8708231474965049,1.24527702846774,1.0,4.0,missense,wt_like,142
urn:mavedb:00000013-a-1#794,p.Arg142=,0.9249707431889508,0.253992091158166,8.0,0.0897997650128455,0.748966437943614,1.10097504843429,0.0,4.0,synonymous,wt_like,142
urn:mavedb:00000013-a-1#795,p.Arg142Ser,0.871550932689828,0.6654157150593579,5.0,0.297582954433871,0.288299059586417,1.45480280579324,0.0,3.0,missense,possibly_wt_like,142
urn:mavedb:00000013-a-1#796,p.Arg142Thr,0.5998932539721121,0.326111588350907,6.0,0.133134498444713,0.338954431920672,0.860832076023553,0.0,2.0,missense,possibly_low,142
urn:mavedb:00000013-a-1#797,p.Arg142Val,0.943767431947805,0.101864278580418,2.0,0.0720289221448894,0.8025933386985821,1.08494152519703,0.0,4.0,missense,wt_like,142
urn:mavedb:00000013-a-1#798,p.Arg142Trp,0.4187442520890871,0.148862214906504,4.0,0.0744311074532521,0.272861962151282,0.5646265420268921,1.0,1.0,missense,low,142
urn:mavedb:00000013-a-1#799,p.Arg142Tyr,0.682993686823346,0.0723675112992617,4.0,0.0361837556496309,0.612074828924672,0.7539125447220201,0.0,2.0,missense,possibly_low,142
urn:mavedb:00000013-a-1#800,p.Gly143Phe,1.02784396645485,0.893238868244538,2.0,0.63161526095511,-0.210099197103033,2.26578713001273,0.0,3.0,missense,possibly_wt_like,143
urn:mavedb:00000013-a-1#801,p.Gly143=,1.03739050764106,0.166606733389484,8.0,0.0589043754855218,0.92194005315761,1.1528409621245,0.0,4.0,synonymous,wt_like,143
urn:mavedb:00000013-a-1#802,p.Tyr16Trp,0.9688490027387452,0.277081701638661,8.0,0.0979631750857023,0.776844707759577,1.16085329771791,0.0,4.0,missense,wt_like,16
urn:mavedb:00000013-a-1#803,p.Gly143Ile,0.356269272376352,0.128078929477341,3.0,0.0739464044112621,0.211336982944045,0.5012015618086589,0.0,1.0,missense,low,143
urn:mavedb:00000013-a-1#804,p.Gly143Lys,0.666640453301647,0.354973112399264,4.0,0.177486556199632,0.3187731954103239,1.01450771119297,0.0,2.0,missense,possibly_low,143
urn:mavedb:00000013-a-1#805,p.Gly143Leu,0.5008622258511111,0.3496239547589629,6.0,0.1427333818355619,0.221109938061807,0.780614513640416,0.0,2.0,missense,possibly_low,143
urn:mavedb:00000013-a-1#806,p.Gly143Met,0.7863732904511991,0.153912272903562,7.0,0.0581733711176472,0.6723555782013281,0.90039100270107,0.0,3.0,missense,possibly_wt_like,143
urn:mavedb:00000013-a-1#807,p.Gly143Arg,0.976882363063214,0.172871951437404,8.0,0.0611194645691699,0.857090413753269,1.09667431237316,1.0,4.0,missense,wt_like,143
urn:mavedb:00000013-a-1#808,p.Gly143Val,0.426310039357407,0.304110722683073,8.0,0.107519377120371,0.2155759325613,0.637044146153515,1.0,1.0,missense,low,143
urn:mavedb:00000013-a-1#809,p.Lys144Gly,0.788315039938988,0.0515517470109163,3.0,0.029763415013948,0.7299798184547309,0.8466502614232441,0.0,4.0,missense,wt_like,144
urn:mavedb:00000013-a-1#810,p.Lys144Ile,1.16549077965915,0.2470624305266549,7.0,0.0933808213543858,0.982467732957785,1.34851382636052,1.0,4.0,missense,wt_like,144
urn:mavedb:00000013-a-1#811,p.Lys144Leu,0.982176513103317,0.232552020392721,7.0,0.0878964018349657,0.809902731136124,1.15445029507051,0.0,4.0,missense,wt_like,144
urn:mavedb:00000013-a-1#812,p.Lys144Asn,0.592452613366926,0.121772765426173,3.0,0.0703055388987661,0.454656289211665,0.730248937522188,1.0,2.0,missense,possibly_low,144
urn:mavedb:00000013-a-1#813,p.Tyr16Ter,0.354613210446644,0.263397656194747,5.0,0.117795012873115,0.123739227656908,0.585487193236381,1.0,1.0,nonsense,low,16
urn:mavedb:00000013-a-1#814,p.Lys144Pro,0.6151843975606099,0.1260247778096619,4.0,0.0630123889048308,0.49168238472731,0.738686410393909,0.0,2.0,missense,possibly_low,144
urn:mavedb:00000013-a-1#815,p.Lys144Gln,1.08469479186174,0.1799296813681939,7.0,0.0680070271970475,0.951403467859894,1.21798611586359,1.0,4.0,missense,wt_like,144
urn:mavedb:00000013-a-1#816,p.Lys144Arg,0.841456193947278,0.259651669675433,7.0,0.0981391064948409,0.649107079742449,1.03380530815211,1.0,3.0,missense,possibly_wt_like,144
urn:mavedb:00000013-a-1#817,p.Lys144Val,1.1338150819690802,0.142679284168927,2.0,0.100889489370691,0.936075316383888,1.33155484755427,0.0,4.0,missense,wt_like,144
urn:mavedb:00000013-a-1#818,p.Lys144Ter,-0.0188865964429966,0.0278515986753895,3.0,0.0160801279925976,-0.0504030681752822,0.0126298752892889,1.0,1.0,nonsense,low,144
urn:mavedb:00000013-a-1#819,p.Phe145Gly,0.4416140655557,0.0984462781524808,7.0,0.0372091956416222,0.368685382204415,0.514542748906984,0.0,1.0,missense,low,145
urn:mavedb:00000013-a-1#820,p.Phe145Pro,0.1517353955202139,0.0705953853636647,3.0,0.0407582647432572,0.0718506645510812,0.231620126489347,0.0,1.0,missense,low,145
urn:mavedb:00000013-a-1#821,p.Phe145Gln,0.1382289542844669,0.184054563338611,3.0,0.106263951689126,-0.0700445638811236,0.346502472450059,0.0,1.0,missense,low,145
urn:mavedb:00000013-a-1#822,p.Phe145Arg,0.284991664705442,0.238039444200828,6.0,0.0971791961579563,0.0945239401892943,0.475459389221589,0.0,1.0,missense,low,145
urn:mavedb:00000013-a-1#823,p.Phe145Ser,0.7475091157868651,0.147775640562574,2.0,0.104493157535982,0.5427062903854699,0.95231194118826,1.0,3.0,missense,possibly_wt_like,145
urn:mavedb:00000013-a-1#824,p.Gln17Ala,0.921945609325414,0.209545706064487,8.0,0.0740855948633607,0.7767405116200021,1.06715070703083,0.0,4.0,missense,wt_like,17
urn:mavedb:00000013-a-1#825,p.Phe145Val,0.584132718082223,0.1690803255722789,3.0,0.0976185714838251,0.392803833751677,0.7754616024127691,1.0,2.0,missense,possibly_low,145
urn:mavedb:00000013-a-1#826,p.Leu146Ala,1.11439619086945,0.0469138910788455,2.0,0.0331731305136987,1.0493780498081502,1.17941433193075,0.0,4.0,missense,wt_like,146
urn:mavedb:00000013-a-1#827,p.Leu146Cys,0.8620809420021729,0.417169618753021,6.0,0.170308783689382,0.5282818597201611,1.19588002428418,0.0,3.0,missense,possibly_wt_like,146
urn:mavedb:00000013-a-1#828,p.Leu146Asp,1.03085677087486,0.243907267431254,7.0,0.0921882817977746,0.8501710587545921,1.2115424829951298,0.0,4.0,missense,wt_like,146
urn:mavedb:00000013-a-1#829,p.Leu146Phe,0.680974507752302,0.32328429653569,7.0,0.122189978772271,0.441486550086937,0.9204624654176672,1.0,2.0,missense,possibly_low,146
urn:mavedb:00000013-a-1#830,p.Leu146Gly,1.02758783344365,0.101280057416642,8.0,0.0358079076991352,0.957405623991608,1.0977700428956898,0.0,4.0,missense,wt_like,146
urn:mavedb:00000013-a-1#831,p.Leu146Lys,1.11188375749874,0.28347546281541,3.0,0.163664634765131,0.7911069678161808,1.4326605471813,0.0,4.0,missense,wt_like,146
urn:mavedb:00000013-a-1#832,p.Leu146=,0.8377987457178141,0.145509684887764,8.0,0.0514454424562277,0.73696753133488,0.938629960100748,0.0,4.0,synonymous,wt_like,146
urn:mavedb:00000013-a-1#833,p.Leu146Met,1.01639200336564,0.150355681815046,7.0,0.0568291060411668,0.905009002251342,1.12777500447993,0.0,4.0,missense,wt_like,146
urn:mavedb:00000013-a-1#834,p.Leu146Asn,0.976617260238344,0.0461177416184398,2.0,0.0326101678314079,0.912702505758978,1.04053201471771,0.0,4.0,missense,wt_like,146
urn:mavedb:00000013-a-1#835,p.Gln17Cys,1.01074485968661,0.187002341696848,5.0,0.0836299895971592,0.8468330920487229,1.17465662732451,0.0,4.0,missense,wt_like,17
urn:mavedb:00000013-a-1#836,p.Leu146Pro,0.9814116285442692,0.1579992521758169,6.0,0.0645029245953461,0.854988219439888,1.10783503764865,0.0,4.0,missense,wt_like,146
urn:mavedb:00000013-a-1#837,p.Leu146Gln,0.9330550188801472,0.1565682434833089,6.0,0.0639187177429909,0.8077766341659041,1.05833340359439,0.0,4.0,missense,wt_like,146
urn:mavedb:00000013-a-1#838,p.Leu146Arg,1.0538557096946,0.185374661794843,7.0,0.0700650363545517,0.916530761864192,1.19118065752501,0.0,4.0,missense,wt_like,146
urn:mavedb:00000013-a-1#839,p.Leu146Thr,0.203377590237951,0.7261519366897181,3.0,0.4192440161203769,-0.618325582091917,1.02508076256782,0.0,2.0,missense,possibly_low,146
urn:mavedb:00000013-a-1#840,p.Leu146Val,0.8741087058309001,0.177817719954487,8.0,0.0628680577974742,0.750889576769868,0.997327834891932,1.0,4.0,missense,wt_like,146
urn:mavedb:00000013-a-1#841,p.Leu146Trp,0.969005176843106,0.0386309344551419,2.0,0.0273161957168039,0.9154664170435228,1.02254393664269,0.0,4.0,missense,wt_like,146
urn:mavedb:00000013-a-1#842,p.Leu146Ter,-0.0711267991475159,0.105250685646862,5.0,0.0470695375569692,-0.163381397528131,0.021127799233099,1.0,1.0,nonsense,low,146
urn:mavedb:00000013-a-1#843,p.Lys147Ala,0.9852779507092,0.1523789142932609,7.0,0.0575938160385705,0.8723961455413771,1.09815975587702,0.0,4.0,missense,wt_like,147
urn:mavedb:00000013-a-1#844,p.Lys147Asp,1.04295372479469,0.0997829883358256,3.0,0.0576097351762342,0.9300407186903852,1.155866730899,0.0,4.0,missense,wt_like,147
urn:mavedb:00000013-a-1#845,p.Lys147Glu,0.9827462651658592,0.0769057795216869,3.0,0.044401572509084,0.89572078219111,1.06977174814061,1.0,4.0,missense,wt_like,147
urn:mavedb:00000013-a-1#846,p.Gln17Asp,0.6970966054853102,0.2507645577742349,7.0,0.0947800939285306,0.511331034934067,0.8828621760365541,0.0,2.0,missense,possibly_low,17
urn:mavedb:00000013-a-1#847,p.Lys147Gly,0.98597597962623,0.0910371504891234,8.0,0.0321864932253797,0.922891612115844,1.04906034713662,0.0,4.0,missense,wt_like,147
urn:mavedb:00000013-a-1#848,p.Lys147His,0.9856351473467192,0.1517349039990899,2.0,0.107292779560446,0.7753451636070492,1.19592513108639,0.0,4.0,missense,wt_like,147
urn:mavedb:00000013-a-1#849,p.Lys147Ile,1.04226704645495,0.13921596386075,3.0,0.0803763742104971,0.884732247794462,1.19980184511544,0.0,4.0,missense,wt_like,147
urn:mavedb:00000013-a-1#850,p.Lys147Leu,1.01663774254342,0.184595284513812,6.0,0.075360709330454,0.868933466406343,1.16434201868051,0.0,4.0,missense,wt_like,147
urn:mavedb:00000013-a-1#851,p.Lys147Pro,0.37588818415276,0.101387866216509,5.0,0.0453420321907538,0.2870194340730269,0.464756934232493,0.0,1.0,missense,low,147
urn:mavedb:00000013-a-1#852,p.Lys147Gln,1.04137152538512,0.182353260518103,7.0,0.0689230540132391,0.906284821814666,1.17645822895558,1.0,4.0,missense,wt_like,147
urn:mavedb:00000013-a-1#853,p.Lys147Arg,1.18557073287859,0.157706921927315,8.0,0.055757816967431,1.07628741976585,1.2948540459913302,1.0,4.0,missense,wt_like,147
urn:mavedb:00000013-a-1#854,p.Lys147Val,0.625651743480413,0.1879902458675789,8.0,0.0664645888249457,0.495383543136256,0.7559199438245698,0.0,2.0,missense,possibly_low,147
urn:mavedb:00000013-a-1#855,p.Ala148=,0.876207333201726,0.4212966266515889,8.0,0.148950850798178,0.584269030170699,1.16814563623275,0.0,3.0,synonymous,possibly_wt_like,148
urn:mavedb:00000013-a-1#856,p.Ala148Glu,0.2449520406055549,0.251329081201658,7.0,0.0949934637282779,0.0587682729314181,0.4311358082796911,1.0,1.0,missense,low,148
urn:mavedb:00000013-a-1#857,p.Gln17Glu,0.8176988968283191,0.209312228620099,8.0,0.0740030481212706,0.6726555877644439,0.9627422058921932,1.0,3.0,missense,possibly_wt_like,17
urn:mavedb:00000013-a-1#858,p.Ala148Gly,0.489498330140286,0.121065454933667,8.0,0.0428031020755151,0.405605791645684,0.5733908686348871,1.0,1.0,missense,low,148
urn:mavedb:00000013-a-1#859,p.Ala148Lys,0.241631344172194,0.259812119797764,4.0,0.129906059898882,-0.0129798546031172,0.496242542947505,0.0,1.0,missense,low,148
urn:mavedb:00000013-a-1#860,p.Ala148Leu,0.377003400767219,0.22249385564289,5.0,0.0995022771587056,0.181982521156434,0.572024280378005,0.0,1.0,missense,low,148
urn:mavedb:00000013-a-1#861,p.Ala148Pro,0.886220123863932,0.210203555951768,8.0,0.0743181799215104,0.740559167821204,1.03188107990666,1.0,4.0,missense,wt_like,148
urn:mavedb:00000013-a-1#862,p.Ala148Arg,0.286072849753841,0.17716902832477,8.0,0.0626387106723383,0.163303232798033,0.4088424667096479,0.0,1.0,missense,low,148
urn:mavedb:00000013-a-1#863,p.Ala148Trp,0.548444316655894,0.6075687328456091,2.0,0.429615971032048,-0.293587513750122,1.39047614706191,0.0,2.0,missense,possibly_low,148
urn:mavedb:00000013-a-1#864,p.Gln149Cys,0.9316680568388432,0.1374390073674989,7.0,0.051947061990568,0.82985368623466,1.03348242744303,0.0,4.0,missense,wt_like,149
urn:mavedb:00000013-a-1#865,p.Gln149Asp,0.885675301064363,0.322016670237007,8.0,0.11385008558985,0.662533233671454,1.10881736845727,0.0,3.0,missense,possibly_wt_like,149
urn:mavedb:00000013-a-1#866,p.Gln149Glu,1.17756225561879,0.260111329542307,6.0,0.106190005615929,0.9694336690934642,1.38569084214412,1.0,4.0,missense,wt_like,149
urn:mavedb:00000013-a-1#867,p.Gln149Phe,0.5208008765583161,0.233192462758986,4.0,0.116596231379493,0.292276462321411,0.7493252907952209,0.0,2.0,missense,possibly_low,149
urn:mavedb:00000013-a-1#868,p.Gln17Phe,0.985872299212155,0.242945824063413,8.0,0.0858943198280965,0.8175225258725209,1.15422207255179,0.0,4.0,missense,wt_like,17
urn:mavedb:00000013-a-1#869,p.Gln149Gly,1.03873074878755,0.0914799724947123,8.0,0.032343054446885,0.975339526921634,1.10212197065346,0.0,4.0,missense,wt_like,149
urn:mavedb:00000013-a-1#870,p.Gln149His,0.7494672232528271,0.653275597061859,3.0,0.377168841818678,0.0102298771975333,1.48870456930812,1.0,3.0,missense,possibly_wt_like,149
urn:mavedb:00000013-a-1#871,p.Gln149Ile,0.608663432560568,0.273039169861557,6.0,0.111467774325653,0.39019060944545,0.827136255675687,0.0,2.0,missense,possibly_low,149
urn:mavedb:00000013-a-1#872,p.Gln149Lys,0.999516430142603,0.34271404529044,2.0,0.242335425432744,0.5245477241162341,1.47448513616897,1.0,3.0,missense,possibly_wt_like,149
urn:mavedb:00000013-a-1#873,p.Gln149Leu,0.540685420607057,0.239910889186345,7.0,0.090677792800492,0.362960212520508,0.7184106286936071,1.0,2.0,missense,possibly_low,149
urn:mavedb:00000013-a-1#874,p.Gln149Pro,0.640742526663987,0.194028525015918,4.0,0.0970142625079588,0.450598066161674,0.8308869871663008,1.0,2.0,missense,possibly_low,149
urn:mavedb:00000013-a-1#875,p.Gln149=,1.13287387122972,0.12739777593408,7.0,0.0481518332434722,1.03849801228294,1.2272497301765,0.0,4.0,synonymous,wt_like,149
urn:mavedb:00000013-a-1#876,p.Gln149Arg,1.09484588352595,0.103813376906692,7.0,0.0392377682938463,1.01794127083628,1.1717504962156202,1.0,4.0,missense,wt_like,149
urn:mavedb:00000013-a-1#877,p.Gln149Ser,0.654723147381437,0.824750978503522,2.0,0.5831870096900811,-0.4883023878627321,1.7977486826256102,0.0,2.0,missense,possibly_low,149
urn:mavedb:00000013-a-1#878,p.Gln149Thr,0.969053081002316,0.0900619572430978,8.0,0.0318417103467637,0.9066444755165028,1.03146168648813,0.0,4.0,missense,wt_like,149
urn:mavedb:00000013-a-1#879,p.Gln17Gly,0.8699367166504909,0.140824030811667,8.0,0.0497888135704767,0.7723524352193771,0.967520998081604,0.0,4.0,missense,wt_like,17
urn:mavedb:00000013-a-1#880,p.Gln149Val,0.730989292126604,0.232407816843234,8.0,0.0821685716453058,0.569941851040706,0.8920367332125029,0.0,3.0,missense,possibly_wt_like,149
urn:mavedb:00000013-a-1#881,p.Gln149Trp,0.5502730540424899,0.236810865830709,7.0,0.0895060941065626,0.374844333196775,0.725701774888206,0.0,2.0,missense,possibly_low,149
urn:mavedb:00000013-a-1#882,p.Ala151=,0.9205975397492492,0.201558139361634,7.0,0.0761818159245403,0.77128392426029,1.06991115523821,0.0,4.0,synonymous,wt_like,151
urn:mavedb:00000013-a-1#883,p.Ala151Asp,0.24923178368769,0.184645438741292,2.0,0.130564041849133,-0.0066690360125907,0.505132603387971,1.0,1.0,missense,low,151
urn:mavedb:00000013-a-1#884,p.Ala151Glu,0.23841746860379,0.178312985906303,8.0,0.0630431607539841,0.1148551440544119,0.361979793153168,0.0,1.0,missense,low,151
urn:mavedb:00000013-a-1#885,p.Ala151Gly,0.214107772879334,0.0998772502211271,8.0,0.0353119404588123,0.144897641355839,0.2833179044028289,1.0,1.0,missense,low,151
urn:mavedb:00000013-a-1#886,p.Ala151Lys,0.109583789381352,0.175431369792516,4.0,0.0877156848962582,-0.0623357938945775,0.281503372657282,0.0,1.0,missense,low,151
urn:mavedb:00000013-a-1#887,p.Ala151Leu,0.176906923019825,0.16870973894201,7.0,0.0637662875707413,0.0519272959533481,0.301886550086302,0.0,1.0,missense,low,151
urn:mavedb:00000013-a-1#888,p.Ala151Met,0.491646236719478,0.0619508681327545,3.0,0.0357673503929768,0.421543518126819,0.5617489553121371,0.0,1.0,missense,low,151
urn:mavedb:00000013-a-1#889,p.Ala151Arg,0.229636652433873,0.127645968205079,8.0,0.0451296648544669,0.141184134684755,0.318089170182991,0.0,1.0,missense,low,151
urn:mavedb:00000013-a-1#890,p.Ile4Arg,1.02947980437247,0.314144652795128,5.0,0.140489759683595,0.754124935195934,1.304834673549,0.0,4.0,missense,wt_like,4
urn:mavedb:00000013-a-1#891,p.Gln17His,1.09232219069472,0.0235299622820658,3.0,0.0135850300575725,1.06569602105298,1.1189483603364498,1.0,4.0,missense,wt_like,17
urn:mavedb:00000013-a-1#892,p.Ala151Ser,0.815132472418077,0.1351295186367719,2.0,0.0955509989665354,0.627855955756843,1.00240898907931,1.0,3.0,missense,possibly_wt_like,151
urn:mavedb:00000013-a-1#893,p.Ala151Thr,0.701714586098561,0.262423889760558,6.0,0.107134104371625,0.491735600014221,0.9116935721829008,1.0,2.0,missense,possibly_low,151
urn:mavedb:00000013-a-1#894,p.Ala151Val,0.970038052845563,0.0799311096547267,8.0,0.0282599148323114,0.914649637568063,1.02542646812306,1.0,4.0,missense,wt_like,151
urn:mavedb:00000013-a-1#895,p.Ala151Trp,-0.1578875614404339,0.166323069365088,3.0,0.0960266688703783,-0.346096373981729,0.0303212511008615,0.0,1.0,missense,low,151
urn:mavedb:00000013-a-1#896,p.Leu152Cys,0.257705422994109,0.157907808215703,7.0,0.0596835415162903,0.140727831152379,0.374683014835839,0.0,1.0,missense,low,152
urn:mavedb:00000013-a-1#897,p.Leu152Asp,0.296612858618161,0.103904690662473,4.0,0.0519523453312364,0.19478813285655,0.398437584379772,0.0,1.0,missense,low,152
urn:mavedb:00000013-a-1#898,p.Leu152Phe,0.6212993995834929,0.174423809686202,3.0,0.100703633475409,0.4239239048593689,0.8186748943076159,0.0,2.0,missense,possibly_low,152
urn:mavedb:00000013-a-1#899,p.Leu152Gly,0.222664810496726,0.129888660598667,8.0,0.0459225763542778,0.132658214765051,0.3126714062284019,0.0,1.0,missense,low,152
urn:mavedb:00000013-a-1#900,p.Leu152Ile,1.1086243819335702,0.0901489622955789,4.0,0.0450744811477894,1.0202800222620698,1.19696874160507,1.0,4.0,missense,wt_like,152
urn:mavedb:00000013-a-1#901,p.Leu152=,0.888489337101635,0.236391921377895,8.0,0.0835771653120135,0.724681103160139,1.05229757104313,0.0,4.0,synonymous,wt_like,152
urn:mavedb:00000013-a-1#902,p.Gln17Ile,0.9128540487893207,0.157488205701911,8.0,0.0556804891043617,0.803722295503197,1.02198580207544,0.0,4.0,missense,wt_like,17
urn:mavedb:00000013-a-1#903,p.Leu152Asn,0.245781439779542,0.148327901826012,2.0,0.1048836652203459,0.0402132333811087,0.451349646177976,0.0,1.0,missense,low,152
urn:mavedb:00000013-a-1#904,p.Leu152Gln,0.8934285490445011,0.190402672633511,4.0,0.0952013363167555,0.7068373585835749,1.08001973950543,1.0,3.0,missense,possibly_wt_like,152
urn:mavedb:00000013-a-1#905,p.Leu152Arg,0.182816637518017,0.128661970501948,8.0,0.0454888759113756,0.0936600790345097,0.271973196001525,1.0,1.0,missense,low,152
urn:mavedb:00000013-a-1#906,p.Leu152Thr,0.2192923003988,0.119852192542031,8.0,0.042374149043273,0.136240494398453,0.302344106399148,0.0,1.0,missense,low,152
urn:mavedb:00000013-a-1#907,p.Leu152Val,0.443232808999198,0.0680906086761783,7.0,0.0257358310251692,0.392791507077657,0.493674110920738,1.0,1.0,missense,low,152
urn:mavedb:00000013-a-1#908,p.Leu152Trp,0.249043838024677,0.214855630963533,8.0,0.0759629368152143,0.100159217706965,0.3979284583423889,0.0,1.0,missense,low,152
urn:mavedb:00000013-a-1#909,p.Leu152Ter,-0.0452499642257533,0.0357594145552798,4.0,0.0178797072776399,-0.0802935465440462,-0.0102063819074604,0.0,1.0,nonsense,low,152
urn:mavedb:00000013-a-1#910,p.Leu152Tyr,0.542487533201245,0.0474017364294088,2.0,0.0335180892692524,0.4767932854029121,0.608181780999578,0.0,1.0,missense,low,152
urn:mavedb:00000013-a-1#911,p.Asp153Gly,0.602831180030725,0.291836370489264,6.0,0.1191416993474209,0.369317740252881,0.8363446198085691,1.0,2.0,missense,possibly_low,153
urn:mavedb:00000013-a-1#912,p.Asp153Ile,0.307300030496986,0.160505008246815,5.0,0.0717800218338084,0.166613772893223,0.44798628810075,0.0,1.0,missense,low,153
urn:mavedb:00000013-a-1#913,p.Gln17Lys,0.8046214924231749,0.179843603414864,8.0,0.0635843157638371,0.679998523544432,0.929244461301918,1.0,3.0,missense,possibly_wt_like,17
urn:mavedb:00000013-a-1#914,p.Asp153Leu,0.4708862088729621,0.0325842854459616,3.0,0.0188125459735776,0.434014296307246,0.5077581214386779,0.0,1.0,missense,low,153
urn:mavedb:00000013-a-1#915,p.Asp153Met,0.7125123706351991,0.453386077327177,3.0,0.2617625737916739,0.19946715350301,1.22555758776739,0.0,3.0,missense,possibly_wt_like,153
urn:mavedb:00000013-a-1#916,p.Asp153Pro,0.203183784462458,0.125379996251985,3.0,0.0723881745870778,0.0613055693651875,0.345061999559728,0.0,1.0,missense,low,153
urn:mavedb:00000013-a-1#917,p.Asp153Ter,-0.034304237680259,0.0896681929063272,6.0,0.036606886462992,-0.10605241673387,0.0374439413733521,0.0,1.0,nonsense,low,153
urn:mavedb:00000013-a-1#918,p.Asp153Tyr,0.396520130041725,0.3597393945057849,5.0,0.16088034805991,0.0812004420240331,0.711839818059417,1.0,2.0,missense,possibly_low,153
urn:mavedb:00000013-a-1#919,p.Phe154Ala,0.636378693870163,0.266697695233435,8.0,0.0942918744131925,0.451570015985531,0.8211873717547942,0.0,2.0,missense,possibly_low,154
urn:mavedb:00000013-a-1#920,p.Phe154Cys,0.430474252977152,0.211073884277303,4.0,0.105536942138652,0.223625647346908,0.637322858607397,1.0,1.0,missense,low,154
urn:mavedb:00000013-a-1#921,p.Phe154Asp,0.219809527619118,0.113983379870084,7.0,0.0430816681044068,0.135371009740572,0.304248045497663,0.0,1.0,missense,low,154
urn:mavedb:00000013-a-1#922,p.Phe154Glu,0.276348728602415,0.102241861196984,4.0,0.0511209305984918,0.1761535457731989,0.37654391143163,0.0,1.0,missense,low,154
urn:mavedb:00000013-a-1#923,p.Phe154=,0.8807168117747609,0.285672985860005,7.0,0.107974239553549,0.6690911909917039,1.09234243255782,0.0,3.0,synonymous,possibly_wt_like,154
urn:mavedb:00000013-a-1#924,p.Gln17Leu,0.9911529291681708,0.102455124377993,8.0,0.0362233566074951,0.9201564548183292,1.06214940351801,1.0,4.0,missense,wt_like,17
urn:mavedb:00000013-a-1#925,p.Phe154Gly,0.3152741579025,0.14764232505737,7.0,0.0558035535841659,0.205901202668184,0.424647113136816,0.0,1.0,missense,low,154
urn:mavedb:00000013-a-1#926,p.Phe154His,0.7197074969528471,0.194502530557028,8.0,0.0687670291574092,0.58492659648051,0.854488397425185,0.0,3.0,missense,possibly_wt_like,154
urn:mavedb:00000013-a-1#927,p.Phe154Ile,0.612947692572446,0.393685847668878,7.0,0.148799263945358,0.321306494313474,0.904588890831417,1.0,2.0,missense,possibly_low,154
urn:mavedb:00000013-a-1#928,p.Phe154Lys,0.42270127349244,0.201730928502232,5.0,0.0902168138590279,0.245879567528791,0.599522979456089,0.0,1.0,missense,low,154
urn:mavedb:00000013-a-1#929,p.Phe154Leu,0.422159163671711,0.2075239081745369,7.0,0.0784366645900042,0.268426126007855,0.5758922013355671,1.0,1.0,missense,low,154
urn:mavedb:00000013-a-1#930,p.Phe154Met,0.6020070461542629,0.209838246045368,6.0,0.0856661052219568,0.434104565223409,0.7699095270851171,0.0,2.0,missense,possibly_low,154
urn:mavedb:00000013-a-1#931,p.Phe154Asn,0.136239452790039,0.283434911744007,2.0,0.200418748119198,-0.256574075350194,0.5290529809302721,0.0,1.0,missense,low,154
urn:mavedb:00000013-a-1#932,p.Phe154Pro,1.32648977263051,0.403344354182168,2.0,0.2852075279955189,0.767493289639591,1.88548625562142,0.0,4.0,missense,wt_like,154
urn:mavedb:00000013-a-1#933,p.Phe154Arg,0.340293109283176,0.17856459722811,8.0,0.0631321187899205,0.2165564301872269,0.464029788379124,0.0,1.0,missense,low,154
urn:mavedb:00000013-a-1#934,p.Phe154Ser,0.334437718668211,0.152974844803336,7.0,0.0578190565997613,0.221114450112596,0.447760987223826,1.0,1.0,missense,low,154
urn:mavedb:00000013-a-1#935,p.Gln17Met,0.8993659955499521,0.218871269929703,8.0,0.077382679587102,0.7476987305320292,1.05103326056787,0.0,4.0,missense,wt_like,17
urn:mavedb:00000013-a-1#936,p.Phe154Thr,0.590887910256518,0.231101801623665,4.0,0.115550900811832,0.364412306284167,0.81736351422887,0.0,2.0,missense,possibly_low,154
urn:mavedb:00000013-a-1#937,p.Phe154Val,0.243647973281668,0.103944360191682,8.0,0.0367498809788178,0.171619530127052,0.3156764164362849,1.0,1.0,missense,low,154
urn:mavedb:00000013-a-1#938,p.Phe154Trp,0.444323086018585,0.5353531717178049,4.0,0.267676585858902,-0.0803133817695076,0.968959553806677,0.0,2.0,missense,possibly_low,154
urn:mavedb:00000013-a-1#939,p.Tyr155Ala,0.372477389855884,0.49603772662713,2.0,0.350751640222402,-0.314983192498375,1.05993797221014,0.0,2.0,missense,possibly_low,155
urn:mavedb:00000013-a-1#940,p.Tyr155Asp,0.3489107870995889,0.196116293192865,2.0,0.1386751608178439,0.0771124663463155,0.6207091078528629,1.0,1.0,missense,low,155
urn:mavedb:00000013-a-1#941,p.Tyr155Glu,0.103948616676238,0.117889515188232,6.0,0.0481281930392095,0.0096190916783966,0.19827814167408,0.0,1.0,missense,low,155
urn:mavedb:00000013-a-1#942,p.Tyr155Leu,0.687755012627179,0.593524576183325,4.0,0.296762288091662,0.106111615997821,1.26939840925654,0.0,2.0,missense,possibly_low,155
urn:mavedb:00000013-a-1#943,p.Tyr155Asn,0.2766915524112169,0.0724953127918053,3.0,0.0418551883553349,0.194656890668621,0.3587262141538139,1.0,1.0,missense,low,155
urn:mavedb:00000013-a-1#944,p.Tyr155Gln,0.3010996399223549,0.228460434754472,3.0,0.131901693504673,0.0425770711533539,0.559622208691355,0.0,1.0,missense,low,155
urn:mavedb:00000013-a-1#945,p.Tyr155Arg,0.21716018285085,0.0305671643570296,2.0,0.0216142491984994,0.1747970328689169,0.2595233328327819,0.0,1.0,missense,low,155
urn:mavedb:00000013-a-1#946,p.Gln17Asn,1.1354092547965702,0.171581768644463,4.0,0.0857908843222316,0.967262211323158,1.30355629826999,0.0,4.0,missense,wt_like,17
urn:mavedb:00000013-a-1#947,p.Tyr155Ter,0.216119070805287,0.2539106332366069,6.0,0.103658581949442,0.0129519834958876,0.419286158114687,1.0,1.0,nonsense,low,155
urn:mavedb:00000013-a-1#948,p.Gly156Ala,1.04244496105226,0.166564397761034,4.0,0.0832821988805168,0.879214850693148,1.20567507141138,1.0,4.0,missense,wt_like,156
urn:mavedb:00000013-a-1#949,p.Gly156Glu,0.7886720134835559,0.287363674875988,6.0,0.117315729009535,0.558737409804806,1.01860661716231,1.0,3.0,missense,possibly_wt_like,156
urn:mavedb:00000013-a-1#950,p.Gly156=,1.13734506867002,0.202946054971656,7.0,0.0767063987166635,0.987003289801593,1.28768684753845,0.0,4.0,synonymous,wt_like,156
urn:mavedb:00000013-a-1#951,p.Gly156Met,0.988965225190472,0.0835014141292824,2.0,0.0590444161694818,0.8732402960100929,1.10469015437085,0.0,4.0,missense,wt_like,156
urn:mavedb:00000013-a-1#952,p.Gly156Pro,0.500383529518096,0.337534055550893,6.0,0.137797701151987,0.2303049981077889,0.770462060928403,0.0,2.0,missense,possibly_low,156
urn:mavedb:00000013-a-1#953,p.Gly156Gln,0.997634167310407,0.319727646342682,7.0,0.120845691356392,0.7607809645650351,1.23448737005578,0.0,4.0,missense,wt_like,156
urn:mavedb:00000013-a-1#954,p.Gly156Arg,0.926462522707175,0.36549474584661,4.0,0.182747372923305,0.568284253508187,1.28464079190616,1.0,3.0,missense,possibly_wt_like,156
urn:mavedb:00000013-a-1#955,p.Gly156Ser,1.15870452122748,0.261120433550334,6.0,0.106601970602107,0.949768498166355,1.36764054428861,0.0,4.0,missense,wt_like,156
urn:mavedb:00000013-a-1#956,p.Gly156Val,0.382472759627867,0.219474033519156,7.0,0.0829533874182774,0.219887107892446,0.545058411363289,1.0,1.0,missense,low,156
urn:mavedb:00000013-a-1#957,p.Gln17Pro,0.954703702419106,0.0995336544947118,6.0,0.0406344442910869,0.875061655076777,1.03434574976144,1.0,4.0,missense,wt_like,17
urn:mavedb:00000013-a-1#958,p.Glu157Ala,0.929805374225448,0.205845405759966,7.0,0.0778022503094363,0.7773157657027819,1.08229498274811,1.0,4.0,missense,wt_like,157
urn:mavedb:00000013-a-1#959,p.Glu157Cys,0.998238284962254,0.1511002502776219,6.0,0.0616864188645012,0.87733512565258,1.11914144427193,0.0,4.0,missense,wt_like,157
urn:mavedb:00000013-a-1#960,p.Glu157Asp,0.987474886804952,0.0821483736878103,3.0,0.0474283856621472,0.8945169590622671,1.08043281454764,1.0,4.0,missense,wt_like,157
urn:mavedb:00000013-a-1#961,p.Glu157=,0.7304903099920671,0.509160565710629,6.0,0.207863930522978,0.323084492482094,1.13789612750204,0.0,3.0,synonymous,possibly_wt_like,157
urn:mavedb:00000013-a-1#962,p.Glu157Phe,0.932423420806924,0.173166903797723,8.0,0.0612237459762242,0.812427083694895,1.05241975791895,0.0,4.0,missense,wt_like,157
urn:mavedb:00000013-a-1#963,p.Glu157Gly,0.9985170660546993,0.183267701771879,8.0,0.0647949173476849,0.871521361671987,1.12551277043741,1.0,4.0,missense,wt_like,157
urn:mavedb:00000013-a-1#964,p.Glu157Met,1.16572206296407,0.1249497841519,4.0,0.0624748920759502,1.04327352455719,1.28817060137096,0.0,4.0,missense,wt_like,157
urn:mavedb:00000013-a-1#965,p.Glu157Pro,0.297155419878406,0.158619571953321,5.0,0.0709368290899088,0.158121789684712,0.4361890500721,0.0,1.0,missense,low,157
urn:mavedb:00000013-a-1#966,p.Glu157Gln,0.934242856730984,0.163193500996213,8.0,0.0576976155999979,0.821157608161152,1.04732810530082,1.0,4.0,missense,wt_like,157
urn:mavedb:00000013-a-1#967,p.Glu157Arg,1.1054186640063102,0.121019893121935,5.0,0.0541217415300813,0.999341999826766,1.21149532818586,0.0,4.0,missense,wt_like,157
urn:mavedb:00000013-a-1#968,p.Gln17=,0.800892099083547,0.20230344669179,6.0,0.0825900362668705,0.639018602518624,0.96276559564847,0.0,3.0,synonymous,possibly_wt_like,17
urn:mavedb:00000013-a-1#969,p.Glu157Ser,0.7732109832356171,0.322535622000231,6.0,0.131674616295293,0.5151334776187121,1.03128848885252,0.0,3.0,missense,possibly_wt_like,157
urn:mavedb:00000013-a-1#970,p.Glu157Val,0.8192192000438291,0.230313471900141,8.0,0.0814281088896036,0.659623039291,0.9788153607966572,1.0,3.0,missense,possibly_wt_like,157
urn:mavedb:00000013-a-1#971,p.Glu157Trp,0.8024896750860899,0.249072081332742,4.0,0.124536040666371,0.558403520602788,1.04657582956939,0.0,3.0,missense,possibly_wt_like,157
urn:mavedb:00000013-a-1#972,p.Val158Ala,1.29644608766724,0.149062943495651,3.0,0.0860615305534123,1.12776858732816,1.46512358800632,1.0,4.0,missense,wt_like,158
urn:mavedb:00000013-a-1#973,p.Val158Glu,0.8562440185554159,0.127809277564558,5.0,0.0571580465578982,0.744216305875271,0.96827173123556,1.0,4.0,missense,wt_like,158
urn:mavedb:00000013-a-1#974,p.Val158Gly,0.6289198192767479,0.1421719923991219,7.0,0.0537359621838059,0.523599268721882,0.734240369831614,1.0,2.0,missense,possibly_low,158
urn:mavedb:00000013-a-1#975,p.Val158Lys,1.0263454934045602,0.3775002360804679,5.0,0.168823237879629,0.6954580274070439,1.35723295940207,0.0,3.0,missense,possibly_wt_like,158
urn:mavedb:00000013-a-1#976,p.Val158Leu,0.933249795459322,0.145835915190042,7.0,0.0551207948306226,0.8252150227920799,1.04128456812656,1.0,4.0,missense,wt_like,158
urn:mavedb:00000013-a-1#977,p.Val158Asn,0.697434184591428,0.388396052805719,5.0,0.173695995253237,0.3569962896362429,1.03787207954661,0.0,2.0,missense,possibly_low,158
urn:mavedb:00000013-a-1#978,p.Val158Gln,1.1651531195533895,0.145980242230234,2.0,0.103223619200253,0.962838543567018,1.3674676955397702,0.0,4.0,missense,wt_like,158
urn:mavedb:00000013-a-1#979,p.Gln17Arg,0.84294378579191,0.163923048917754,8.0,0.0579555497412588,0.729352995594823,0.956534575988997,1.0,4.0,missense,wt_like,17
urn:mavedb:00000013-a-1#980,p.Val158Arg,0.925691394280388,0.1947670975718289,8.0,0.0688605677225311,0.790727161589245,1.06065562697153,0.0,4.0,missense,wt_like,158
urn:mavedb:00000013-a-1#981,p.Val158Ser,1.04829910741808,0.1811284414713269,3.0,0.104574554441368,0.843336747013673,1.25326146782248,0.0,4.0,missense,wt_like,158
urn:mavedb:00000013-a-1#982,p.Val158Thr,1.02236699762544,0.106647826154545,8.0,0.0377057005363414,0.9484651825623548,1.09626881268852,0.0,4.0,missense,wt_like,158
urn:mavedb:00000013-a-1#983,p.Val158=,1.14503648124804,0.109588407762225,4.0,0.0547942038811124,1.03764181507951,1.25243114741656,0.0,4.0,synonymous,wt_like,158
urn:mavedb:00000013-a-1#984,p.Arg159Gly,0.923288945760368,0.145424054043766,7.0,0.0549651259495176,0.815559278493605,1.0310186130271302,1.0,4.0,missense,wt_like,159
urn:mavedb:00000013-a-1#985,p.Thr160Ala,0.8049830353389309,0.5133463932948621,5.0,0.229575486282331,0.3550233504922929,1.25494272018557,1.0,3.0,missense,possibly_wt_like,160
urn:mavedb:00000013-a-1#986,p.Thr160Cys,0.679061123269591,0.40414194655786,5.0,0.180737773012492,0.324821597519131,1.03330064902005,0.0,2.0,missense,possibly_low,160
urn:mavedb:00000013-a-1#987,p.Thr160Asp,0.963155156378487,0.153198191812216,5.0,0.0685123141844332,0.828873488079505,1.09743682467747,0.0,4.0,missense,wt_like,160
urn:mavedb:00000013-a-1#988,p.Thr160Phe,1.01503359588672,0.48435440148291,6.0,0.197736856384045,0.6274764789578261,1.40259071281562,0.0,3.0,missense,possibly_wt_like,160
urn:mavedb:00000013-a-1#989,p.Thr160Gly,0.91396946836862,0.203057685231952,8.0,0.0717917330997783,0.7732602571053431,1.0546786796319,0.0,4.0,missense,wt_like,160
urn:mavedb:00000013-a-1#990,p.Gln17Ser,0.883376130469478,0.220567555751841,8.0,0.0779824071909342,0.7305334209475101,1.03621883999145,0.0,4.0,missense,wt_like,17
urn:mavedb:00000013-a-1#991,p.Thr160Leu,0.816084649828908,0.191536275196181,8.0,0.0677182995172162,0.6833592216808679,0.948810077976948,0.0,3.0,missense,possibly_wt_like,160
urn:mavedb:00000013-a-1#992,p.Thr160Asn,0.789245039509896,0.1480457887054549,4.0,0.0740228943527276,0.644162832547137,0.934327246472656,1.0,3.0,missense,possibly_wt_like,160
urn:mavedb:00000013-a-1#993,p.Thr160Pro,0.993728828306487,0.126370556150711,4.0,0.0631852780753555,0.8698879589256421,1.1175696976873302,1.0,4.0,missense,wt_like,160
urn:mavedb:00000013-a-1#994,p.Thr160Gln,0.841547438079659,0.0038375928303589,2.0,0.0027135879137796,0.836228903499768,0.8468659726595509,0.0,4.0,missense,wt_like,160
urn:mavedb:00000013-a-1#995,p.Thr160Arg,1.06865979402541,0.128932181308069,7.0,0.0487317839620345,0.9731472525574342,1.1641723354933795,0.0,4.0,missense,wt_like,160
urn:mavedb:00000013-a-1#996,p.Thr160Ser,1.30945264229915,0.070443058318682,3.0,0.0406703186828316,1.22974028244104,1.38916500215727,1.0,4.0,missense,wt_like,160
urn:mavedb:00000013-a-1#997,p.Thr160=,1.1760051440466002,0.300882244250115,7.0,0.113722798885828,0.953112554009286,1.39889773408392,0.0,4.0,synonymous,wt_like,160
urn:mavedb:00000013-a-1#998,p.Thr160Val,1.06287481843396,0.203688798000334,5.0,0.091092399716794,0.884336995723713,1.2414126411442,0.0,4.0,missense,wt_like,160
urn:mavedb:00000013-a-1#999,p.Thr160Trp,0.732900066714186,0.128753864774185,5.0,0.0575804788001788,0.620044402053264,0.845755731375109,0.0,3.0,missense,possibly_wt_like,160
urn:mavedb:00000013-a-1#1000,p.Thr160Ter,-0.0044799526243237,0.0666555724848874,4.0,0.0333277862424437,-0.0698012133439628,0.0608413080953154,0.0,1.0,nonsense,low,160
urn:mavedb:00000013-a-1#1001,p.Ile5Leu,1.1273655299819598,0.162152826544262,4.0,0.0810764132721311,0.968458679972896,1.28627237999102,1.0,4.0,missense,wt_like,5
urn:mavedb:00000013-a-1#1002,p.Gln17Thr,0.8835747490300501,0.313133183692997,6.0,0.127836086930173,0.63302062272238,1.13412887533772,0.0,3.0,missense,possibly_wt_like,17
urn:mavedb:00000013-a-1#1003,p.Thr160Tyr,0.865596481716048,0.213265447829152,8.0,0.0754007221763896,0.717813781842014,1.01337918159008,0.0,4.0,missense,wt_like,160
urn:mavedb:00000013-a-1#1004,p.Arg161Cys,1.1566374316592,0.116079043744595,7.0,0.0438737545963409,1.07064645278383,1.24262841053458,0.0,4.0,missense,wt_like,161
urn:mavedb:00000013-a-1#1005,p.Arg161Glu,0.8084553154515369,0.631599292956453,6.0,0.257849331607656,0.303079912062805,1.31383071884027,0.0,3.0,missense,possibly_wt_like,161
urn:mavedb:00000013-a-1#1006,p.Arg161Gly,1.00095939727666,0.247121502584013,8.0,0.0873706451270821,0.8297160795215501,1.17220271503177,1.0,4.0,missense,wt_like,161
urn:mavedb:00000013-a-1#1007,p.Arg161Lys,0.342162345752662,0.778077727015988,2.0,0.550184037063221,-0.736178551760101,1.42050324326542,1.0,2.0,missense,possibly_low,161
urn:mavedb:00000013-a-1#1008,p.Arg161Gln,1.29072018787556,0.145523662767339,4.0,0.0727618313836696,1.14810961891439,1.43333075683673,0.0,4.0,missense,wt_like,161
urn:mavedb:00000013-a-1#1009,p.Arg161=,0.992100769485193,0.180519440971064,5.0,0.0807307482543118,0.8338714104617719,1.15033012850861,0.0,4.0,synonymous,wt_like,161
urn:mavedb:00000013-a-1#1010,p.Arg161Ser,1.31676024731057,0.0468695734867849,2.0,0.0331417932438268,1.2518035261696,1.3817169684515402,1.0,4.0,missense,wt_like,161
urn:mavedb:00000013-a-1#1011,p.Arg161Val,0.8853534775561079,0.423756512797264,6.0,0.172997871922411,0.54628387918611,1.22442307592611,0.0,3.0,missense,possibly_wt_like,161
urn:mavedb:00000013-a-1#1012,p.Asp162Ala,0.7067314742114741,0.209783312864918,5.0,0.0938179496222124,0.5228516718485441,0.8906112765744029,1.0,2.0,missense,possibly_low,162
urn:mavedb:00000013-a-1#1013,p.Gln17Val,1.02067321224283,0.104112388789255,8.0,0.0368092880592061,0.948528333350228,1.09281809113544,0.0,4.0,missense,wt_like,17
urn:mavedb:00000013-a-1#1014,p.Asp162Cys,0.785385038424023,0.158393148188278,7.0,0.0598669827832551,0.6680479083057641,0.902722168542283,0.0,3.0,missense,possibly_wt_like,162
urn:mavedb:00000013-a-1#1015,p.Asp162=,0.857115497132103,0.285566335905797,5.0,0.12770914783418,0.606810166880809,1.1074208273834,0.0,3.0,synonymous,possibly_wt_like,162
urn:mavedb:00000013-a-1#1016,p.Asp162Phe,0.66831230814912,0.2493904522407049,8.0,0.088172839971291,0.495496717390776,0.8411278989074642,0.0,2.0,missense,possibly_low,162
urn:mavedb:00000013-a-1#1017,p.Asp162Gly,0.8268145228766229,0.16889866162725,6.0,0.0689525898709592,0.691669930088782,0.961959115664464,1.0,3.0,missense,possibly_wt_like,162
urn:mavedb:00000013-a-1#1018,p.Asp162His,0.9313542048697652,0.146681404775869,3.0,0.0846865485324603,0.765371619771139,1.09733678996839,1.0,4.0,missense,wt_like,162
urn:mavedb:00000013-a-1#1019,p.Asp162Ile,0.5324631611442671,0.0925296205358861,7.0,0.0349729092635899,0.4639175185530429,0.60100880373549,0.0,1.0,missense,low,162
urn:mavedb:00000013-a-1#1020,p.Asp162Leu,0.556688836914246,0.137454419828712,8.0,0.0485974761824723,0.461439533857057,0.651938139971435,0.0,1.0,missense,low,162
urn:mavedb:00000013-a-1#1021,p.Asp162Pro,0.4238680578416029,0.167706854199332,2.0,0.118586653855811,0.191442487237096,0.6562936284461109,0.0,1.0,missense,low,162
urn:mavedb:00000013-a-1#1022,p.Asp162Ser,1.14615766325289,0.192037294669132,4.0,0.0960186473345662,0.95796457263289,1.3343507538728998,0.0,4.0,missense,wt_like,162
urn:mavedb:00000013-a-1#1023,p.Asp162Val,0.557464267926473,0.3469935329196469,5.0,0.155180225472229,0.2533166148881,0.8616119209648461,1.0,2.0,missense,possibly_low,162
urn:mavedb:00000013-a-1#1024,p.Gln17Trp,0.764850326164717,0.304784447394361,8.0,0.107757574776374,0.553649360541644,0.9760512917877908,0.0,3.0,missense,possibly_wt_like,17
urn:mavedb:00000013-a-1#1025,p.Asp162Tyr,0.596431242999419,0.170696158032283,7.0,0.0645170834153714,0.469980083117724,0.7228824028811128,1.0,2.0,missense,possibly_low,162
urn:mavedb:00000013-a-1#1026,p.Lys163Ala,0.984002915891013,0.125926343500256,8.0,0.0445216857095287,0.896742015369325,1.0712638164127,0.0,4.0,missense,wt_like,163
urn:mavedb:00000013-a-1#1027,p.Lys163Asp,0.5431184855915611,0.249833679875385,6.0,0.101994172709422,0.3432135804481359,0.7430233907349871,0.0,2.0,missense,possibly_low,163
urn:mavedb:00000013-a-1#1028,p.Lys163Glu,0.8384521113714442,0.046176647859338,4.0,0.023088323929669,0.793199828005899,0.88370439473699,1.0,4.0,missense,wt_like,163
urn:mavedb:00000013-a-1#1029,p.Lys163Phe,0.618539643338961,0.447481254749632,6.0,0.182683457266162,0.260486646526022,0.9765926401519,0.0,2.0,missense,possibly_low,163
urn:mavedb:00000013-a-1#1030,p.Lys163Gly,1.0217747569718,0.1528720346565079,7.0,0.0577801980167954,0.90852764983929,1.1350218641043102,0.0,4.0,missense,wt_like,163
urn:mavedb:00000013-a-1#1031,p.Lys163Ile,0.508090674313716,0.259346976739979,4.0,0.129673488369989,0.253935307358863,0.7622460412685691,1.0,2.0,missense,possibly_low,163
urn:mavedb:00000013-a-1#1032,p.Lys163=,1.26857496540127,0.2171864230577749,5.0,0.0971287211494424,1.07820617008393,1.45894376071861,0.0,4.0,synonymous,wt_like,163
urn:mavedb:00000013-a-1#1033,p.Lys163Leu,0.7756791412195391,0.1478278983651539,3.0,0.085348476914858,0.608399200331069,0.942959082108008,0.0,3.0,missense,possibly_wt_like,163
urn:mavedb:00000013-a-1#1034,p.Lys163Pro,0.511027030436056,0.186793878015517,8.0,0.0660416089144525,0.38158785548265,0.6404662053894621,0.0,1.0,missense,low,163
urn:mavedb:00000013-a-1#1035,p.Gln17Ter,0.2653094792773829,0.213055576164126,4.0,0.106527788082063,0.0565188512838245,0.4741001072709421,1.0,1.0,nonsense,low,17
urn:mavedb:00000013-a-1#1036,p.Lys163Gln,1.02714639159978,0.0508432843380783,3.0,0.0293543838990742,0.969612856369228,1.08467992683032,1.0,4.0,missense,wt_like,163
urn:mavedb:00000013-a-1#1037,p.Lys163Arg,0.90612654711533,0.261411978966252,8.0,0.0924230915052159,0.724980616425257,1.0872724778054002,1.0,4.0,missense,wt_like,163
urn:mavedb:00000013-a-1#1038,p.Lys163Ser,0.661048671010073,0.275773724418174,8.0,0.0975007353045804,0.4699507413469229,0.8521466006732242,0.0,2.0,missense,possibly_low,163
urn:mavedb:00000013-a-1#1039,p.Lys163Thr,0.7943707102125279,0.3715974425276249,4.0,0.185798721263813,0.430211908161859,1.1585295122632,1.0,3.0,missense,possibly_wt_like,163
urn:mavedb:00000013-a-1#1040,p.Lys163Trp,0.6300440420831489,0.224350430702122,4.0,0.1121752153510609,0.4101846600370449,0.8499034241292541,0.0,2.0,missense,possibly_low,163
urn:mavedb:00000013-a-1#1041,p.Lys163Ter,-0.115200097539586,0.0917927551174123,6.0,0.0374742353536516,-0.18864824918092,-0.0417519458982509,1.0,1.0,nonsense,low,163
urn:mavedb:00000013-a-1#1042,p.Lys163Tyr,0.796877641847002,0.194607893984734,6.0,0.0794483400300404,0.641161756756631,0.952593526937373,0.0,3.0,missense,possibly_wt_like,163
urn:mavedb:00000013-a-1#1043,p.Lys164Ala,0.7090404267204259,0.181322414822034,7.0,0.0685334309629707,0.574717370296041,0.84336348314481,0.0,3.0,missense,possibly_wt_like,164
urn:mavedb:00000013-a-1#1044,p.Lys164Asp,0.7498284033720559,0.156694975964601,2.0,0.110800080082432,0.532664236926335,0.966992569817778,0.0,3.0,missense,possibly_wt_like,164
urn:mavedb:00000013-a-1#1045,p.Lys164Gly,0.997350927232424,0.36947129971042,5.0,0.16523258837754,0.6735010049401151,1.32120084952473,0.0,3.0,missense,possibly_wt_like,164
urn:mavedb:00000013-a-1#1046,p.Gln17Tyr,0.648980428010514,0.3263649901294989,5.0,0.1459548606811209,0.362914157706955,0.9350466983140728,0.0,2.0,missense,possibly_low,17
urn:mavedb:00000013-a-1#1047,p.Lys164Leu,0.5600900201538891,0.277224042164104,8.0,0.0980135000610916,0.367987090035436,0.752192950272343,0.0,2.0,missense,possibly_low,164
urn:mavedb:00000013-a-1#1048,p.Lys164Met,0.663079487202268,0.173614370828406,7.0,0.0656200641769872,0.534466524752166,0.7916924496523691,1.0,2.0,missense,possibly_low,164
urn:mavedb:00000013-a-1#1049,p.Lys164Pro,0.534050314671448,0.299949226960274,7.0,0.113370151497565,0.311848900814371,0.7562517285285251,0.0,2.0,missense,possibly_low,164
urn:mavedb:00000013-a-1#1050,p.Lys164Arg,0.960760460958603,0.229457742175204,8.0,0.0811255627439205,0.8017572797549741,1.11976364216223,1.0,4.0,missense,wt_like,164
urn:mavedb:00000013-a-1#1051,p.Lys164Ser,0.767737603873861,0.249943374158208,4.0,0.124971687079104,0.5227975981116071,1.01267760963611,0.0,3.0,missense,possibly_wt_like,164
urn:mavedb:00000013-a-1#1052,p.Lys164Thr,0.861134520495058,0.187003820914825,7.0,0.0706808006227838,0.7226026968759459,0.999666344114171,1.0,4.0,missense,wt_like,164
urn:mavedb:00000013-a-1#1053,p.Lys164Val,0.756505260856475,0.144911557055868,8.0,0.0512339723332526,0.656088520298379,0.856922001414572,0.0,3.0,missense,possibly_wt_like,164
urn:mavedb:00000013-a-1#1054,p.Lys164Trp,0.752204737989001,0.104469037459084,4.0,0.0522345187295421,0.6498269625293149,0.8545825134486859,0.0,3.0,missense,possibly_wt_like,164
urn:mavedb:00000013-a-1#1055,p.Lys164Tyr,0.934348238355848,0.446457323206033,3.0,0.257762255734683,0.429143500542067,1.43955297616963,0.0,3.0,missense,possibly_wt_like,164
urn:mavedb:00000013-a-1#1056,p.Gly165Ala,0.9247730497117328,0.0798544103097421,4.0,0.0399272051548711,0.846517165604843,1.00302893381862,1.0,4.0,missense,wt_like,165
urn:mavedb:00000013-a-1#1057,p.Glu18Ala,0.941364714532718,0.404428083377745,6.0,0.1651070736545409,0.617760796577016,1.26496863248842,1.0,3.0,missense,possibly_wt_like,18
urn:mavedb:00000013-a-1#1058,p.Val166Cys,0.39013752503536,0.289645435373428,3.0,0.1672268700823949,0.0623788824265075,0.717896167644213,0.0,2.0,missense,possibly_low,166
urn:mavedb:00000013-a-1#1059,p.Val166Glu,0.307477147324223,0.194449607529677,7.0,0.0734950434368053,0.163429509145878,0.451524785502568,1.0,1.0,missense,low,166
urn:mavedb:00000013-a-1#1060,p.Val166Gly,0.486602756245849,0.146922517664494,6.0,0.0599808666671763,0.369042417816684,0.604163094675013,1.0,1.0,missense,low,166
urn:mavedb:00000013-a-1#1061,p.Val166His,0.4189941014235421,0.0677986268234176,4.0,0.0338993134117088,0.352552668035958,0.4854355348111271,0.0,1.0,missense,low,166
urn:mavedb:00000013-a-1#1062,p.Val166Leu,0.8068340773096692,0.157907289406855,8.0,0.0558286575691868,0.6974119191688439,0.9162562354504952,1.0,3.0,missense,possibly_wt_like,166
urn:mavedb:00000013-a-1#1063,p.Val166Met,0.603457593439205,0.207372027742459,4.0,0.103686013871229,0.4002367405510751,0.806678446327336,0.0,2.0,missense,possibly_low,166
urn:mavedb:00000013-a-1#1064,p.Val166Pro,0.238399401522367,0.152284347600785,5.0,0.0681036306289125,0.104918738273279,0.371880064771454,0.0,1.0,missense,low,166
urn:mavedb:00000013-a-1#1065,p.Val166Arg,0.288093085295693,0.191039791149596,8.0,0.0675427658991704,0.155711696717099,0.4204744738742871,0.0,1.0,missense,low,166
urn:mavedb:00000013-a-1#1066,p.Val166Ser,0.323659931928687,0.15419362955579,4.0,0.0770968147778952,0.172552951641257,0.474766912216117,0.0,1.0,missense,low,166
urn:mavedb:00000013-a-1#1067,p.Val166Thr,0.6082824392730329,0.228039843818965,7.0,0.0861909593941415,0.439351263067561,0.7772136154785051,0.0,2.0,missense,possibly_low,166
urn:mavedb:00000013-a-1#1068,p.Glu18Cys,0.917617290862704,0.235712626762433,8.0,0.0833369983975051,0.7542797754239209,1.08095480630149,0.0,4.0,missense,wt_like,18
urn:mavedb:00000013-a-1#1069,p.Val166=,0.9950370862196708,0.151731149588129,4.0,0.0758655747940643,0.8463432919568751,1.14373088048247,0.0,4.0,synonymous,wt_like,166
urn:mavedb:00000013-a-1#1070,p.Val166Trp,0.562799010820771,0.200542898523553,6.0,0.0818712954869086,0.4023342202987929,0.723263801342749,0.0,2.0,missense,possibly_low,166
urn:mavedb:00000013-a-1#1071,p.Val166Ter,-0.0375819448609029,0.158938876259323,6.0,0.0648865245211161,-0.164757196004266,0.0895933062824598,0.0,1.0,nonsense,low,166
urn:mavedb:00000013-a-1#1072,p.Val166Tyr,0.9326130192765892,0.236461987731481,4.0,0.118230993865741,0.700884529443361,1.16434150910982,0.0,3.0,missense,possibly_wt_like,166
urn:mavedb:00000013-a-1#1073,p.Thr167Ala,0.751492766621676,0.26427296402913,7.0,0.0998857915798567,0.555720212557883,0.94726532068547,1.0,3.0,missense,possibly_wt_like,167
urn:mavedb:00000013-a-1#1074,p.Thr167Glu,0.761016914559756,0.080173144987412,6.0,0.0327305493822224,0.6968662165763899,0.825167612543121,0.0,3.0,missense,possibly_wt_like,167
urn:mavedb:00000013-a-1#1075,p.Thr167Phe,0.8191616309128491,0.117534156975618,4.0,0.0587670784878091,0.7039802736001051,0.934342988225594,0.0,3.0,missense,possibly_wt_like,167
urn:mavedb:00000013-a-1#1076,p.Thr167Gly,0.581746627865671,0.245110848234171,7.0,0.0926431925816731,0.400169306992784,0.763323948738559,0.0,2.0,missense,possibly_low,167
urn:mavedb:00000013-a-1#1077,p.Thr167His,0.8621937469192921,0.0835335490667487,3.0,0.0482281170400522,0.7676683744786079,0.9567191193599772,0.0,4.0,missense,wt_like,167
urn:mavedb:00000013-a-1#1078,p.Thr167Leu,0.828675885255028,0.216979793207023,8.0,0.0767139415785703,0.678319322648921,0.979032447861135,0.0,3.0,missense,possibly_wt_like,167
urn:mavedb:00000013-a-1#1079,p.Glu18Asp,0.909297834584841,0.0558003421308121,3.0,0.0322163425500976,0.8461549634730451,0.972440705696638,1.0,4.0,missense,wt_like,18
urn:mavedb:00000013-a-1#1080,p.Thr167Met,0.8250490436596559,0.113794775639456,7.0,0.0430103824057703,0.7407502431830509,0.909347844136261,0.0,4.0,missense,wt_like,167
urn:mavedb:00000013-a-1#1081,p.Thr167Asn,0.701551586375038,0.127915581403961,3.0,0.0738520953571242,0.556804139292257,0.8462990334578191,1.0,2.0,missense,possibly_low,167
urn:mavedb:00000013-a-1#1082,p.Thr167Pro,0.405862365914027,0.184766910892777,8.0,0.0653249678155867,0.277827781704239,0.533896950123815,1.0,1.0,missense,low,167
urn:mavedb:00000013-a-1#1083,p.Thr167Arg,0.6315006805523571,0.140251702914634,8.0,0.0495864651019494,0.534312994831884,0.72868836627283,0.0,2.0,missense,possibly_low,167
urn:mavedb:00000013-a-1#1084,p.Thr167Ser,1.04546718252923,0.0577333356345593,5.0,0.0258191326093371,0.994862612502865,1.09607175255559,1.0,4.0,missense,wt_like,167
urn:mavedb:00000013-a-1#1085,p.Thr167Val,0.5998101617109011,0.25156897639283,6.0,0.102702604546117,0.3985167556820529,0.80110356773975,0.0,2.0,missense,possibly_low,167
urn:mavedb:00000013-a-1#1086,p.Thr167Trp,0.7151073263331641,0.279011699498153,6.0,0.113906049339538,0.491855572006426,0.9383590806599008,0.0,3.0,missense,possibly_wt_like,167
urn:mavedb:00000013-a-1#1087,p.Thr167Ter,0.0581484086263777,0.314305154679676,6.0,0.128314542081958,-0.1933434725470089,0.309640289799764,0.0,1.0,nonsense,low,167
urn:mavedb:00000013-a-1#1088,p.Thr167Tyr,1.078599511909,0.326655642387586,6.0,0.133356607575107,0.81722536396135,1.3399736598566498,0.0,4.0,missense,wt_like,167
urn:mavedb:00000013-a-1#1089,p.Ile168Cys,0.972883709596766,0.123461312053897,4.0,0.0617306560269486,0.851893847041916,1.09387357215162,0.0,4.0,missense,wt_like,168
urn:mavedb:00000013-a-1#1090,p.Glu18Gly,0.96493368079838,0.0803016375586769,8.0,0.0283909162290624,0.9092885075013242,1.02057885409544,1.0,4.0,missense,wt_like,18
urn:mavedb:00000013-a-1#1091,p.Ile168Glu,0.943978461634851,0.0650000006806395,5.0,0.0290688840118885,0.887004495900777,1.00095242736892,0.0,4.0,missense,wt_like,168
urn:mavedb:00000013-a-1#1092,p.Ile168Gly,0.644540952627463,0.105857632069657,8.0,0.0374263247384025,0.571186704066493,0.717895201188432,0.0,2.0,missense,possibly_low,168
urn:mavedb:00000013-a-1#1093,p.Ile168Leu,0.8456978871955649,0.312106001870425,2.0,0.220692270371599,0.413148985600856,1.27824678879027,1.0,3.0,missense,possibly_wt_like,168
urn:mavedb:00000013-a-1#1094,p.Ile168Met,0.8065061500395071,0.325423055265278,3.0,0.1878830885579189,0.438262063161837,1.17475023691718,1.0,3.0,missense,possibly_wt_like,168
urn:mavedb:00000013-a-1#1095,p.Ile168Pro,0.7541065236666671,0.226025364433345,6.0,0.0922744686313847,0.573251888456582,0.934961158876752,0.0,3.0,missense,possibly_wt_like,168
urn:mavedb:00000013-a-1#1096,p.Ile168Gln,0.703284658415375,0.0651535591672658,3.0,0.0376164249238831,0.6295578203374089,0.77701149649334,0.0,2.0,missense,possibly_low,168
urn:mavedb:00000013-a-1#1097,p.Ile168Arg,0.872300826110182,0.120347070512539,8.0,0.0425491148276761,0.7889060934738779,0.955695558746486,0.0,4.0,missense,wt_like,168
urn:mavedb:00000013-a-1#1098,p.Ile168Ser,0.998717814860995,0.14145757484384,5.0,0.0632617506566183,0.8747270619750699,1.12270856774692,1.0,4.0,missense,wt_like,168
urn:mavedb:00000013-a-1#1099,p.Ile168Thr,0.7131966851549509,0.127877051264909,6.0,0.0522055875684588,0.61087561372902,0.815517756580883,1.0,3.0,missense,possibly_wt_like,168
urn:mavedb:00000013-a-1#1100,p.Ile168Val,1.03023854111383,0.0454727492975983,5.0,0.0203360317106471,0.990380651372498,1.0700964308551602,1.0,4.0,missense,wt_like,168
urn:mavedb:00000013-a-1#1101,p.Glu18His,0.8957064572349108,0.4174371435569249,6.0,0.170418000233233,0.561693314460437,1.22971960000939,0.0,3.0,missense,possibly_wt_like,18
urn:mavedb:00000013-a-1#1102,p.Ile168Trp,0.565789341657896,0.0850297835181925,7.0,0.0321382373175423,0.5027995539889121,0.62877912932688,0.0,1.0,missense,low,168
urn:mavedb:00000013-a-1#1103,p.Ile168Ter,0.0452686732042149,0.202849990714931,5.0,0.0907172736947576,-0.132533916013173,0.2230712624216029,0.0,1.0,nonsense,low,168
urn:mavedb:00000013-a-1#1104,p.Ile168Tyr,0.6589393017715021,0.0478946057993593,4.0,0.0239473028996796,0.6120034505612579,0.7058751529817459,0.0,1.0,missense,low,168
urn:mavedb:00000013-a-1#1105,p.Ser170Ala,0.433309609592398,0.225455933011988,4.0,0.112727966505994,0.212366855190213,0.654252363994584,0.0,1.0,missense,low,170
urn:mavedb:00000013-a-1#1106,p.Ser170Gly,0.202378295749784,0.131512813578306,8.0,0.0464968011470713,0.111246240105204,0.293510351394364,1.0,1.0,missense,low,170
urn:mavedb:00000013-a-1#1107,p.Ser170Leu,0.362059972390649,0.140047811746866,8.0,0.0495143786882729,0.2650135734447569,0.4591063713365421,0.0,1.0,missense,low,170
urn:mavedb:00000013-a-1#1108,p.Ser170Pro,0.1722967630919249,0.171782754965224,3.0,0.0991788198213073,-0.0220901517870246,0.366683677970875,0.0,1.0,missense,low,170
urn:mavedb:00000013-a-1#1109,p.Ser170Arg,0.286042073759003,0.126701067433551,7.0,0.0478885021822288,0.192182334208266,0.379901813309739,1.0,1.0,missense,low,170
urn:mavedb:00000013-a-1#1110,p.Ser170Trp,0.345807378227982,0.188446276519674,4.0,0.094223138259837,0.161133420728363,0.5304813357276,0.0,1.0,missense,low,170
urn:mavedb:00000013-a-1#1111,p.Ser170Ter,0.146852788746021,0.182877535109413,4.0,0.0914387675547065,-0.032363902451933,0.326069479943976,0.0,1.0,nonsense,low,170
urn:mavedb:00000013-a-1#1112,p.Thr2Ala,0.7755377977391871,0.311177463000084,5.0,0.139162792066823,0.502783737300178,1.0482918581782,1.0,3.0,missense,possibly_wt_like,2
urn:mavedb:00000013-a-1#1113,p.Ile5Asn,1.19112836257228,0.416574657437124,5.0,0.18629785034662,0.8259912854956719,1.55626543964889,1.0,4.0,missense,wt_like,5
urn:mavedb:00000013-a-1#1114,p.Glu18Ile,0.751076337859385,0.288136406824427,2.0,0.203743207172278,0.351746989707037,1.15040568601173,0.0,3.0,missense,possibly_wt_like,18
urn:mavedb:00000013-a-1#1115,p.Gln171Ala,0.671196888152502,0.170031178781585,8.0,0.0601150997648006,0.5533734576864611,0.789020318618544,0.0,2.0,missense,possibly_low,171
urn:mavedb:00000013-a-1#1116,p.Gln171Asp,0.8835544822191,0.248750860663488,6.0,0.101552113617283,0.6845159969753051,1.08259296746289,0.0,3.0,missense,possibly_wt_like,171
urn:mavedb:00000013-a-1#1117,p.Gln171Glu,0.5913572971649089,0.352758701453377,7.0,0.133330256694245,0.330034795994709,0.85267979833511,1.0,2.0,missense,possibly_low,171
urn:mavedb:00000013-a-1#1118,p.Gln171Gly,0.32012382786307,0.206404693699781,8.0,0.0729750792919237,0.177095300681945,0.4631523550441961,0.0,1.0,missense,low,171
urn:mavedb:00000013-a-1#1119,p.Gln171Ile,0.640456632806981,0.17800726486591,7.0,0.0672804220568574,0.508589428710886,0.7723238369030758,0.0,2.0,missense,possibly_low,171
urn:mavedb:00000013-a-1#1120,p.Gln171Leu,0.705147830247657,0.250871714270083,8.0,0.0886965451841348,0.5313057961336229,0.8789898643616909,1.0,2.0,missense,possibly_low,171
urn:mavedb:00000013-a-1#1121,p.Gln171Met,0.981280228495736,0.186608841678321,7.0,0.070531512503809,0.8430410042131341,1.11951945277834,0.0,4.0,missense,wt_like,171
urn:mavedb:00000013-a-1#1122,p.Gln171Asn,0.984087915491235,0.251197647128493,3.0,0.145029029189436,0.699836241567132,1.2683395894153402,0.0,3.0,missense,possibly_wt_like,171
urn:mavedb:00000013-a-1#1123,p.Gln171Pro,0.294674166808425,0.121467691803161,8.0,0.0429453142845463,0.210502897505961,0.3788454361108889,1.0,1.0,missense,low,171
urn:mavedb:00000013-a-1#1124,p.Gln171Arg,0.553256113251847,0.151530398697521,7.0,0.0572731072885866,0.4410028856835189,0.665509340820175,1.0,1.0,missense,low,171
urn:mavedb:00000013-a-1#1125,p.Glu18Lys,0.692516625327712,0.6214089177305079,3.0,0.358770605928543,-0.0106608410038441,1.39569409165927,1.0,2.0,missense,possibly_low,18
urn:mavedb:00000013-a-1#1126,p.Gln171Ser,0.845323267299845,0.184311080006826,5.0,0.0824264207803329,0.683770451195848,1.00687608340384,0.0,3.0,missense,possibly_wt_like,171
urn:mavedb:00000013-a-1#1127,p.Gln171Thr,0.8380339080700799,0.095534028674838,8.0,0.033776379755024,0.771833420222085,0.904234395918075,0.0,4.0,missense,wt_like,171
urn:mavedb:00000013-a-1#1128,p.Gln171Val,0.988921535674236,0.3299587753471369,7.0,0.124712694638851,0.744489145767147,1.2333539255813202,0.0,4.0,missense,wt_like,171
urn:mavedb:00000013-a-1#1129,p.Gln171Trp,0.873131929393266,0.0779541637264907,2.0,0.055121917792728,0.7650949557607409,0.98116890302579,0.0,4.0,missense,wt_like,171
urn:mavedb:00000013-a-1#1130,p.Arg172Ala,0.700664530513636,0.11636102008485,8.0,0.0411398331838907,0.620031939143224,0.781297121884047,0.0,2.0,missense,possibly_low,172
urn:mavedb:00000013-a-1#1131,p.Arg172Glu,0.488613758167435,0.0231677199957257,3.0,0.0133758893760421,0.4623974967292001,0.514830019605669,0.0,1.0,missense,low,172
urn:mavedb:00000013-a-1#1132,p.Arg172Gly,0.339474150036757,0.114229386542094,8.0,0.0403861869173468,0.260318678205855,0.41862962186766,1.0,1.0,missense,low,172
urn:mavedb:00000013-a-1#1133,p.Arg172Lys,0.731476483154933,0.188955792937547,7.0,0.0714185766996807,0.591498644996447,0.871454321313418,1.0,3.0,missense,possibly_wt_like,172
urn:mavedb:00000013-a-1#1134,p.Arg172Met,0.576814052514828,0.310381543560511,6.0,0.126712734550114,0.328461656414021,0.825166448615635,1.0,2.0,missense,possibly_low,172
urn:mavedb:00000013-a-1#1135,p.Arg172Asn,0.307821107459341,0.253482864587256,8.0,0.0896197262321202,0.132169671740046,0.483472543178636,0.0,1.0,missense,low,172
urn:mavedb:00000013-a-1#1136,p.Glu18Leu,0.910302036192976,0.280362995296811,8.0,0.0991232875840737,0.7160239624989849,1.10458010988697,0.0,4.0,missense,wt_like,18
urn:mavedb:00000013-a-1#1137,p.Arg172=,1.15625910618414,0.1202844651367,4.0,0.0601422325683499,1.03838249640034,1.2741357159679398,0.0,4.0,synonymous,wt_like,172
urn:mavedb:00000013-a-1#1138,p.Arg172Ser,0.300064131984065,0.292248797293931,7.0,0.110459662656781,0.0835671714323305,0.5165610925358,1.0,1.0,missense,low,172
urn:mavedb:00000013-a-1#1139,p.Arg172Val,0.60308302795346,0.215247907917939,6.0,0.0878745904334218,0.4308519955477461,0.775314060359175,0.0,2.0,missense,possibly_low,172
urn:mavedb:00000013-a-1#1140,p.Arg172Trp,0.3646092502903729,0.0603304335811316,3.0,0.0348317920683932,0.296340192319335,0.4328783082614121,1.0,1.0,missense,low,172
urn:mavedb:00000013-a-1#1141,p.Arg172Tyr,0.313911114572995,0.155872435000082,4.0,0.0779362175000409,0.161158935181635,0.466663293964355,0.0,1.0,missense,low,172
urn:mavedb:00000013-a-1#1142,p.Tyr174Val,0.241865657492121,0.121784462465563,3.0,0.0703122921876069,0.104056097133955,0.3796752178502879,0.0,1.0,missense,low,174
urn:mavedb:00000013-a-1#1143,p.Val175Ala,0.328144086517522,0.131402976314856,8.0,0.046457967810165,0.237088142814677,0.4192000302203661,1.0,1.0,missense,low,175
urn:mavedb:00000013-a-1#1144,p.Val175Asp,0.0828844304447938,0.12170773569191,5.0,0.0544293540789378,-0.0237951432517026,0.18956400414129,0.0,1.0,missense,low,175
urn:mavedb:00000013-a-1#1145,p.Val175Glu,0.231259123045918,0.198157393150015,7.0,0.0748964546748277,0.0844647693135196,0.378053476778317,1.0,1.0,missense,low,175
urn:mavedb:00000013-a-1#1146,p.Val175Phe,0.13289905741255,0.162373753955282,6.0,0.0662888074684439,0.0029753821962902,0.26282273262881,0.0,1.0,missense,low,175
urn:mavedb:00000013-a-1#1147,p.Glu18Asn,0.8875565518845201,0.166221209789935,8.0,0.0587680723097475,0.772373246716569,1.00273985705247,0.0,4.0,missense,wt_like,18
urn:mavedb:00000013-a-1#1148,p.Val175Gly,0.196914791201618,0.119198022967041,8.0,0.0421428651720122,0.114316293259146,0.279513289144089,1.0,1.0,missense,low,175
urn:mavedb:00000013-a-1#1149,p.Val175Lys,0.244807404852041,0.167502590035086,8.0,0.0592211086400598,0.12873616479299,0.3608786449110921,0.0,1.0,missense,low,175
urn:mavedb:00000013-a-1#1150,p.Val175Leu,0.8154816330400129,0.281544867256421,8.0,0.0995411424226407,0.620384578911665,1.01057868716836,1.0,3.0,missense,possibly_wt_like,175
urn:mavedb:00000013-a-1#1151,p.Val175Met,0.155669913527239,0.253567478654875,6.0,0.103518489678085,-0.047222597975788,0.358562425030267,1.0,1.0,missense,low,175
urn:mavedb:00000013-a-1#1152,p.Val175Asn,0.5245249460811029,0.377113794485014,5.0,0.168650415944275,0.193976204852624,0.855073687309583,0.0,2.0,missense,possibly_low,175
urn:mavedb:00000013-a-1#1153,p.Val175Pro,0.35512257073739,0.355807226944787,8.0,0.12579685148392,0.108565272460373,0.601679869014407,0.0,1.0,missense,low,175
urn:mavedb:00000013-a-1#1154,p.Val175Arg,0.130575941862543,0.178007261353564,8.0,0.0629350708017755,0.0072254697265842,0.253926413998501,0.0,1.0,missense,low,175
urn:mavedb:00000013-a-1#1155,p.Val175Ser,0.286139734980775,0.196979262299222,6.0,0.0804164470904904,0.128526394918743,0.443753075042806,0.0,1.0,missense,low,175
urn:mavedb:00000013-a-1#1156,p.Val175Thr,0.437432117553288,0.159570771050153,7.0,0.0603120823876472,0.3192226082408869,0.555641626865689,0.0,1.0,missense,low,175
urn:mavedb:00000013-a-1#1157,p.Val175=,1.01879507807705,0.248304107699102,5.0,0.111044972781524,0.8011509307610301,1.23643922539307,0.0,4.0,synonymous,wt_like,175
urn:mavedb:00000013-a-1#1158,p.Glu18Pro,0.8715260796907001,0.131589869587747,8.0,0.0465240445604745,0.7803406279370341,0.962711531444367,0.0,4.0,missense,wt_like,18
urn:mavedb:00000013-a-1#1159,p.Val175Ter,-0.0212468856156157,0.1656943954189849,5.0,0.0741007863295162,-0.166481758047565,0.123987986816334,0.0,1.0,nonsense,low,175
urn:mavedb:00000013-a-1#1160,p.Tyr176Ala,0.8492880271911051,0.240525209147587,7.0,0.090909983920902,0.6711077328710219,1.02746832151119,0.0,3.0,missense,possibly_wt_like,176
urn:mavedb:00000013-a-1#1161,p.Tyr176Asp,1.04792363691965,0.181651735020138,2.0,0.128447173647042,0.796171802655487,1.29967547118382,1.0,4.0,missense,wt_like,176
urn:mavedb:00000013-a-1#1162,p.Tyr176Phe,0.552119636520119,0.511522584351077,4.0,0.255761292175538,0.0508367152166379,1.0534025578236,1.0,2.0,missense,possibly_low,176
urn:mavedb:00000013-a-1#1163,p.Tyr176Gly,0.7981354031405961,0.265414191591835,7.0,0.100317135054178,0.601517431402167,0.9947533748790258,0.0,3.0,missense,possibly_wt_like,176
urn:mavedb:00000013-a-1#1164,p.Tyr176Lys,1.09012867280588,0.0523127855328186,5.0,0.02339498890875,1.04427533712602,1.13598200848575,0.0,4.0,missense,wt_like,176
urn:mavedb:00000013-a-1#1165,p.Tyr176Pro,0.422252771260659,0.0974365887247709,4.0,0.0487182943623855,0.326766668922163,0.517738873599155,0.0,1.0,missense,low,176
urn:mavedb:00000013-a-1#1166,p.Tyr176Ser,0.7801890658983751,0.247046410401284,8.0,0.0873440960312715,0.608997783414875,0.951380348381875,1.0,3.0,missense,possibly_wt_like,176
urn:mavedb:00000013-a-1#1167,p.Tyr176Thr,0.8057683536921372,0.198179488396089,7.0,0.0749048058928661,0.658957631873156,0.952579075511118,0.0,3.0,missense,possibly_wt_like,176
urn:mavedb:00000013-a-1#1168,p.Tyr176Val,0.770552910495213,0.251717133555784,8.0,0.0889954460390672,0.596125041470563,0.944980779519862,0.0,3.0,missense,possibly_wt_like,176
urn:mavedb:00000013-a-1#1169,p.Glu18Gln,1.0855262778645698,0.245880550310862,3.0,0.141959201910469,0.807291354846002,1.36376120088314,1.0,4.0,missense,wt_like,18
urn:mavedb:00000013-a-1#1170,p.Tyr176Trp,0.619185157508754,0.1545828436185249,3.0,0.089248446375253,0.444261416937104,0.7941088980804041,0.0,2.0,missense,possibly_low,176
urn:mavedb:00000013-a-1#1171,p.Tyr176Ter,-0.0392083603039453,0.0117177519166241,3.0,0.0067652472233601,-0.0524680012082408,-0.0259487193996497,1.0,1.0,nonsense,low,176
urn:mavedb:00000013-a-1#1172,p.Tyr177Ala,0.142409058817566,0.204248763272552,5.0,0.0913428237995379,-0.0366195860757169,0.321437703710848,0.0,1.0,missense,low,177
urn:mavedb:00000013-a-1#1173,p.Tyr177Cys,0.223818970817883,0.132767850638046,6.0,0.0542022480515438,0.117584516755751,0.330053424880015,1.0,1.0,missense,low,177
urn:mavedb:00000013-a-1#1174,p.Tyr177Phe,0.2612120754323,0.107394441342135,5.0,0.0480282542493253,0.16707842686329,0.355345724001311,1.0,1.0,missense,low,177
urn:mavedb:00000013-a-1#1175,p.Tyr177Gly,0.253730240283929,0.0954664807919823,8.0,0.033752497972013,0.187576559870523,0.319883920697336,0.0,1.0,missense,low,177
urn:mavedb:00000013-a-1#1176,p.Tyr177Ile,0.248968374874816,0.0981008524336955,2.0,0.0693677779960469,0.113010028314994,0.3849267214346379,0.0,1.0,missense,low,177
urn:mavedb:00000013-a-1#1177,p.Tyr177Lys,0.430002373916974,0.124166951062881,7.0,0.0469306962236442,0.338019899549241,0.521984848284706,0.0,1.0,missense,low,177
urn:mavedb:00000013-a-1#1178,p.Tyr177Leu,0.378771930794409,0.304960178922118,5.0,0.136382338100071,0.111467459990905,0.646076401597913,0.0,1.0,missense,low,177
urn:mavedb:00000013-a-1#1179,p.Tyr177Met,0.4686147159693401,0.499983341649183,5.0,0.223599347909015,0.0303680471010296,0.90686138483765,0.0,2.0,missense,possibly_low,177
urn:mavedb:00000013-a-1#1180,p.Glu18Arg,0.8770414607167819,0.0861204614713944,8.0,0.0304481811526689,0.8173641222628001,0.936718799170764,0.0,4.0,missense,wt_like,18
urn:mavedb:00000013-a-1#1181,p.Tyr177Pro,0.35046936831219,0.11398654698797,5.0,0.0509763335171148,0.250557590554743,0.450381146069637,0.0,1.0,missense,low,177
urn:mavedb:00000013-a-1#1182,p.Tyr177Arg,0.142070445368264,0.166356436560425,7.0,0.062876822876254,0.0188341370685025,0.265306753668026,0.0,1.0,missense,low,177
urn:mavedb:00000013-a-1#1183,p.Tyr177Val,0.399493087990914,0.197897945098787,8.0,0.0699674894811177,0.262359328519238,0.536626847462589,0.0,1.0,missense,low,177
urn:mavedb:00000013-a-1#1184,p.Tyr177Trp,0.0389781935308637,0.0066339701438101,2.0,0.0046909252748772,0.0297841489379356,0.0481722381237917,0.0,1.0,missense,low,177
urn:mavedb:00000013-a-1#1185,p.Tyr177Ter,0.5124958356498811,0.325416084057237,2.0,0.230103919744044,0.0615004402500605,0.963491231049701,1.0,2.0,nonsense,possibly_low,177
urn:mavedb:00000013-a-1#1186,p.Tyr178Ala,0.6042970527516099,0.26893699998901,6.0,0.109793070487993,0.389106588843075,0.8194875166601441,0.0,2.0,missense,possibly_low,178
urn:mavedb:00000013-a-1#1187,p.Tyr178Cys,0.414460947104116,0.108514110755518,3.0,0.0626506510555714,0.29166792742721,0.5372539667810229,1.0,1.0,missense,low,178
urn:mavedb:00000013-a-1#1188,p.Tyr178Asp,0.197772483522374,0.2347865457997589,6.0,0.095851205946667,0.0099075719921753,0.385637395052573,1.0,1.0,missense,low,178
urn:mavedb:00000013-a-1#1189,p.Tyr178Glu,0.360829121536172,0.12495614078964,6.0,0.0510131308603321,0.260845222311293,0.460813020761052,0.0,1.0,missense,low,178
urn:mavedb:00000013-a-1#1190,p.Tyr178Phe,0.812759222290283,0.105129098486724,2.0,0.0743374984399911,0.667060402647098,0.958458041933468,1.0,3.0,missense,possibly_wt_like,178
urn:mavedb:00000013-a-1#1191,p.Glu18Ser,0.8956492930114789,0.256084455154716,8.0,0.0905395273981808,0.7181950801337671,1.07310350588919,0.0,4.0,missense,wt_like,18
urn:mavedb:00000013-a-1#1192,p.Tyr178Gly,0.229646095544272,0.083032540762202,8.0,0.0293564363160507,0.172108537650369,0.287183653438175,0.0,1.0,missense,low,178
urn:mavedb:00000013-a-1#1193,p.Tyr178Ile,0.748181605138326,0.167033978640738,4.0,0.0835169893203692,0.584491313973186,0.911871896303466,0.0,3.0,missense,possibly_wt_like,178
urn:mavedb:00000013-a-1#1194,p.Tyr178Lys,0.221655230377362,0.124051011877663,2.0,0.0877173117117485,0.0497324586016616,0.393578002153063,0.0,1.0,missense,low,178
urn:mavedb:00000013-a-1#1195,p.Tyr178Leu,0.53247597992298,0.15276693874329,3.0,0.0882000332067134,0.359607091402585,0.705344868443375,0.0,1.0,missense,low,178
urn:mavedb:00000013-a-1#1196,p.Tyr178Met,0.4125431234059949,0.181305338225153,8.0,0.0641011170621631,0.286907242595369,0.53817900421662,0.0,1.0,missense,low,178
urn:mavedb:00000013-a-1#1197,p.Tyr178Pro,0.344945373513998,0.3697204318865901,8.0,0.130715912265114,0.0887468932680777,0.601143853759918,0.0,1.0,missense,low,178
urn:mavedb:00000013-a-1#1198,p.Tyr178Gln,0.244801209589768,0.0725047991001069,2.0,0.0512686351122539,0.144316531233224,0.345285887946311,0.0,1.0,missense,low,178
urn:mavedb:00000013-a-1#1199,p.Tyr178Arg,0.135134469528582,0.112252987122621,8.0,0.0396874242014259,0.0573485474546244,0.212920391602541,0.0,1.0,missense,low,178
urn:mavedb:00000013-a-1#1200,p.Tyr178Ser,0.501677702807801,0.274679518821957,7.0,0.103819099577969,0.298196006727604,0.7051593988879972,1.0,1.0,missense,low,178
urn:mavedb:00000013-a-1#1201,p.Tyr178Thr,0.355641853274204,0.176457844262124,8.0,0.0623872691356538,0.233365052674515,0.4779186538738929,0.0,1.0,missense,low,178
urn:mavedb:00000013-a-1#1202,p.Glu18Thr,0.8700142671953399,0.242728793448707,8.0,0.0858175879184049,0.701814885635166,1.03821364875551,0.0,3.0,missense,possibly_wt_like,18
urn:mavedb:00000013-a-1#1203,p.Tyr178Val,0.6071942156801489,0.283245029325834,7.0,0.107056558241622,0.397367217217755,0.8170212141425429,0.0,2.0,missense,possibly_low,178
urn:mavedb:00000013-a-1#1204,p.Tyr178Ter,-0.0048653219931819,0.266678777380702,3.0,0.153967063907908,-0.306635222058059,0.296904578071695,1.0,1.0,nonsense,low,178
urn:mavedb:00000013-a-1#1205,p.Ser179Asp,0.901134463628862,0.298177783342967,3.0,0.172153023479428,0.563720737779505,1.23854818947822,0.0,3.0,missense,possibly_wt_like,179
urn:mavedb:00000013-a-1#1206,p.Ser179Glu,1.01340710636709,0.3017654278808689,3.0,0.174224351019142,0.671933653139704,1.35488055959447,0.0,3.0,missense,possibly_wt_like,179
urn:mavedb:00000013-a-1#1207,p.Ser179Phe,0.7550223282917701,0.278076010540437,6.0,0.113524055922145,0.532519267305455,0.977525389278084,0.0,3.0,missense,possibly_wt_like,179
urn:mavedb:00000013-a-1#1208,p.Ser179Gly,0.7610712448828358,0.29925390354917,8.0,0.105802232248082,0.5537026801926529,0.968439809573018,1.0,3.0,missense,possibly_wt_like,179
urn:mavedb:00000013-a-1#1209,p.Ser179Ile,0.32430751961164,0.206758219802613,3.0,0.119371913860206,0.0903428676800184,0.558272171543262,1.0,1.0,missense,low,179
urn:mavedb:00000013-a-1#1210,p.Ser179Met,0.371086450113485,0.207948327360769,4.0,0.103974163680385,0.167300833977258,0.5748720662497111,0.0,1.0,missense,low,179
urn:mavedb:00000013-a-1#1211,p.Ser179Pro,0.243352399411489,0.5623263009794879,4.0,0.2811631504897439,-0.307717249328225,0.7944220481512021,0.0,2.0,missense,possibly_low,179
urn:mavedb:00000013-a-1#1212,p.Ser179=,0.225184012352542,0.31885905235583,2.0,0.225467398163524,-0.216723967735916,0.667091992441001,0.0,1.0,synonymous,low,179
urn:mavedb:00000013-a-1#1213,p.Glu18Val,0.9918354576085072,0.145140956330286,8.0,0.0513150772245227,0.89125975438455,1.09241116083246,1.0,4.0,missense,wt_like,18
urn:mavedb:00000013-a-1#1214,p.Ser179Thr,0.409867250771997,0.110326624756985,2.0,0.0780127045110878,0.256965159593699,0.5627693419502939,1.0,1.0,missense,low,179
urn:mavedb:00000013-a-1#1215,p.Ser179Val,0.0811436369850443,0.0313414478526321,3.0,0.0180949933545098,0.0456781017097136,0.116609172260375,0.0,1.0,missense,low,179
urn:mavedb:00000013-a-1#1216,p.Leu182Phe,0.361746139567816,0.10701283193464,6.0,0.0436878056950136,0.276119613842006,0.447372665293626,1.0,1.0,missense,low,182
urn:mavedb:00000013-a-1#1217,p.Leu182Ter,0.33115054948314,0.586940618056146,2.0,0.415029691181324,-0.482292697747036,1.14459379671332,1.0,2.0,nonsense,possibly_low,182
urn:mavedb:00000013-a-1#1218,p.Asn184Cys,0.9980460138699432,0.27726424191238,4.0,0.13863212095619,0.72633204969541,1.26975997804448,0.0,4.0,missense,wt_like,184
urn:mavedb:00000013-a-1#1219,p.Asn184Gly,0.495540031530188,0.378288945402663,7.0,0.142979781894334,0.215304808499902,0.7757752545604749,0.0,2.0,missense,possibly_low,184
urn:mavedb:00000013-a-1#1220,p.Asn184Ile,0.187299939943295,0.116734457879654,3.0,0.0673966706805233,0.0552048927315631,0.3193949871550269,1.0,1.0,missense,low,184
urn:mavedb:00000013-a-1#1221,p.Asn184Arg,0.5730589923648821,0.495445658592937,3.0,0.286045684357464,0.012419753091141,1.1336982316386202,0.0,2.0,missense,possibly_low,184
urn:mavedb:00000013-a-1#1222,p.Asn184Ser,0.9901733891846052,0.213133424074158,5.0,0.0953161649014216,0.803357138833338,1.17698963953587,1.0,4.0,missense,wt_like,184
urn:mavedb:00000013-a-1#1223,p.Asn184Ter,0.0057246715489832,0.0650852357094885,2.0,0.0460222115253041,-0.084477205529497,0.0959265486274635,0.0,1.0,nonsense,low,184
urn:mavedb:00000013-a-1#1224,p.Ile5Arg,1.17585040148735,0.222892527915909,4.0,0.111446263957955,0.957419737918217,1.39428106505649,0.0,4.0,missense,wt_like,5
urn:mavedb:00000013-a-1#1225,p.Glu18Trp,0.9545043348518572,0.183329352218367,6.0,0.0748438946349957,0.8078129969045551,1.10119567279916,0.0,4.0,missense,wt_like,18
urn:mavedb:00000013-a-1#1226,p.Leu186Cys,1.02376959202906,0.092884233805219,3.0,0.0536267373909153,0.918663118134476,1.12887606592364,0.0,4.0,missense,wt_like,186
urn:mavedb:00000013-a-1#1227,p.Leu186Phe,0.623312416844962,0.13209510753042,3.0,0.0762651458913207,0.473835477622281,0.772789356067643,0.0,2.0,missense,possibly_low,186
urn:mavedb:00000013-a-1#1228,p.Leu186Gly,0.574410547164077,0.128224388556541,5.0,0.0573436898371545,0.462018980342618,0.686802113985535,0.0,1.0,missense,low,186
urn:mavedb:00000013-a-1#1229,p.Leu186His,0.558580915572949,0.17450695660954,6.0,0.0712421667098961,0.418948834640954,0.698212996504944,0.0,1.0,missense,low,186
urn:mavedb:00000013-a-1#1230,p.Leu186Lys,0.891255168665055,0.528255599530179,4.0,0.26412779976509,0.3735741938096721,1.40893614352044,0.0,3.0,missense,possibly_wt_like,186
urn:mavedb:00000013-a-1#1231,p.Leu186Pro,0.157346415333189,0.17599084468838,5.0,0.0787054984281653,0.0030864730287109,0.311606357637667,1.0,1.0,missense,low,186
urn:mavedb:00000013-a-1#1232,p.Leu186Gln,0.791357751123642,0.208257032069211,7.0,0.0787137593765051,0.6370816176579399,0.9456338845893442,1.0,3.0,missense,possibly_wt_like,186
urn:mavedb:00000013-a-1#1233,p.Leu186Arg,0.557564368149633,0.116348831621788,8.0,0.041135523911449,0.4769402227980071,0.638188513501259,1.0,1.0,missense,low,186
urn:mavedb:00000013-a-1#1234,p.Leu186Ser,0.662709299773147,0.260246656392097,2.0,0.184022175515977,0.302032463405124,1.02338613614117,0.0,2.0,missense,possibly_low,186
urn:mavedb:00000013-a-1#1235,p.Leu186Trp,0.628138140647437,0.188138911405284,5.0,0.0841382790230049,0.463230144041165,0.793046137253708,0.0,2.0,missense,possibly_low,186
urn:mavedb:00000013-a-1#1236,p.Glu18Ter,0.0838244507922979,0.067759092814196,5.0,0.030302787525252,0.0244320786116344,0.1432168229729609,1.0,1.0,nonsense,low,18
urn:mavedb:00000013-a-1#1237,p.Leu186Tyr,0.587551844350417,0.165916793069755,4.0,0.0829583965348774,0.424956374926865,0.7501473137739691,0.0,2.0,missense,possibly_low,186
urn:mavedb:00000013-a-1#1238,p.Asp187Ala,0.851118176629848,0.369960800564924,6.0,0.151035864369272,0.555093322092199,1.1471430311675,1.0,3.0,missense,possibly_wt_like,187
urn:mavedb:00000013-a-1#1239,p.Asp187Cys,0.945078846576056,0.173999455160377,7.0,0.0657656123735844,0.816180614902609,1.0739770782495,0.0,4.0,missense,wt_like,187
urn:mavedb:00000013-a-1#1240,p.Asp187Glu,1.2298878017006598,0.108808130231893,3.0,0.0628204032794033,1.10676207377875,1.35301352962257,1.0,4.0,missense,wt_like,187
urn:mavedb:00000013-a-1#1241,p.Asp187Phe,0.767964829114798,0.330378722877424,8.0,0.116806517653189,0.539028261355006,0.9969013968745892,0.0,3.0,missense,possibly_wt_like,187
urn:mavedb:00000013-a-1#1242,p.Asp187Gly,0.70668832226816,0.21015754427112,8.0,0.0743019123358107,0.561059250107519,0.8523173944288019,1.0,2.0,missense,possibly_low,187
urn:mavedb:00000013-a-1#1243,p.Asp187His,0.647751000834609,0.186228498238661,8.0,0.0658417169773722,0.51870360687868,0.7767983947905379,1.0,2.0,missense,possibly_low,187
urn:mavedb:00000013-a-1#1244,p.Asp187Ile,1.12036474992764,0.0878654890746072,3.0,0.0507291637697026,1.02093741597318,1.2197920838820902,0.0,4.0,missense,wt_like,187
urn:mavedb:00000013-a-1#1245,p.Asp187Lys,0.859347292276032,0.2987144945112,7.0,0.112903466498143,0.638060564209947,1.08063402034212,0.0,3.0,missense,possibly_wt_like,187
urn:mavedb:00000013-a-1#1246,p.Asp187Leu,0.9349830724505308,0.0759505053965247,8.0,0.026852558700214,0.882353024505364,0.987613120395698,0.0,4.0,missense,wt_like,187
urn:mavedb:00000013-a-1#1247,p.Asp19Ala,0.875620980711325,0.102061122734212,8.0,0.036084055990437,0.804897530553942,0.946344430868708,1.0,4.0,missense,wt_like,19
urn:mavedb:00000013-a-1#1248,p.Asp187Met,0.970101027802244,0.191353328047428,6.0,0.0781196690499331,0.8169892899801869,1.1232127656243,0.0,4.0,missense,wt_like,187
urn:mavedb:00000013-a-1#1249,p.Asp187Asn,1.06234991349049,0.0956419585740214,6.0,0.0390456660844598,0.985821814212571,1.13887801276841,1.0,4.0,missense,wt_like,187
urn:mavedb:00000013-a-1#1250,p.Asp187Pro,0.9645807556634493,0.17385719939518,8.0,0.0614678023252168,0.8441060768971971,1.0850554344297,0.0,4.0,missense,wt_like,187
urn:mavedb:00000013-a-1#1251,p.Asp187Arg,0.6778004298171372,0.2813111694348549,8.0,0.0994585177654518,0.4828653170411141,0.87273554259316,0.0,2.0,missense,possibly_low,187
urn:mavedb:00000013-a-1#1252,p.Asp187Ser,1.05003005715265,0.182613130218565,7.0,0.0690212755276254,0.91475084295149,1.18530927135381,0.0,4.0,missense,wt_like,187
urn:mavedb:00000013-a-1#1253,p.Asp187Thr,0.9399296361269672,0.0805166405347523,5.0,0.0360081363111242,0.8693549858067541,1.01050428644718,0.0,4.0,missense,wt_like,187
urn:mavedb:00000013-a-1#1254,p.Asp187Val,0.846217168014407,0.226575690666364,8.0,0.0801066036611059,0.6892111099148149,1.003223226114,1.0,3.0,missense,possibly_wt_like,187
urn:mavedb:00000013-a-1#1255,p.Asp187Trp,0.5828223095785129,0.105752352781034,6.0,0.0431732172353886,0.498204358700428,0.667440260456599,0.0,1.0,missense,low,187
urn:mavedb:00000013-a-1#1256,p.Asp187Ter,0.04919361162465,0.3352110394841131,4.0,0.167605519742056,-0.279307170679898,0.377694393929197,0.0,1.0,nonsense,low,187
urn:mavedb:00000013-a-1#1257,p.Asp187Tyr,0.8417211788709978,0.267748522162973,7.0,0.101199429078327,0.64337394262146,1.04006841512053,1.0,3.0,missense,possibly_wt_like,187
urn:mavedb:00000013-a-1#1258,p.Asp19Cys,0.619867874127646,0.225921811505315,8.0,0.0798754224666787,0.463314922843034,0.776420825412257,0.0,2.0,missense,possibly_low,19
urn:mavedb:00000013-a-1#1259,p.Tyr188Ala,0.2192010898910189,0.175604667966572,8.0,0.0620856257635876,0.097515499436755,0.340886680345283,0.0,1.0,missense,low,188
urn:mavedb:00000013-a-1#1260,p.Tyr188Cys,0.241309349765588,0.127870218986029,8.0,0.0452089494784151,0.152701437009004,0.329917262522173,1.0,1.0,missense,low,188
urn:mavedb:00000013-a-1#1261,p.Tyr188Asp,0.304958253638366,0.135015752401778,7.0,0.0510311577044822,0.204939022448197,0.4049774848285349,1.0,1.0,missense,low,188
urn:mavedb:00000013-a-1#1262,p.Tyr188Glu,0.318525962101407,0.142438026063173,8.0,0.0503594470640478,0.219823259574522,0.417228664628292,0.0,1.0,missense,low,188
urn:mavedb:00000013-a-1#1263,p.Tyr188Phe,0.7097983205649159,0.19018630760655,5.0,0.0850539024395862,0.543095735038744,0.8765009060910891,1.0,3.0,missense,possibly_wt_like,188
urn:mavedb:00000013-a-1#1264,p.Tyr188Gly,0.1669892457912919,0.131315197288742,8.0,0.0464269332378595,0.0759941287324414,0.257984362850142,0.0,1.0,missense,low,188
urn:mavedb:00000013-a-1#1265,p.Tyr188His,0.185608992317846,0.214578675098629,2.0,0.151730036260266,-0.111776414125231,0.482994398760924,1.0,1.0,missense,low,188
urn:mavedb:00000013-a-1#1266,p.Tyr188Ile,0.9836589885333727,0.451641193583384,5.0,0.201980082058318,0.587785302104626,1.37953267496212,0.0,3.0,missense,possibly_wt_like,188
urn:mavedb:00000013-a-1#1267,p.Tyr188Lys,0.545543697669416,0.618055816266756,2.0,0.43703145883401,-0.311022221756243,1.4021096170950702,0.0,2.0,missense,possibly_low,188
urn:mavedb:00000013-a-1#1268,p.Tyr188Leu,0.456549720256419,0.199969546901391,8.0,0.0706999113223875,0.317980440354364,0.595119000158474,0.0,1.0,missense,low,188
urn:mavedb:00000013-a-1#1269,p.Asp19Glu,0.961582135641724,0.136031369172628,8.0,0.0480943517980278,0.86731893825779,1.05584533302566,1.0,4.0,missense,wt_like,19
urn:mavedb:00000013-a-1#1270,p.Tyr188Met,0.29266368323695,0.164606868713388,6.0,0.0672004727508501,0.160953176901219,0.424374189572682,0.0,1.0,missense,low,188
urn:mavedb:00000013-a-1#1271,p.Tyr188Asn,0.136788436713496,0.2926424551195431,2.0,0.206929464478109,-0.268785861003758,0.54236273443075,1.0,1.0,missense,low,188
urn:mavedb:00000013-a-1#1272,p.Tyr188Pro,0.222082914467951,0.2882454420951619,7.0,0.10894653661881,0.0085516264547099,0.435614202481192,0.0,1.0,missense,low,188
urn:mavedb:00000013-a-1#1273,p.Tyr188Gln,0.291483708570157,0.150107924421605,6.0,0.0612813035301991,0.171374560725299,0.411592856415014,0.0,1.0,missense,low,188
urn:mavedb:00000013-a-1#1274,p.Tyr188Arg,0.2129110199595389,0.213768568885921,8.0,0.0755786023318893,0.0647796813871609,0.361042358531917,0.0,1.0,missense,low,188
urn:mavedb:00000013-a-1#1275,p.Tyr188Ser,0.334501266454587,0.155353891686947,5.0,0.0694763724762308,0.198330078624684,0.470672454284489,1.0,1.0,missense,low,188
urn:mavedb:00000013-a-1#1276,p.Tyr188Thr,0.485096814763941,0.10888061382363,4.0,0.0544403069118151,0.378395773909476,0.591797855618405,0.0,1.0,missense,low,188
urn:mavedb:00000013-a-1#1277,p.Tyr188Val,0.428481368999249,0.0930220516160153,6.0,0.0379760935476795,0.3540495933722729,0.5029131446262239,0.0,1.0,missense,low,188
urn:mavedb:00000013-a-1#1278,p.Tyr188Trp,0.391347521352116,0.126139021921901,4.0,0.0630695109609506,0.267733551346099,0.514961491358134,0.0,1.0,missense,low,188
urn:mavedb:00000013-a-1#1279,p.Tyr188Ter,-0.051127127541205,0.0641165991939448,7.0,0.0242337966254832,-0.0986244961358204,-0.0036297589465896,1.0,1.0,nonsense,low,188
urn:mavedb:00000013-a-1#1280,p.Asp19Phe,0.513433505986566,0.377476971918378,6.0,0.154104328475153,0.211394572313536,0.8154724396595969,0.0,2.0,missense,possibly_low,19
urn:mavedb:00000013-a-1#1281,p.Arg189Asp,0.451913379705894,0.352380029598144,5.0,0.157589140018968,0.143044340914078,0.760782418497711,0.0,2.0,missense,possibly_low,189
urn:mavedb:00000013-a-1#1282,p.Arg189Glu,0.922346523158552,0.0964489957477051,6.0,0.039375137630957,0.8451726715155691,0.999520374801536,0.0,4.0,missense,wt_like,189
urn:mavedb:00000013-a-1#1283,p.Arg189Phe,0.95025029110146,0.4776011734247021,3.0,0.275743166042033,0.409803616676028,1.4906969655268898,0.0,3.0,missense,possibly_wt_like,189
urn:mavedb:00000013-a-1#1284,p.Arg189Gly,0.590704609193002,0.085431074805563,8.0,0.0302044461595344,0.531504982547335,0.649904235838668,1.0,1.0,missense,low,189
urn:mavedb:00000013-a-1#1285,p.Arg189His,0.957884838873589,0.281315946225041,7.0,0.10632743336404,0.7494868989114889,1.16628277883569,0.0,4.0,missense,wt_like,189
urn:mavedb:00000013-a-1#1286,p.Arg189Ile,0.666516404072105,0.460651082021449,7.0,0.174109743457367,0.325267577538157,1.00776523060605,1.0,2.0,missense,possibly_low,189
urn:mavedb:00000013-a-1#1287,p.Arg189Lys,0.94460025969136,0.134105787751449,3.0,0.0774260126581859,0.7928480634147741,1.0963524559679498,1.0,4.0,missense,wt_like,189
urn:mavedb:00000013-a-1#1288,p.Arg189Leu,0.639096368758542,0.0455385936145885,8.0,0.016100324175287,0.60754031323556,0.6706524242815239,0.0,1.0,missense,low,189
urn:mavedb:00000013-a-1#1289,p.Arg189Asn,0.778526573062861,0.132378248504737,4.0,0.0661891242523686,0.648798273359972,0.90825487276575,0.0,3.0,missense,possibly_wt_like,189
urn:mavedb:00000013-a-1#1290,p.Arg189Pro,0.221199074832871,0.16098623410884,7.0,0.0608470771366878,0.101940995080432,0.34045715458531,0.0,1.0,missense,low,189
urn:mavedb:00000013-a-1#1291,p.Asp19Gly,0.842904988048291,0.162034532735642,8.0,0.0572878584418831,0.730622848750771,0.955187127345811,1.0,4.0,missense,wt_like,19
urn:mavedb:00000013-a-1#1292,p.Arg189Gln,1.10492469831901,0.3554575520063979,3.0,0.205223513336379,0.702694003398933,1.5071553932390902,0.0,3.0,missense,possibly_wt_like,189
urn:mavedb:00000013-a-1#1293,p.Arg189=,0.79222557213813,0.399411925234018,8.0,0.141213440409874,0.515452314801783,1.06899882947448,0.0,3.0,synonymous,possibly_wt_like,189
urn:mavedb:00000013-a-1#1294,p.Arg189Ser,0.822908554704907,0.2963034409751939,8.0,0.104759086201234,0.617584518697162,1.02823259071265,1.0,3.0,missense,possibly_wt_like,189
urn:mavedb:00000013-a-1#1295,p.Arg189Thr,1.02781943072384,0.289299124038551,7.0,0.109344790959262,0.8135075785466221,1.24213128290105,1.0,4.0,missense,wt_like,189
urn:mavedb:00000013-a-1#1296,p.Arg189Val,0.8922172378760269,0.1770227415906,7.0,0.0669083072359398,0.761079365427044,1.02335511032501,0.0,4.0,missense,wt_like,189
urn:mavedb:00000013-a-1#1297,p.Arg189Trp,0.7427188296973041,0.164571233429192,6.0,0.067185924706997,0.6110368370035699,0.8744008223910379,0.0,3.0,missense,possibly_wt_like,189
urn:mavedb:00000013-a-1#1298,p.Val191Gly,0.143288635931795,0.190292646531875,2.0,0.134557220772624,-0.120438670642352,0.407015942505942,1.0,1.0,missense,low,191
urn:mavedb:00000013-a-1#1299,p.Val191Lys,1.00249578519381,0.208359956696416,3.0,0.120296677087014,0.766718630643413,1.2382729397442,0.0,4.0,missense,wt_like,191
urn:mavedb:00000013-a-1#1300,p.Val191Leu,1.22176909953786,0.215564786989545,3.0,0.124456387796218,0.977839061811322,1.4656991372644,1.0,4.0,missense,wt_like,191
urn:mavedb:00000013-a-1#1301,p.Val191Ser,0.8091088339053041,0.259942540444528,2.0,0.183807133067184,0.4488534729920621,1.16936419481855,0.0,3.0,missense,possibly_wt_like,191
urn:mavedb:00000013-a-1#1302,p.Asp19His,0.538782382101053,0.443634472614182,2.0,0.313696943953606,-0.0760523301082946,1.1536170943103998,1.0,2.0,missense,possibly_low,19
urn:mavedb:00000013-a-1#1303,p.Ala192=,0.939862374472576,0.215190769814185,7.0,0.0813344659092683,0.780449750588609,1.09927499835654,0.0,4.0,synonymous,wt_like,192
urn:mavedb:00000013-a-1#1304,p.Ala192Glu,0.95188351536479,0.274506161801877,6.0,0.112066671277413,0.732236875793771,1.17153015493581,1.0,4.0,missense,wt_like,192
urn:mavedb:00000013-a-1#1305,p.Ala192Gly,1.08988871815417,0.108090053001295,3.0,0.0624058211970186,0.967575556182372,1.21220188012598,1.0,4.0,missense,wt_like,192
urn:mavedb:00000013-a-1#1306,p.Ala192His,1.2162883512025,0.097585595715819,3.0,0.0563410699555581,1.1058618832391598,1.3267148191658502,0.0,4.0,missense,wt_like,192
urn:mavedb:00000013-a-1#1307,p.Ala192Lys,0.981435167952122,0.132871984716125,7.0,0.0502208896809203,0.8830040329059591,1.07986630299828,0.0,4.0,missense,wt_like,192
urn:mavedb:00000013-a-1#1308,p.Ala192Leu,0.40796185891543,0.453065769752155,3.0,0.261577644127012,-0.104720902734348,0.920644620565208,0.0,2.0,missense,possibly_low,192
urn:mavedb:00000013-a-1#1309,p.Ala192Met,0.950324904122758,0.567835003504469,4.0,0.283917501752234,0.3938568261077899,1.50679298213772,0.0,3.0,missense,possibly_wt_like,192
urn:mavedb:00000013-a-1#1310,p.Ala192Gln,1.0217176270593,0.0891827572618726,5.0,0.039883741531682,0.943546930088499,1.0998883240301,0.0,4.0,missense,wt_like,192
urn:mavedb:00000013-a-1#1311,p.Ala192Arg,1.4624238453206295,0.197559322285354,2.0,0.139695536474592,1.18862562502942,1.73622206561183,0.0,4.0,missense,wt_like,192
urn:mavedb:00000013-a-1#1312,p.Ala192Ser,1.08234398793951,0.169941693906426,8.0,0.0600834620837814,0.964582566188817,1.2001054096902,1.0,4.0,missense,wt_like,192
urn:mavedb:00000013-a-1#1313,p.Asp19Lys,0.633710634399675,0.311276842986203,6.0,0.127078239010106,0.3846418627210949,0.8827794060782559,0.0,2.0,missense,possibly_low,19
urn:mavedb:00000013-a-1#1314,p.Ala192Thr,0.975589511555919,0.274302697425135,3.0,0.1583687361978419,0.665192492331024,1.28598653078082,1.0,3.0,missense,possibly_wt_like,192
urn:mavedb:00000013-a-1#1315,p.Ala192Val,1.00891315786048,0.650944531807452,4.0,0.325472265903726,0.370999238722533,1.64682707699843,1.0,3.0,missense,possibly_wt_like,192
urn:mavedb:00000013-a-1#1316,p.Ala192Trp,0.731327095037965,0.250187445904316,8.0,0.0884546197833422,0.5579592259964301,0.9046949640795,0.0,3.0,missense,possibly_wt_like,192
urn:mavedb:00000013-a-1#1317,p.Ala192Tyr,1.08636620217133,0.177306973187432,5.0,0.079294088986366,0.930952643571138,1.24177976077152,0.0,4.0,missense,wt_like,192
urn:mavedb:00000013-a-1#1318,p.Leu193Cys,0.8245384219606461,0.1636117537914609,6.0,0.0667942187851585,0.6936241587662471,0.955452685155046,0.0,3.0,missense,possibly_wt_like,193
urn:mavedb:00000013-a-1#1319,p.Leu193Asp,0.1626672177204459,0.145597328304459,3.0,0.0840606566898698,-0.0020886419084847,0.327423077349377,0.0,1.0,missense,low,193
urn:mavedb:00000013-a-1#1320,p.Leu193Gly,0.487474709885751,0.213835171509049,7.0,0.0808220979102553,0.32906630882668,0.645883110944821,0.0,1.0,missense,low,193
urn:mavedb:00000013-a-1#1321,p.Leu193Ile,0.9157796373847958,0.0967155756670787,6.0,0.0394839684273133,0.838392481300545,0.993166793469046,0.0,4.0,missense,wt_like,193
urn:mavedb:00000013-a-1#1322,p.Leu193Lys,0.385375259833648,0.30882583821296,2.0,0.218372844406003,-0.0426276504036877,0.8133781700709841,0.0,2.0,missense,possibly_low,193
urn:mavedb:00000013-a-1#1323,p.Leu193Pro,0.333540021506562,0.1096980168498969,3.0,0.0633341795578564,0.20940731058277,0.457672732430353,1.0,1.0,missense,low,193
urn:mavedb:00000013-a-1#1324,p.Asp19Leu,0.809827097931295,0.0838433124043558,8.0,0.0296430873791311,0.7517277142776241,0.8679264815849659,0.0,4.0,missense,wt_like,19
urn:mavedb:00000013-a-1#1325,p.Leu193Gln,0.334335804134771,0.276084010705217,7.0,0.104349947612471,0.1298136650256859,0.538857943243855,1.0,1.0,missense,low,193
urn:mavedb:00000013-a-1#1326,p.Leu193Arg,0.9395547000011758,0.24387439766822,6.0,0.0995613059359553,0.74441812611293,1.13469127388942,1.0,4.0,missense,wt_like,193
urn:mavedb:00000013-a-1#1327,p.Leu193Val,0.7720018228336171,0.164640540222084,5.0,0.0736294879577736,0.627690678236255,0.916312967430979,1.0,3.0,missense,possibly_wt_like,193
urn:mavedb:00000013-a-1#1328,p.Leu194Ala,0.7206712489218791,0.11368350317076,8.0,0.0401931880005432,0.641894048016966,0.7994484498267909,0.0,3.0,missense,possibly_wt_like,194
urn:mavedb:00000013-a-1#1329,p.Leu194Asp,0.425230331505434,0.286553155038078,3.0,0.1654415411983709,0.100970869209828,0.749489793801041,0.0,2.0,missense,possibly_low,194
urn:mavedb:00000013-a-1#1330,p.Leu194Glu,0.636594651729797,0.117778950589348,8.0,0.0416411473213815,0.554979502704963,0.718209800754631,0.0,2.0,missense,possibly_low,194
urn:mavedb:00000013-a-1#1331,p.Leu194Gly,0.454462046566146,0.0613228496973036,8.0,0.0216809014313234,0.4119682606083901,0.496955832523903,0.0,1.0,missense,low,194
urn:mavedb:00000013-a-1#1332,p.Leu194Lys,0.646789484775925,0.300628379749038,7.0,0.113626847123463,0.424084956737098,0.8694940128147509,0.0,2.0,missense,possibly_low,194
urn:mavedb:00000013-a-1#1333,p.Leu194=,1.23922998991713,0.240194956686147,6.0,0.0980591804451611,1.0470375278911,1.43142245194316,0.0,4.0,synonymous,wt_like,194
urn:mavedb:00000013-a-1#1334,p.Leu194Met,1.06501126019793,0.143789139004369,5.0,0.0643044578479871,0.938976838770498,1.19104568162536,1.0,4.0,missense,wt_like,194
urn:mavedb:00000013-a-1#1335,p.Ile5Ser,1.3362400308906102,0.04432619231568,2.0,0.0313433511705964,1.27480819144145,1.39767187033977,1.0,4.0,missense,wt_like,5
urn:mavedb:00000013-a-1#1336,p.Asp19Met,0.7619434989285531,0.135194072147478,8.0,0.0477983225958526,0.668260508119255,0.855626489737852,0.0,3.0,missense,possibly_wt_like,19
urn:mavedb:00000013-a-1#1337,p.Leu194Gln,0.826598535127474,0.218075113583618,4.0,0.109037556791809,0.6128888508532869,1.04030821940166,0.0,3.0,missense,possibly_wt_like,194
urn:mavedb:00000013-a-1#1338,p.Leu194Arg,0.6940729495091501,0.190180660987432,8.0,0.0672390175173764,0.562286896819235,0.8258590021990649,0.0,2.0,missense,possibly_low,194
urn:mavedb:00000013-a-1#1339,p.Leu194Ser,0.320948748248697,0.324853005811671,3.0,0.187553970352427,-0.046650278799554,0.688547775296948,1.0,1.0,missense,low,194
urn:mavedb:00000013-a-1#1340,p.Leu194Thr,0.6724294488843,0.209394354713482,5.0,0.0936440022488099,0.488890577108445,0.8559683206601549,0.0,2.0,missense,possibly_low,194
urn:mavedb:00000013-a-1#1341,p.Leu194Val,0.6898493472377211,0.0644146034010599,8.0,0.0227740014361658,0.6452131246389731,0.7344855698364701,1.0,2.0,missense,possibly_low,194
urn:mavedb:00000013-a-1#1342,p.Leu194Tyr,0.737919674610153,0.5934141069465079,5.0,0.265382856387944,0.2177788339754169,1.2580605152448898,0.0,3.0,missense,possibly_wt_like,194
urn:mavedb:00000013-a-1#1343,p.Phe195Ala,0.241853673573286,0.164965618392877,8.0,0.0583241537141178,0.127540432864838,0.3561669142817349,0.0,1.0,missense,low,195
urn:mavedb:00000013-a-1#1344,p.Phe195Asp,0.906214257306275,0.4252637027230529,2.0,0.300706847987971,0.3168396653452919,1.4955888492672602,0.0,3.0,missense,possibly_wt_like,195
urn:mavedb:00000013-a-1#1345,p.Phe195Glu,0.0323972395850511,0.157805552084397,2.0,0.111585375987764,-0.186306078552327,0.251100557722429,0.0,1.0,missense,low,195
urn:mavedb:00000013-a-1#1346,p.Phe195Gly,0.282181707938156,0.157810966639591,8.0,0.0557946023282294,0.1728262968430909,0.39153711903322,0.0,1.0,missense,low,195
urn:mavedb:00000013-a-1#1347,p.Asp19Asn,1.14509188612619,0.13943476239176,5.0,0.0623571214269012,1.02287417394987,1.2673095983025,1.0,4.0,missense,wt_like,19
urn:mavedb:00000013-a-1#1348,p.Phe195Ile,0.765954775727883,0.123443342732834,4.0,0.0617216713664169,0.6449825227840881,0.8869270286716769,1.0,3.0,missense,possibly_wt_like,195
urn:mavedb:00000013-a-1#1349,p.Phe195Arg,0.210735036094635,0.150165258358555,8.0,0.053091436241982,0.1066777331728459,0.3147923390164249,0.0,1.0,missense,low,195
urn:mavedb:00000013-a-1#1350,p.Phe195Ser,0.282535158989208,0.1249361984471519,7.0,0.0472214444058539,0.189982828655774,0.375087489322642,1.0,1.0,missense,low,195
urn:mavedb:00000013-a-1#1351,p.Phe195Val,0.5010181485842949,0.2792922816639989,8.0,0.0987447331488384,0.307482027949553,0.694554269219037,1.0,1.0,missense,low,195
urn:mavedb:00000013-a-1#1352,p.Phe195Tyr,0.542573969314727,0.6311564287019951,5.0,0.282261735802732,-0.0106488670723879,1.09579680570184,1.0,2.0,missense,possibly_low,195
urn:mavedb:00000013-a-1#1353,p.His196Ala,0.4134656953105989,0.10139426854003,8.0,0.0358482874290526,0.343204343042216,0.4837270475789821,0.0,1.0,missense,low,196
urn:mavedb:00000013-a-1#1354,p.His196Cys,0.670706622934395,0.0938256145088086,5.0,0.0419600904144773,0.5884663569339761,0.752946888934815,0.0,2.0,missense,possibly_low,196
urn:mavedb:00000013-a-1#1355,p.His196Glu,0.845577369503127,0.229461153701732,6.0,0.0936771237265978,0.661973580823693,1.02918115818256,0.0,3.0,missense,possibly_wt_like,196
urn:mavedb:00000013-a-1#1356,p.His196Phe,0.283027049201035,0.115613311280064,6.0,0.0471989366849526,0.190518833189942,0.375535265212129,0.0,1.0,missense,low,196
urn:mavedb:00000013-a-1#1357,p.His196Gly,0.331243001093774,0.129241514535403,8.0,0.0456937756694015,0.241684846464095,0.420801155723454,0.0,1.0,missense,low,196
urn:mavedb:00000013-a-1#1358,p.Asp19Pro,0.970758734362805,0.121230116347077,8.0,0.042861318676526,0.8867520934269201,1.05476537529869,0.0,4.0,missense,wt_like,19
urn:mavedb:00000013-a-1#1359,p.His196=,0.772200597262951,0.137727107865873,2.0,0.0973877719251699,0.5813240717550171,0.9630771227708852,0.0,3.0,synonymous,possibly_wt_like,196
urn:mavedb:00000013-a-1#1360,p.His196Leu,0.311193115409936,0.0759881070590978,8.0,0.0268658528955087,0.258537011320788,0.363849219499085,1.0,1.0,missense,low,196
urn:mavedb:00000013-a-1#1361,p.His196Asn,0.546224093799526,0.162420515551643,6.0,0.0663078978102175,0.4162630022009369,0.6761851853981149,1.0,1.0,missense,low,196
urn:mavedb:00000013-a-1#1362,p.His196Pro,0.309044602132383,0.16120011946505,8.0,0.0569928488009094,0.197340671106264,0.420748533158502,1.0,1.0,missense,low,196
urn:mavedb:00000013-a-1#1363,p.His196Gln,0.6174281788631639,0.302070509547136,8.0,0.106798052848628,0.408107841660849,0.8267485160654799,1.0,2.0,missense,possibly_low,196
urn:mavedb:00000013-a-1#1364,p.His196Arg,0.6434345656542401,0.122149223913787,8.0,0.0431862722730563,0.558791027372509,0.7280781039359709,1.0,2.0,missense,possibly_low,196
urn:mavedb:00000013-a-1#1365,p.His196Ser,0.366812149221849,0.248039743134543,8.0,0.0876952921871023,0.194932534921412,0.5386917635222861,0.0,1.0,missense,low,196
urn:mavedb:00000013-a-1#1366,p.His196Thr,0.739949989125352,0.349882038584454,5.0,0.156472004476209,0.433270495763193,1.04662948248751,0.0,3.0,missense,possibly_wt_like,196
urn:mavedb:00000013-a-1#1367,p.His196Val,0.5748376354403331,0.180827366689927,7.0,0.0683463203566044,0.440881309065551,0.708793961815114,0.0,2.0,missense,possibly_low,196
urn:mavedb:00000013-a-1#1368,p.His196Tyr,0.7695189076186658,0.273798931014466,3.0,0.158077886525034,0.45969194327739,1.0793458719599398,1.0,3.0,missense,possibly_wt_like,196
urn:mavedb:00000013-a-1#1369,p.Asp19Gln,0.6656514089148621,0.229876145196505,8.0,0.0812734905507362,0.506358294537562,0.824944523292161,0.0,2.0,missense,possibly_low,19
urn:mavedb:00000013-a-1#1370,p.Lys197Ala,0.7170054856095491,0.487761261645739,6.0,0.19912770122137,0.326722362891411,1.1072886083276898,0.0,3.0,missense,possibly_wt_like,197
urn:mavedb:00000013-a-1#1371,p.Lys197Asp,0.240237509354568,0.2688374774208719,3.0,0.1552133899572,-0.0639751448799153,0.5444501635890521,0.0,1.0,missense,low,197
urn:mavedb:00000013-a-1#1372,p.Lys197Glu,0.5932033881360871,0.150611637514835,8.0,0.0532492551061749,0.488836765924399,0.6975700103477751,1.0,1.0,missense,low,197
urn:mavedb:00000013-a-1#1373,p.Lys197Gly,0.9000821070429699,0.225557220234926,8.0,0.0797465199868518,0.7437817999763371,1.0563824141096,0.0,4.0,missense,wt_like,197
urn:mavedb:00000013-a-1#1374,p.Lys197His,0.7095280465327071,0.331800546791171,4.0,0.165900273395586,0.3843694856520109,1.0346866074134,0.0,3.0,missense,possibly_wt_like,197
urn:mavedb:00000013-a-1#1375,p.Lys197Leu,0.9829090828608628,0.175122876874208,5.0,0.0783173314212111,0.8294099339100021,1.13640823181172,0.0,4.0,missense,wt_like,197
urn:mavedb:00000013-a-1#1376,p.Lys197Pro,0.560821946917322,0.0501386702339488,2.0,0.0354533937221013,0.491334572092285,0.630309321742359,0.0,1.0,missense,low,197
urn:mavedb:00000013-a-1#1377,p.Lys197Gln,0.449465826870284,0.739613680872229,2.0,0.522985849203096,-0.5755676019918801,1.47449925573245,1.0,2.0,missense,possibly_low,197
urn:mavedb:00000013-a-1#1378,p.Lys197Arg,0.9335059119234128,0.343974939450448,6.0,0.140427180993056,0.658273694726535,1.20873812912029,1.0,3.0,missense,possibly_wt_like,197
urn:mavedb:00000013-a-1#1379,p.Lys197Ser,0.36274974257849,0.53217594652423,5.0,0.237996318483694,-0.103714470102675,0.8292139552596559,0.0,2.0,missense,possibly_low,197
urn:mavedb:00000013-a-1#1380,p.Asp19Arg,0.903656013591753,0.0785680149727589,8.0,0.027777988085802,0.8492121573805981,0.958099869802907,0.0,4.0,missense,wt_like,19
urn:mavedb:00000013-a-1#1381,p.Lys197Val,0.501884251334809,0.0669305282903499,2.0,0.0473270304225045,0.4091249762114689,0.594643526458149,0.0,1.0,missense,low,197
urn:mavedb:00000013-a-1#1382,p.Lys197Tyr,0.7655324280115999,0.1712160937635879,4.0,0.0856080468817939,0.597743739336467,0.933321116686732,0.0,3.0,missense,possibly_wt_like,197
urn:mavedb:00000013-a-1#1383,p.Met199Val,1.25791496932706,0.2316390753791639,3.0,0.133736882524996,0.995795496173402,1.52003444248071,1.0,4.0,missense,wt_like,199
urn:mavedb:00000013-a-1#1384,p.Glu201Ala,0.738612777830201,0.109665209444693,3.0,0.0633152381936303,0.6145171912981109,0.8627083643622909,1.0,3.0,missense,possibly_wt_like,201
urn:mavedb:00000013-a-1#1385,p.Glu201Cys,0.9150351656355,0.28494917588711,5.0,0.127433145483225,0.6652707900517271,1.16479954121927,0.0,3.0,missense,possibly_wt_like,201
urn:mavedb:00000013-a-1#1386,p.Glu201=,0.953640884923453,0.212548140703345,8.0,0.0751471158099637,0.806355244393864,1.10092652545304,0.0,4.0,synonymous,wt_like,201
urn:mavedb:00000013-a-1#1387,p.Glu201Phe,0.925526886649127,0.114816103809883,3.0,0.0662891084419398,0.795602621535655,1.0554511517626,0.0,4.0,missense,wt_like,201
urn:mavedb:00000013-a-1#1388,p.Glu201Gly,0.641937182741537,0.169079706377084,8.0,0.0597787034701334,0.524773076897576,0.7591012885854979,1.0,2.0,missense,possibly_low,201
urn:mavedb:00000013-a-1#1389,p.Glu201Ile,0.671157401966784,0.613994114246909,4.0,0.306997057123454,0.0694542266450284,1.27286057728854,0.0,2.0,missense,possibly_low,201
urn:mavedb:00000013-a-1#1390,p.Glu201Leu,0.7415194147339208,0.0805026700289913,8.0,0.0284619919405614,0.685734935602152,0.797303893865691,0.0,3.0,missense,possibly_wt_like,201
urn:mavedb:00000013-a-1#1391,p.Asp19Ser,0.9820436266122008,0.0917982802149913,8.0,0.0324555932206416,0.918431832802861,1.04565542042154,0.0,4.0,missense,wt_like,19
urn:mavedb:00000013-a-1#1392,p.Glu201Met,1.0056590726071,0.148531946018786,7.0,0.0561397987020254,0.8956270890518001,1.1156910561624,0.0,4.0,missense,wt_like,201
urn:mavedb:00000013-a-1#1393,p.Glu201Pro,0.556646691667412,0.228442069346883,6.0,0.0932610842808923,0.373858325317709,0.7394350580171161,0.0,2.0,missense,possibly_low,201
urn:mavedb:00000013-a-1#1394,p.Glu201Gln,0.827648436835876,0.138369024721704,3.0,0.0798873936705816,0.671072022422763,0.984224851248989,1.0,3.0,missense,possibly_wt_like,201
urn:mavedb:00000013-a-1#1395,p.Glu201Arg,0.31747768190335,0.204122671291035,4.0,0.102061335645517,0.117441139824082,0.517514223982617,0.0,1.0,missense,low,201
urn:mavedb:00000013-a-1#1396,p.Glu201Ser,0.7083935583935821,0.206052671419772,8.0,0.0728506206212621,0.5656089657245171,0.8511781510626469,0.0,3.0,missense,possibly_wt_like,201
urn:mavedb:00000013-a-1#1397,p.Glu201Thr,1.04106502170162,0.09389762470395,3.0,0.054211818899092,0.934811809122995,1.14731823428025,0.0,4.0,missense,wt_like,201
urn:mavedb:00000013-a-1#1398,p.Glu201Val,1.01947987911686,0.0966965712920222,8.0,0.0341874006390387,0.9524738051393068,1.08648595309442,1.0,4.0,missense,wt_like,201
urn:mavedb:00000013-a-1#1399,p.Glu201Ter,0.0483942183878621,0.0536518349898071,4.0,0.0268259174949036,-0.0041836137543918,0.100972050530116,1.0,1.0,nonsense,low,201
urn:mavedb:00000013-a-1#1400,p.Thr202Ala,0.278806662631726,0.156652789868355,5.0,0.0700572574021262,0.1414969612679069,0.416116363995546,1.0,1.0,missense,low,202
urn:mavedb:00000013-a-1#1401,p.Thr202Cys,0.953408728112077,0.174573963635447,6.0,0.0712695222136719,0.8137230313779029,1.09309442484625,0.0,4.0,missense,wt_like,202
urn:mavedb:00000013-a-1#1402,p.Asp19Thr,0.796982438837225,0.250297368833716,8.0,0.0884934834077354,0.623538398491571,0.970426479182879,0.0,3.0,missense,possibly_wt_like,19
urn:mavedb:00000013-a-1#1403,p.Thr202Asp,0.783696658564869,0.326700695661686,8.0,0.11550613866037,0.557308786797254,1.01008453033248,0.0,3.0,missense,possibly_wt_like,202
urn:mavedb:00000013-a-1#1404,p.Thr202Phe,0.394321586533844,0.264022897861137,6.0,0.107786896695124,0.183063151006061,0.6055800220616271,0.0,1.0,missense,low,202
urn:mavedb:00000013-a-1#1405,p.Thr202Gly,0.939166394893949,0.1609482532241569,8.0,0.0569038006374657,0.8276369950610691,1.05069579472683,0.0,4.0,missense,wt_like,202
urn:mavedb:00000013-a-1#1406,p.Thr202His,1.1345223596427298,0.0125301321513961,2.0,0.0088601414134157,1.1171568015745,1.15188791771096,0.0,4.0,missense,wt_like,202
urn:mavedb:00000013-a-1#1407,p.Thr202Ile,0.307786925541669,0.0451242185753309,4.0,0.0225621092876655,0.263566003922588,0.35200784716075,1.0,1.0,missense,low,202
urn:mavedb:00000013-a-1#1408,p.Thr202Leu,0.533153338644202,0.1854993592320949,8.0,0.065583927409387,0.404611202957114,0.6616954743312901,0.0,1.0,missense,low,202
urn:mavedb:00000013-a-1#1409,p.Thr202Met,0.628696273971974,0.0937516463600102,2.0,0.0662924248885663,0.498765508742558,0.7586270392013911,0.0,2.0,missense,possibly_low,202
urn:mavedb:00000013-a-1#1410,p.Thr202Pro,0.8861158697994681,0.17663361491397,7.0,0.0667612311766736,0.755266261129635,1.0169654784693,1.0,4.0,missense,wt_like,202
urn:mavedb:00000013-a-1#1411,p.Thr202Gln,0.750543556033305,0.3635430820808821,5.0,0.162581408856528,0.43188985011873,1.06919726194788,0.0,3.0,missense,possibly_wt_like,202
urn:mavedb:00000013-a-1#1412,p.Thr202Arg,0.619112135941111,0.110919483790363,4.0,0.0554597418951813,0.510413039234669,0.7278112326475541,0.0,2.0,missense,possibly_low,202
urn:mavedb:00000013-a-1#1413,p.Asp19Val,0.820660513650636,0.0956880047052315,8.0,0.0338308185026397,0.75435332781795,0.8869676994833209,1.0,4.0,missense,wt_like,19
urn:mavedb:00000013-a-1#1414,p.Thr202Ser,0.780202666256813,0.460358565070011,6.0,0.1879405971902289,0.411845864531015,1.14855946798261,1.0,3.0,missense,possibly_wt_like,202
urn:mavedb:00000013-a-1#1415,p.Thr202=,0.8478863397047479,0.32659541986835,8.0,0.115468918046689,0.621571418999431,1.07420126041007,0.0,3.0,synonymous,possibly_wt_like,202
urn:mavedb:00000013-a-1#1416,p.Thr202Val,0.353960349738762,0.171354554409201,8.0,0.0605829837049726,0.235219883601038,0.472700815876485,0.0,1.0,missense,low,202
urn:mavedb:00000013-a-1#1417,p.Thr202Trp,0.6816118377570402,0.151530927018936,4.0,0.0757654635094679,0.5331142580065,0.8301094175075809,0.0,2.0,missense,possibly_low,202
urn:mavedb:00000013-a-1#1418,p.Thr202Tyr,0.9638783760320948,0.119256278488693,8.0,0.0421634616092133,0.8812395098144991,1.04651724224969,0.0,4.0,missense,wt_like,202
urn:mavedb:00000013-a-1#1419,p.Ile203Ala,0.649782015151015,0.186577216741048,7.0,0.0705195594010587,0.5115662185193061,0.7879978117827231,0.0,2.0,missense,possibly_low,203
urn:mavedb:00000013-a-1#1420,p.Ile203Cys,0.760167718662039,0.2141986119241629,6.0,0.087446217137772,0.5887762824877371,0.931559154836341,0.0,3.0,missense,possibly_wt_like,203
urn:mavedb:00000013-a-1#1421,p.Ile203Glu,0.814537836082058,0.114657000088596,5.0,0.0512761692588598,0.714038391069513,0.9150372810946032,0.0,4.0,missense,wt_like,203
urn:mavedb:00000013-a-1#1422,p.Ile203Gly,0.551848499477818,0.1127122250489319,8.0,0.0398497893273622,0.4737443476046789,0.629952651350956,0.0,1.0,missense,low,203
urn:mavedb:00000013-a-1#1423,p.Ile203Leu,0.577117024751607,0.3947417005083701,7.0,0.1491983388074119,0.284693654135875,0.86954039536734,1.0,2.0,missense,possibly_low,203
urn:mavedb:00000013-a-1#1424,p.Asp19Trp,0.7352265064315021,0.157733994101913,7.0,0.0596178459563702,0.618377675521159,0.8520753373418442,0.0,3.0,missense,possibly_wt_like,19
urn:mavedb:00000013-a-1#1425,p.Ile203Pro,0.6435563131081291,0.224035750137287,8.0,0.0792085990751452,0.4883103116549721,0.798802314561287,0.0,2.0,missense,possibly_low,203
urn:mavedb:00000013-a-1#1426,p.Ile203Arg,0.3984807964520369,0.111003658588215,8.0,0.0392457198621214,0.321560598974931,0.475400993929143,0.0,1.0,missense,low,203
urn:mavedb:00000013-a-1#1427,p.Ile203Ser,0.9241121312661652,0.0775424031114332,5.0,0.0346780168991712,0.856144467088519,0.992079795443812,1.0,4.0,missense,wt_like,203
urn:mavedb:00000013-a-1#1428,p.Ile203Val,0.79570656581642,0.240870948137969,8.0,0.0851607404095954,0.628794581716848,0.962618549915992,1.0,3.0,missense,possibly_wt_like,203
urn:mavedb:00000013-a-1#1429,p.Pro204Ala,0.5229309655938189,0.4038143323543569,7.0,0.152627471321888,0.223786618751499,0.822075312436138,1.0,2.0,missense,possibly_low,204
urn:mavedb:00000013-a-1#1430,p.Pro204Glu,0.466599167331692,0.150883181631538,3.0,0.0871124455311557,0.295861911485419,0.637336423177964,0.0,1.0,missense,low,204
urn:mavedb:00000013-a-1#1431,p.Pro204Gly,0.358549543552415,0.111910348694381,7.0,0.0422981359685507,0.275646720440877,0.441452366663952,0.0,1.0,missense,low,204
urn:mavedb:00000013-a-1#1432,p.Pro204Leu,0.481358377982581,0.3398274831092961,5.0,0.151975470571009,0.183491929129876,0.7792248268352858,1.0,2.0,missense,possibly_low,204
urn:mavedb:00000013-a-1#1433,p.Pro204Met,0.4270419075922179,0.0947820422608985,4.0,0.0473910211304493,0.33415721298596,0.519926602198475,0.0,1.0,missense,low,204
urn:mavedb:00000013-a-1#1434,p.Pro204Gln,0.383569018787092,0.112029206013632,8.0,0.0396083056315918,0.3059381662605169,0.4611998713136671,1.0,1.0,missense,low,204
urn:mavedb:00000013-a-1#1435,p.Asp19Tyr,1.0123927768108298,0.0920643521759047,3.0,0.0531533785115271,0.908214069271616,1.11657148435005,1.0,4.0,missense,wt_like,19
urn:mavedb:00000013-a-1#1436,p.Pro204Arg,0.273593764771503,0.269515999275786,8.0,0.0952882953630883,0.0868321377116348,0.460355391831371,1.0,1.0,missense,low,204
urn:mavedb:00000013-a-1#1437,p.Pro204Ser,0.365678683276209,0.175113165045903,2.0,0.123823706478997,0.122988678145115,0.608368688407303,1.0,1.0,missense,low,204
urn:mavedb:00000013-a-1#1438,p.Pro204Thr,0.292217559324509,0.0643665482551383,3.0,0.0371620439619111,0.2193812915672689,0.365053827081749,1.0,1.0,missense,low,204
urn:mavedb:00000013-a-1#1439,p.Pro204Val,0.265290486438572,0.195062359828117,7.0,0.0737266420363703,0.12078892334621,0.409792049530935,0.0,1.0,missense,low,204
urn:mavedb:00000013-a-1#1440,p.Met205Ala,0.943831984215085,0.188613230381581,8.0,0.0666848471121581,0.8131320855606949,1.07453188286947,0.0,4.0,missense,wt_like,205
urn:mavedb:00000013-a-1#1441,p.Met205Asp,-0.216124346186807,0.187022961746613,2.0,0.1322452044886229,-0.4753201841126421,0.0430714917390279,0.0,1.0,missense,low,205
urn:mavedb:00000013-a-1#1442,p.Met205Glu,0.819326680653666,0.1165987505431169,8.0,0.0412238835934583,0.738529353507616,0.9001240077997149,0.0,4.0,missense,wt_like,205
urn:mavedb:00000013-a-1#1443,p.Met205Gly,0.630223261529684,0.109020325131574,8.0,0.0385445055938491,0.554677418763837,0.705769104295531,0.0,1.0,missense,low,205
urn:mavedb:00000013-a-1#1444,p.Met205Leu,0.5190517033893239,0.357092895176632,7.0,0.134968427940775,0.254518445575416,0.7835849612032321,1.0,2.0,missense,possibly_low,205
urn:mavedb:00000013-a-1#1445,p.Met205Pro,0.411982361825287,0.0897810501808373,4.0,0.0448905250904186,0.3239985494009749,0.499966174249599,0.0,1.0,missense,low,205
urn:mavedb:00000013-a-1#1446,p.Ile5Val,0.937216796949558,0.705590972698021,5.0,0.315549875852595,0.3187504049523869,1.55568318894673,1.0,3.0,missense,possibly_wt_like,5
urn:mavedb:00000013-a-1#1447,p.Gly20Ala,0.8531795567101,0.118250203235501,7.0,0.0446943757491402,0.765580189930284,0.940778923489915,1.0,4.0,missense,wt_like,20
urn:mavedb:00000013-a-1#1448,p.Met205Arg,0.865879220745693,0.278015692728591,8.0,0.098293390802331,0.6732277148548029,1.05853072663658,1.0,3.0,missense,possibly_wt_like,205
urn:mavedb:00000013-a-1#1449,p.Met205Ser,0.5474834421101189,0.421067289816766,5.0,0.188307016626379,0.178408471486231,0.916558412734006,0.0,2.0,missense,possibly_low,205
urn:mavedb:00000013-a-1#1450,p.Met205Thr,1.10141057270696,0.14115611688253,7.0,0.0533519973295343,0.996842579437794,1.2059785659761202,1.0,4.0,missense,wt_like,205
urn:mavedb:00000013-a-1#1451,p.Met205Val,0.7013759703566059,0.186206976145059,8.0,0.0658341077682066,0.572343490176592,0.8304084505366189,1.0,2.0,missense,possibly_low,205
urn:mavedb:00000013-a-1#1452,p.Met205Trp,0.7357525799958159,0.3140164675039699,7.0,0.118687068656357,0.503130199998724,0.968374959992909,0.0,3.0,missense,possibly_wt_like,205
urn:mavedb:00000013-a-1#1453,p.Met205Ter,0.284087777654861,0.769349085183134,5.0,0.344063370579353,-0.390264037080128,0.9584395923898508,0.0,2.0,nonsense,possibly_low,205
urn:mavedb:00000013-a-1#1454,p.Phe206Ala,0.73171605976841,0.0974352883717949,8.0,0.0344485765672815,0.6641980903778679,0.7992340291589521,0.0,3.0,missense,possibly_wt_like,206
urn:mavedb:00000013-a-1#1455,p.Phe206Cys,0.945345742463804,0.181641176023691,7.0,0.0686539113725705,0.810786548775761,1.07990493615185,1.0,4.0,missense,wt_like,206
urn:mavedb:00000013-a-1#1456,p.Phe206Asp,0.297738993869001,0.248635590524491,4.0,0.124317795262245,0.0540805925175762,0.541397395220427,0.0,1.0,missense,low,206
urn:mavedb:00000013-a-1#1457,p.Phe206=,0.874113467785846,0.4263307308885461,5.0,0.190660899032792,0.500424972421547,1.2478019631501498,0.0,3.0,synonymous,possibly_wt_like,206
urn:mavedb:00000013-a-1#1458,p.Gly20Cys,0.818745760751952,0.225586002070198,7.0,0.0852634943907209,0.651632382550106,0.985859138953798,0.0,3.0,missense,possibly_wt_like,20
urn:mavedb:00000013-a-1#1459,p.Phe206Gly,0.6111449697147471,0.0541532699030184,8.0,0.0191460721859248,0.57361935778493,0.648670581644563,0.0,1.0,missense,low,206
urn:mavedb:00000013-a-1#1460,p.Phe206His,0.7088153529957192,0.181807313800346,6.0,0.0742225250528184,0.563341877050573,0.854288828940865,0.0,3.0,missense,possibly_wt_like,206
urn:mavedb:00000013-a-1#1461,p.Phe206Ile,0.945449891912682,0.174691122898336,4.0,0.0873455614491679,0.7742557372628829,1.11664404656248,1.0,4.0,missense,wt_like,206
urn:mavedb:00000013-a-1#1462,p.Phe206Leu,0.608840913560716,0.451138187962142,6.0,0.1841763939985089,0.2478618145211789,0.969820012600254,1.0,2.0,missense,possibly_low,206
urn:mavedb:00000013-a-1#1463,p.Phe206Met,0.7010283397693071,0.3156360021348039,7.0,0.119299195209621,0.467206213773838,0.9348504657647768,0.0,2.0,missense,possibly_low,206
urn:mavedb:00000013-a-1#1464,p.Phe206Pro,0.5574252928304471,0.144896400622879,8.0,0.0512286137249804,0.4570190549515711,0.657831530709322,0.0,1.0,missense,low,206
urn:mavedb:00000013-a-1#1465,p.Phe206Gln,0.6781171241867271,0.137593775256889,2.0,0.0972934915332039,0.487425384851495,0.86880886352196,0.0,2.0,missense,possibly_low,206
urn:mavedb:00000013-a-1#1466,p.Phe206Arg,0.63903620777181,0.11448837773741,8.0,0.0404777541325849,0.559701267496876,0.7183711480467441,0.0,2.0,missense,possibly_low,206
urn:mavedb:00000013-a-1#1467,p.Phe206Ser,0.645628880419971,0.097932708254136,8.0,0.0346244410532317,0.577766222970807,0.713491537869135,1.0,2.0,missense,possibly_low,206
urn:mavedb:00000013-a-1#1468,p.Phe206Thr,0.7195600909371189,0.161757777629323,7.0,0.0611386931768108,0.599730454248725,0.8393897276255129,0.0,3.0,missense,possibly_wt_like,206
urn:mavedb:00000013-a-1#1469,p.Gly20Asp,1.07746659767115,0.3356777588878079,5.0,0.1501196574815849,0.7832374756357521,1.37169571970654,0.0,4.0,missense,wt_like,20
urn:mavedb:00000013-a-1#1470,p.Phe206Val,0.8061547446193449,0.1840002688853149,8.0,0.065053918934477,0.6786514064545821,0.933658082784108,1.0,3.0,missense,possibly_wt_like,206
urn:mavedb:00000013-a-1#1471,p.Phe206Trp,0.82961353563564,0.196573793088102,8.0,0.069499331048079,0.693397349831779,0.9658297214395012,0.0,3.0,missense,possibly_wt_like,206
urn:mavedb:00000013-a-1#1472,p.Phe206Ter,-0.012284352685657,0.02837273484071,7.0,0.0107238857718995,-0.0333027825729016,0.0087340772015875,0.0,1.0,nonsense,low,206
urn:mavedb:00000013-a-1#1473,p.Phe206Tyr,1.05126218287004,0.174184134551478,2.0,0.12316678271646,0.8098597246541078,1.29266464108597,1.0,4.0,missense,wt_like,206
urn:mavedb:00000013-a-1#1474,p.Ser207Cys,0.880365542157194,0.333308224442471,2.0,0.235684505728519,0.418432399215173,1.34229868509922,1.0,3.0,missense,possibly_wt_like,207
urn:mavedb:00000013-a-1#1475,p.Ser207Asp,0.740290933732762,0.420898603684887,6.0,0.171831135412982,0.403508096900692,1.07707377056483,0.0,3.0,missense,possibly_wt_like,207
urn:mavedb:00000013-a-1#1476,p.Ser207Glu,1.08751649641696,0.08866219210571,6.0,0.0361961883559347,1.0165732708617,1.15845972197222,0.0,4.0,missense,wt_like,207
urn:mavedb:00000013-a-1#1477,p.Ser207Gly,0.96618690076696,0.198312715008266,7.0,0.0749551608191282,0.8192774851060609,1.1130963164278602,1.0,4.0,missense,wt_like,207
urn:mavedb:00000013-a-1#1478,p.Ser207Ile,0.848974691050512,0.0578600973753676,4.0,0.0289300486876838,0.792272837551662,0.905676544549363,1.0,4.0,missense,wt_like,207
urn:mavedb:00000013-a-1#1479,p.Ser207Leu,0.9773642346099152,0.387294608637915,5.0,0.1732034144467109,0.637891780294997,1.3168366889248302,0.0,3.0,missense,possibly_wt_like,207
urn:mavedb:00000013-a-1#1480,p.Gly20Glu,0.963849319525736,0.1059705570192319,7.0,0.0400531057382684,0.8853466748097559,1.04235196424172,1.0,4.0,missense,wt_like,20
urn:mavedb:00000013-a-1#1481,p.Ser207Pro,0.947368504447091,0.262674566441528,6.0,0.10723644269809,0.73718893892864,1.15754806996554,0.0,4.0,missense,wt_like,207
urn:mavedb:00000013-a-1#1482,p.Ser207Gln,0.624686153122103,0.8495179690399369,3.0,0.490469428106632,-0.336616261484853,1.5859885677290602,0.0,2.0,missense,possibly_low,207
urn:mavedb:00000013-a-1#1483,p.Ser207Arg,0.6509271215966851,0.205910631370816,5.0,0.0920860338070093,0.470441811855809,0.8314124313375608,1.0,2.0,missense,possibly_low,207
urn:mavedb:00000013-a-1#1484,p.Ser207Thr,0.749818350750605,0.361493463996274,6.0,0.147579088690339,0.4605686520462979,1.03906804945491,1.0,3.0,missense,possibly_wt_like,207
urn:mavedb:00000013-a-1#1485,p.Ser207Val,1.02040888872363,0.0822832241668891,3.0,0.0475062416225437,0.9272983661025892,1.1135194113446798,0.0,4.0,missense,wt_like,207
urn:mavedb:00000013-a-1#1486,p.Gly208Ala,0.971452894438765,0.276365483812572,8.0,0.0977099538448852,0.7799449039717191,1.16296088490581,1.0,4.0,missense,wt_like,208
urn:mavedb:00000013-a-1#1487,p.Gly208Cys,0.924594555523232,0.162072239337397,7.0,0.0612575485305846,0.8045319666220709,1.04465714442439,1.0,4.0,missense,wt_like,208
urn:mavedb:00000013-a-1#1488,p.Gly208Asp,1.02787955811875,0.290835163607497,5.0,0.130065439214727,0.7729559816245021,1.282803134613,1.0,4.0,missense,wt_like,208
urn:mavedb:00000013-a-1#1489,p.Gly208Glu,0.241023774156418,0.269516544493306,2.0,0.190576976253183,-0.132500235582365,0.614547783895201,0.0,1.0,missense,low,208
urn:mavedb:00000013-a-1#1490,p.Gly208Phe,0.75042292644152,0.152795205567646,6.0,0.0623783814640661,0.62816354535805,0.872682307524991,0.0,3.0,missense,possibly_wt_like,208
urn:mavedb:00000013-a-1#1491,p.Gly20Phe,0.8717184186139392,0.184438243638408,8.0,0.0652087663934274,0.743911585006536,0.999525252221343,0.0,4.0,missense,wt_like,20
urn:mavedb:00000013-a-1#1492,p.Gly208=,0.8948121405517371,0.1359702315326919,8.0,0.0480727363781358,0.800591308612303,0.989032972491172,0.0,4.0,synonymous,wt_like,208
urn:mavedb:00000013-a-1#1493,p.Gly208Ile,0.642041634052164,0.4939927003056901,6.0,0.201671675401425,0.246772413563518,1.03731085454081,0.0,2.0,missense,possibly_low,208
urn:mavedb:00000013-a-1#1494,p.Gly208Leu,0.8564666526989301,0.181654240591386,8.0,0.0642244726767308,0.7305889993264599,0.982344306071399,0.0,4.0,missense,wt_like,208
urn:mavedb:00000013-a-1#1495,p.Gly208Met,0.879174405613027,0.214761112688004,7.0,0.0811720707799965,0.7200800703336979,1.03826874089236,0.0,4.0,missense,wt_like,208
urn:mavedb:00000013-a-1#1496,p.Gly208Asn,0.8019861653937329,0.417545225550691,3.0,0.241069848370534,0.3294979448289539,1.27447438595851,0.0,3.0,missense,possibly_wt_like,208
urn:mavedb:00000013-a-1#1497,p.Gly208Gln,0.53397392532206,0.7851995219032181,2.0,0.5552199065222,-0.5542370949611479,1.62218494560527,0.0,2.0,missense,possibly_low,208
urn:mavedb:00000013-a-1#1498,p.Gly208Arg,0.7027924388285061,0.20022575886321,8.0,0.0707904959301993,0.5640456163575861,0.8415392612994259,1.0,2.0,missense,possibly_low,208
urn:mavedb:00000013-a-1#1499,p.Gly208Ser,1.0322663821090998,0.145235337266168,8.0,0.0513484459244112,0.931625277435154,1.13290748678305,1.0,4.0,missense,wt_like,208
urn:mavedb:00000013-a-1#1500,p.Gly208Thr,0.7378679907664301,0.180453614915219,6.0,0.0736698797971626,0.5934776796185961,0.8822583019142639,0.0,3.0,missense,possibly_wt_like,208
urn:mavedb:00000013-a-1#1501,p.Gly208Val,0.7888899093789481,0.105077842946614,8.0,0.037150627650003,0.716076017181885,0.8617038015760121,1.0,4.0,missense,wt_like,208
urn:mavedb:00000013-a-1#1502,p.Gly20=,0.9840293509021908,0.108848627727506,8.0,0.0384838013944849,0.9086024861808092,1.0594562156235698,0.0,4.0,synonymous,wt_like,20
urn:mavedb:00000013-a-1#1503,p.Gly208Tyr,1.06095259595004,0.0804203142258512,2.0,0.0568657495342524,0.949497774909031,1.17240741699105,0.0,4.0,missense,wt_like,208
urn:mavedb:00000013-a-1#1504,p.Gly209Ala,1.04176048243202,0.3645485203875471,6.0,0.1488263102393469,0.7500662744109209,1.33345469045313,1.0,4.0,missense,wt_like,209
urn:mavedb:00000013-a-1#1505,p.Gly209Cys,0.763361764491989,0.246124000195179,8.0,0.0870179747753852,0.59280966792462,0.933913861059359,0.0,3.0,missense,possibly_wt_like,209
urn:mavedb:00000013-a-1#1506,p.Gly209Asp,0.8486331988706108,0.274664038570198,8.0,0.0971084021105353,0.658304228137728,1.03896216960349,0.0,3.0,missense,possibly_wt_like,209
urn:mavedb:00000013-a-1#1507,p.Gly209Glu,1.06986220862447,0.121482636439474,7.0,0.0459161206616174,0.9798682658179058,1.15985615143104,1.0,4.0,missense,wt_like,209
urn:mavedb:00000013-a-1#1508,p.Gly209Phe,0.644909692504334,0.37440343912987,2.0,0.264743210708296,0.1260225343645759,1.16379685064409,0.0,2.0,missense,possibly_low,209
urn:mavedb:00000013-a-1#1509,p.Gly209=,1.00634323360745,0.15299703897137,8.0,0.0540926218790592,0.900323642895152,1.11236282431975,0.0,4.0,synonymous,wt_like,209
urn:mavedb:00000013-a-1#1510,p.Gly209Leu,0.930722227714604,0.1233125892389169,8.0,0.0435975840282547,0.845272533206266,1.01617192222294,0.0,4.0,missense,wt_like,209
urn:mavedb:00000013-a-1#1511,p.Gly209Met,0.550628191961568,0.6160368146071271,2.0,0.4356038090692589,-0.303139585342642,1.40439596926578,0.0,2.0,missense,possibly_low,209
urn:mavedb:00000013-a-1#1512,p.Gly209Asn,1.15674747931189,0.2177898853376929,3.0,0.125741048926495,0.910299552037668,1.40319540658611,0.0,4.0,missense,wt_like,209
urn:mavedb:00000013-a-1#1513,p.Gly20His,0.913933658684351,0.213081611747358,7.0,0.080537279092047,0.7560834922510881,1.07178382511761,0.0,4.0,missense,wt_like,20
urn:mavedb:00000013-a-1#1514,p.Gly209Pro,0.8186112432666091,0.212477565933233,7.0,0.0803089712342378,0.66120855201204,0.976013934521179,0.0,3.0,missense,possibly_wt_like,209
urn:mavedb:00000013-a-1#1515,p.Gly209Arg,0.8986125744599891,0.0910266250001296,8.0,0.0321827719030583,0.8355355006073271,0.9616896483126508,1.0,4.0,missense,wt_like,209
urn:mavedb:00000013-a-1#1516,p.Gly209Ser,0.901152678589447,0.214804631489744,7.0,0.0811885193409624,0.7420261047230271,1.06027925245587,0.0,4.0,missense,wt_like,209
urn:mavedb:00000013-a-1#1517,p.Gly209Val,0.934435385540958,0.100467501649952,7.0,0.0379731463156779,0.8600093863825591,1.00886138469936,1.0,4.0,missense,wt_like,209
urn:mavedb:00000013-a-1#1518,p.Gly209Trp,0.731435271156496,0.209086353625558,8.0,0.0739231892511002,0.586548482602001,0.876322059710991,0.0,3.0,missense,possibly_wt_like,209
urn:mavedb:00000013-a-1#1519,p.Gly209Ter,0.060180889941363,0.292619441842856,4.0,0.146309720921428,-0.226580893652742,0.346942673535468,1.0,1.0,nonsense,low,209
urn:mavedb:00000013-a-1#1520,p.Thr210Asp,1.17300223743404,0.188871315413113,5.0,0.0844658200527048,1.0074522722061,1.33855220266198,0.0,4.0,missense,wt_like,210
urn:mavedb:00000013-a-1#1521,p.Thr210Glu,1.11238940774377,0.183216996352573,8.0,0.0647769902747676,0.985428839778324,1.23934997570922,0.0,4.0,missense,wt_like,210
urn:mavedb:00000013-a-1#1522,p.Thr210Gly,0.904233462755524,0.33208071377193,7.0,0.125514711977336,0.6582291477500279,1.15023777776102,0.0,3.0,missense,possibly_wt_like,210
urn:mavedb:00000013-a-1#1523,p.Thr210Lys,0.627873664533027,0.234602372227451,6.0,0.0957760174006237,0.440156119845123,0.815591209220931,0.0,2.0,missense,possibly_low,210
urn:mavedb:00000013-a-1#1524,p.Gly20Ile,0.967527527839018,0.4594274676506229,5.0,0.205462209679476,0.564828996683229,1.37022605899481,0.0,3.0,missense,possibly_wt_like,20
urn:mavedb:00000013-a-1#1525,p.Thr210Leu,0.751380134238883,0.144000298051407,5.0,0.0643988910446354,0.625160627147078,0.8775996413306869,0.0,3.0,missense,possibly_wt_like,210
urn:mavedb:00000013-a-1#1526,p.Thr210Met,0.850687253743065,0.303766329008497,6.0,0.124012084518202,0.607628034439651,1.09374647304648,0.0,3.0,missense,possibly_wt_like,210
urn:mavedb:00000013-a-1#1527,p.Thr210Arg,0.433474742047111,0.272020337863626,4.0,0.136010168931813,0.166899709409549,0.700049774684673,0.0,1.0,missense,low,210
urn:mavedb:00000013-a-1#1528,p.Thr210Ser,1.2656709796268302,0.146544277479102,3.0,0.0846073780507589,1.09984356582098,1.43149839343268,1.0,4.0,missense,wt_like,210
urn:mavedb:00000013-a-1#1529,p.Thr210Val,0.868312315496631,0.206720967891867,4.0,0.103360483945933,0.6657294895379711,1.07089514145529,0.0,3.0,missense,possibly_wt_like,210
urn:mavedb:00000013-a-1#1530,p.Thr210Ter,0.154432991070466,0.198201898800603,4.0,0.0991009494003016,-0.0398013005878517,0.348667282728783,0.0,1.0,nonsense,low,210
urn:mavedb:00000013-a-1#1531,p.Cys211Ala,0.8056633180924859,0.108436270061202,7.0,0.0409850576687686,0.7253340811574019,0.8859925550275691,0.0,4.0,missense,wt_like,211
urn:mavedb:00000013-a-1#1532,p.Cys211=,1.1304101479168,0.163708409955901,5.0,0.0732126266299595,0.9869160365084992,1.2739042593251,0.0,4.0,synonymous,wt_like,211
urn:mavedb:00000013-a-1#1533,p.Cys211Asp,0.662831968110162,0.184589439246991,4.0,0.0922947196234954,0.481937641684889,0.843726294535435,0.0,2.0,missense,possibly_low,211
urn:mavedb:00000013-a-1#1534,p.Cys211Phe,1.00490140416082,0.218187514235272,5.0,0.0975764227343544,0.813655129861228,1.19614767846041,1.0,4.0,missense,wt_like,211
urn:mavedb:00000013-a-1#1535,p.Gly20Leu,0.840083497653014,0.0570133684922756,8.0,0.0201572697395878,0.8005759749367629,0.8795910203692651,0.0,4.0,missense,wt_like,20
urn:mavedb:00000013-a-1#1536,p.Cys211Gly,0.58080582220684,0.234404520646212,8.0,0.0828745130448593,0.418374761402621,0.7432368830110601,1.0,2.0,missense,possibly_low,211
urn:mavedb:00000013-a-1#1537,p.Cys211Leu,0.7373856263418279,0.116658138297735,8.0,0.0412448803354632,0.656547146337656,0.818224106346,0.0,3.0,missense,possibly_wt_like,211
urn:mavedb:00000013-a-1#1538,p.Cys211Met,0.5484086547851861,0.246229873730458,5.0,0.110117347150499,0.332582620297114,0.764234689273258,0.0,2.0,missense,possibly_low,211
urn:mavedb:00000013-a-1#1539,p.Cys211Asn,0.312975414061396,0.522928563386296,2.0,0.369766333246589,-0.4117532817973529,1.03770410992015,0.0,2.0,missense,possibly_low,211
urn:mavedb:00000013-a-1#1540,p.Cys211Pro,0.744171503635572,0.0337604979995654,3.0,0.0194916326080249,0.7059686057239559,0.782374401547187,0.0,3.0,missense,possibly_wt_like,211
urn:mavedb:00000013-a-1#1541,p.Cys211Arg,0.4568830632490201,0.0898307670140511,8.0,0.0317599722574122,0.394634661474501,0.5191314650235399,1.0,1.0,missense,low,211
urn:mavedb:00000013-a-1#1542,p.Cys211Ser,0.635804890219984,0.203090212863796,6.0,0.0829112322115867,0.473301861171437,0.798307919268531,1.0,2.0,missense,possibly_low,211
urn:mavedb:00000013-a-1#1543,p.Cys211Thr,0.511030848971937,0.396056430094544,5.0,0.1771218201234589,0.163878460653776,0.858183237290098,0.0,2.0,missense,possibly_low,211
urn:mavedb:00000013-a-1#1544,p.Cys211Val,0.791159456292315,0.17704420934898,8.0,0.0625945805002374,0.6684763328844571,0.913842579700173,0.0,3.0,missense,possibly_wt_like,211
urn:mavedb:00000013-a-1#1545,p.Cys211Ter,-0.0621686456543476,0.0422821614016474,7.0,0.0159811548518647,-0.09349113359536,-0.0308461577133352,1.0,1.0,nonsense,low,211
urn:mavedb:00000013-a-1#1546,p.Gly20Met,0.8440363380849392,0.171200420632367,8.0,0.060528489185568,0.725402679242603,0.962669996927274,0.0,4.0,missense,wt_like,20
urn:mavedb:00000013-a-1#1547,p.Asn212Ala,0.544443398838423,0.528919862274299,5.0,0.236540153339032,0.0808332173963388,1.00805358028051,0.0,2.0,missense,possibly_low,212
urn:mavedb:00000013-a-1#1548,p.Asn212Phe,0.93169285937833,0.125691001806901,2.0,0.0888769597117901,0.7574972192878041,1.1058884994688605,0.0,4.0,missense,wt_like,212
urn:mavedb:00000013-a-1#1549,p.Asn212Gly,0.562152174371083,0.147716757778495,8.0,0.0522257605600321,0.459791564608207,0.664512784133958,0.0,1.0,missense,low,212
urn:mavedb:00000013-a-1#1550,p.Asn212Lys,0.3939296749824121,0.183218980209313,3.0,0.105781527544496,0.1866016907655689,0.601257659199255,1.0,1.0,missense,low,212
urn:mavedb:00000013-a-1#1551,p.Asn212Leu,0.723161855485367,0.215643702442212,7.0,0.0815056583513293,0.563413700580535,0.8829100103901991,0.0,3.0,missense,possibly_wt_like,212
urn:mavedb:00000013-a-1#1552,p.Asn212Met,1.0217613982211,0.0156778981839807,2.0,0.011085948120645,1.00003333917015,1.04348945727204,0.0,4.0,missense,wt_like,212
urn:mavedb:00000013-a-1#1553,p.Asn212Pro,0.245966039323495,0.151178943618873,4.0,0.0755894718094367,0.0978133969665934,0.3941186816803969,0.0,1.0,missense,low,212
urn:mavedb:00000013-a-1#1554,p.Asn212Gln,0.8621632414065,0.211688603687286,8.0,0.0748432235835959,0.7154732186957729,1.00885326411723,0.0,4.0,missense,wt_like,212
urn:mavedb:00000013-a-1#1555,p.Asn212Arg,0.7599185592773481,0.135036293655645,8.0,0.0477425394751022,0.666344901375666,0.85349221717903,0.0,3.0,missense,possibly_wt_like,212
urn:mavedb:00000013-a-1#1556,p.Asn212Val,0.854929841364556,0.252067721666586,7.0,0.0952726435823476,0.668198891231234,1.0416607914978802,0.0,3.0,missense,possibly_wt_like,212
urn:mavedb:00000013-a-1#1557,p.Ile5Trp,0.647629203119534,0.577559121383467,2.0,0.408395971266394,-0.152812191993852,1.4480705982329198,0.0,2.0,missense,possibly_low,5
urn:mavedb:00000013-a-1#1558,p.Gly20Asn,0.9935961498397872,0.252040870149519,4.0,0.126020435074759,0.7466006357771899,1.24059166390238,0.0,4.0,missense,wt_like,20
urn:mavedb:00000013-a-1#1559,p.Asn212Ter,0.205481428360553,0.439273975098445,3.0,0.2536149477710839,-0.291594735211779,0.702557591932884,0.0,1.0,nonsense,low,212
urn:mavedb:00000013-a-1#1560,p.Asn212Tyr,1.16792659804391,0.15007051011908,5.0,0.0671135724088664,1.03638641324871,1.29946678283911,1.0,4.0,missense,wt_like,212
urn:mavedb:00000013-a-1#1561,p.Pro213Ala,0.5383503739068201,0.2892604022515139,7.0,0.109330155499431,0.324067206703772,0.752633541109868,1.0,2.0,missense,possibly_low,213
urn:mavedb:00000013-a-1#1562,p.Pro213Glu,0.249163686224506,0.139623363605461,8.0,0.0493643136087484,0.152411409429818,0.345915963019193,0.0,1.0,missense,low,213
urn:mavedb:00000013-a-1#1563,p.Pro213Phe,0.800780821518067,0.568824364952678,4.0,0.284412182476339,0.243343187100009,1.35821845593612,0.0,3.0,missense,possibly_wt_like,213
urn:mavedb:00000013-a-1#1564,p.Pro213Gly,0.315500458156065,0.157097149031355,8.0,0.0555422296925725,0.206639688337571,0.4243612279745579,0.0,1.0,missense,low,213
urn:mavedb:00000013-a-1#1565,p.Pro213Lys,0.226498970041135,0.021736126492249,3.0,0.0125493584814397,0.201902679388431,0.251095260693839,0.0,1.0,missense,low,213
urn:mavedb:00000013-a-1#1566,p.Pro213Leu,0.7383909669019,0.227311203330513,8.0,0.0803666466573398,0.5808752338952571,0.895906699908542,1.0,3.0,missense,possibly_wt_like,213
urn:mavedb:00000013-a-1#1567,p.Pro213Met,0.8267182292858108,0.252673881266522,8.0,0.0893337074361413,0.651627380105536,1.00180907846609,0.0,3.0,missense,possibly_wt_like,213
urn:mavedb:00000013-a-1#1568,p.Pro213=,0.696274259002318,0.451190122690761,3.0,0.260494738791211,0.185713952809375,1.20683456519526,0.0,2.0,synonymous,possibly_low,213
urn:mavedb:00000013-a-1#1569,p.Gly20Pro,0.848242767608899,0.289357590247945,7.0,0.109366889109284,0.633887603853516,1.06259793136428,0.0,3.0,missense,possibly_wt_like,20
urn:mavedb:00000013-a-1#1570,p.Pro213Arg,0.375717556444486,0.260252230965572,7.0,0.098366097326378,0.182923548385023,0.568511564503948,1.0,1.0,missense,low,213
urn:mavedb:00000013-a-1#1571,p.Pro213Val,0.903194240306509,0.1348755592922439,3.0,0.0778704404644786,0.7505709815358609,1.05581749907716,0.0,4.0,missense,wt_like,213
urn:mavedb:00000013-a-1#1572,p.Pro213Trp,0.6242849953313651,0.445537564834456,4.0,0.222768782417228,0.18766620491376,1.0609037857489698,0.0,2.0,missense,possibly_low,213
urn:mavedb:00000013-a-1#1573,p.Pro213Tyr,1.01907312703854,0.0882118719487384,4.0,0.0441059359743692,0.932627081024351,1.10551917305274,0.0,4.0,missense,wt_like,213
urn:mavedb:00000013-a-1#1574,p.Gln214Ala,1.1200991428653402,0.117387584300603,8.0,0.0415027784430321,1.03875519185865,1.20144309387202,0.0,4.0,missense,wt_like,214
urn:mavedb:00000013-a-1#1575,p.Gln214Cys,0.913855397661383,0.3567101669335139,7.0,0.134823770262059,0.6496056636878449,1.17810513163492,0.0,3.0,missense,possibly_wt_like,214
urn:mavedb:00000013-a-1#1576,p.Gln214Glu,0.938767681321246,0.5566472823311429,6.0,0.227250301403045,0.4933652750954071,1.38417008754709,1.0,3.0,missense,possibly_wt_like,214
urn:mavedb:00000013-a-1#1577,p.Gln214Phe,0.8727733018118841,0.157144528148174,8.0,0.055558980739967,0.7638797005437941,0.9816669030799732,0.0,4.0,missense,wt_like,214
urn:mavedb:00000013-a-1#1578,p.Gln214Gly,0.9156373588191608,0.118216720221323,8.0,0.0417959222590652,0.8337188564907579,0.9975558611475648,0.0,4.0,missense,wt_like,214
urn:mavedb:00000013-a-1#1579,p.Gln214Ile,0.9442143697346728,0.376081111886072,5.0,0.1681885862461919,0.614570798081427,1.27385794138792,0.0,3.0,missense,possibly_wt_like,214
urn:mavedb:00000013-a-1#1580,p.Gly20Gln,0.92061115686805,0.164669764786093,6.0,0.0672261499650088,0.7888503241173441,1.05237198961876,0.0,4.0,missense,wt_like,20
urn:mavedb:00000013-a-1#1581,p.Gln214Lys,0.5330672899457329,0.165535208973973,2.0,0.117051068790628,0.303651410764181,0.7624831691272851,1.0,2.0,missense,possibly_low,214
urn:mavedb:00000013-a-1#1582,p.Gln214Leu,0.8946442666107259,0.218480666397188,8.0,0.0772445803838037,0.7432476710575608,1.04604086216389,1.0,4.0,missense,wt_like,214
urn:mavedb:00000013-a-1#1583,p.Gln214Met,1.12999406529416,0.122243041128479,2.0,0.0864388833348136,0.960576967094068,1.29941116349426,0.0,4.0,missense,wt_like,214
urn:mavedb:00000013-a-1#1584,p.Gln214Pro,0.202588994765777,0.2033680922358889,8.0,0.0719014785484843,0.0616646863755682,0.3435133031559849,1.0,1.0,missense,low,214
urn:mavedb:00000013-a-1#1585,p.Gln214Arg,0.8896297440624821,0.265360656763534,8.0,0.0938191599288054,0.70574756954222,1.07351191858274,1.0,3.0,missense,possibly_wt_like,214
urn:mavedb:00000013-a-1#1586,p.Gln214Ser,1.0097526724896702,0.236357493330075,6.0,0.0964925425903272,0.820630764235928,1.1988745807434098,0.0,4.0,missense,wt_like,214
urn:mavedb:00000013-a-1#1587,p.Gln214Thr,1.14427964819823,0.0591550102278549,6.0,0.0241499317978941,1.09694665164526,1.1916126447512,0.0,4.0,missense,wt_like,214
urn:mavedb:00000013-a-1#1588,p.Gln214Val,0.988505010720138,0.2145674393779169,8.0,0.0758610457029792,0.8398200933127521,1.1371899281275202,0.0,4.0,missense,wt_like,214
urn:mavedb:00000013-a-1#1589,p.Phe215Ala,0.45489890055196,0.199630729888795,7.0,0.0754533236188657,0.307013103745138,0.602784697358782,0.0,1.0,missense,low,215
urn:mavedb:00000013-a-1#1590,p.Phe215Asp,0.0781090341662568,0.22379132811935,5.0,0.100082524489965,-0.118049109315923,0.274267177648437,0.0,1.0,missense,low,215
urn:mavedb:00000013-a-1#1591,p.Gly20Arg,0.8062813278162371,0.171915803982296,8.0,0.0607814153945093,0.6871519427136309,0.925410712918844,1.0,3.0,missense,possibly_wt_like,20
urn:mavedb:00000013-a-1#1592,p.Phe215Glu,0.2667258578538539,0.1164573638228519,8.0,0.0411738958391239,0.1860265049059669,0.34742521080174,0.0,1.0,missense,low,215
urn:mavedb:00000013-a-1#1593,p.Phe215Gly,0.223427119748416,0.147960951796654,8.0,0.0523120961831148,0.120897295273716,0.325956944223116,0.0,1.0,missense,low,215
urn:mavedb:00000013-a-1#1594,p.Phe215Ile,0.983278629704393,0.18900649830041,7.0,0.0714377415254338,0.843263229177661,1.12329403023112,1.0,4.0,missense,wt_like,215
urn:mavedb:00000013-a-1#1595,p.Phe215Lys,0.251592242172692,0.1316182183663909,8.0,0.0465340673672835,0.160387146078656,0.342797338266729,0.0,1.0,missense,low,215
urn:mavedb:00000013-a-1#1596,p.Phe215Leu,0.860567221928246,0.239227780380603,7.0,0.0904196019407218,0.6833480586279829,1.03778638522851,1.0,3.0,missense,possibly_wt_like,215
urn:mavedb:00000013-a-1#1597,p.Phe215Met,0.7830476665167599,0.1704030911329769,8.0,0.0602465906376388,0.66496651867566,0.901128814357861,0.0,3.0,missense,possibly_wt_like,215
urn:mavedb:00000013-a-1#1598,p.Phe215Asn,0.227666935823912,0.176157821128203,4.0,0.0880789105641015,0.0550354433207488,0.400298428327076,0.0,1.0,missense,low,215
urn:mavedb:00000013-a-1#1599,p.Phe215Pro,0.329315924640028,0.0606823561061472,8.0,0.0214544527505168,0.287265969940998,0.3713658793390569,0.0,1.0,missense,low,215
urn:mavedb:00000013-a-1#1600,p.Phe215Arg,0.232188504267562,0.167110475253109,8.0,0.0590824751293902,0.116388980896474,0.34798802763865,0.0,1.0,missense,low,215
urn:mavedb:00000013-a-1#1601,p.Phe215Ser,0.359348687114536,0.208712249284887,8.0,0.0737909233930203,0.214721134878262,0.5039762393508099,1.0,1.0,missense,low,215
urn:mavedb:00000013-a-1#1602,p.Gly20Ser,0.867774855144923,0.288358960806982,8.0,0.101950288301261,0.667955961860976,1.06759374842887,0.0,3.0,missense,possibly_wt_like,20
urn:mavedb:00000013-a-1#1603,p.Phe215Thr,0.350375353388163,0.160277007771775,8.0,0.0566664795318554,0.23931109437505,0.461439612401276,0.0,1.0,missense,low,215
urn:mavedb:00000013-a-1#1604,p.Phe215Val,0.971247210379063,0.0801401204741814,8.0,0.0283338113162003,0.915713960654557,1.02678046010357,1.0,4.0,missense,wt_like,215
urn:mavedb:00000013-a-1#1605,p.Phe215Ter,0.0821428171781132,0.236046755094241,7.0,0.0892172873947329,-0.0927198529139225,0.257005487270149,0.0,1.0,nonsense,low,215
urn:mavedb:00000013-a-1#1606,p.Phe215Tyr,1.03119027913026,0.3387285656244549,3.0,0.195565028545495,0.647889866545541,1.41449069171498,1.0,3.0,missense,possibly_wt_like,215
urn:mavedb:00000013-a-1#1607,p.Val216Ala,0.8531314781054621,0.12724264267667,6.0,0.0519465913468549,0.7513180299460072,0.954944926264918,1.0,4.0,missense,wt_like,216
urn:mavedb:00000013-a-1#1608,p.Val216Cys,1.15517587734923,0.153352272822196,5.0,0.0685812213069047,1.02075915357192,1.28959260112653,0.0,4.0,missense,wt_like,216
urn:mavedb:00000013-a-1#1609,p.Val216Phe,0.972755139750504,0.148884585201625,4.0,0.0744422926008123,0.8268509273263199,1.11865935217469,0.0,4.0,missense,wt_like,216
urn:mavedb:00000013-a-1#1610,p.Val216Gly,0.513163933085225,0.102707250311788,5.0,0.045932078695849,0.423138713106302,0.603189153064149,1.0,1.0,missense,low,216
urn:mavedb:00000013-a-1#1611,p.Val216Ile,1.04426822710455,0.4203094555923061,5.0,0.187968102858065,0.675857515260424,1.4126789389486798,0.0,3.0,missense,possibly_wt_like,216
urn:mavedb:00000013-a-1#1612,p.Val216Leu,0.7347885192109421,0.141306416049731,8.0,0.0499593625069663,0.636869968006708,0.832707070415177,1.0,3.0,missense,possibly_wt_like,216
urn:mavedb:00000013-a-1#1613,p.Gly20Thr,0.982200108079512,0.117669903989181,8.0,0.0416025935261598,0.9006605231047792,1.06373969305424,0.0,4.0,missense,wt_like,20
urn:mavedb:00000013-a-1#1614,p.Val216Met,-0.0550059012532938,0.204454355818812,2.0,0.144571061442609,-0.338359974887535,0.2283481723809469,1.0,1.0,missense,low,216
urn:mavedb:00000013-a-1#1615,p.Val216Asn,1.1818970079319098,0.100669579254254,4.0,0.0503347896271272,1.08324263309334,1.28055138277048,0.0,4.0,missense,wt_like,216
urn:mavedb:00000013-a-1#1616,p.Val216Pro,0.472423781203425,0.316045356543025,8.0,0.111738907387046,0.253419547052957,0.6914280153538922,0.0,1.0,missense,low,216
urn:mavedb:00000013-a-1#1617,p.Val216Arg,0.9691988074906492,0.187896003776476,7.0,0.0710180140479155,0.8300060577031751,1.10839155727812,0.0,4.0,missense,wt_like,216
urn:mavedb:00000013-a-1#1618,p.Val216Ser,1.05810020834179,0.117332309090306,5.0,0.052472603816588,0.95525579468624,1.16094462199734,0.0,4.0,missense,wt_like,216
urn:mavedb:00000013-a-1#1619,p.Val216=,0.743051715970001,0.319016898801782,6.0,0.130238103564911,0.4877897235679791,0.998313708372024,0.0,3.0,synonymous,possibly_wt_like,216
urn:mavedb:00000013-a-1#1620,p.Val216Trp,0.707352386854261,0.0463810438378587,4.0,0.0231905219189293,0.661899799110473,0.7528049745980491,0.0,3.0,missense,possibly_wt_like,216
urn:mavedb:00000013-a-1#1621,p.Val216Tyr,0.7147276989389398,0.544371546973002,8.0,0.192464406174811,0.3375043945304231,1.09195100334746,0.0,3.0,missense,possibly_wt_like,216
urn:mavedb:00000013-a-1#1622,p.Val217Ala,0.14196763816659,0.117907039642278,4.0,0.0589535198211389,0.0264208625552894,0.25751441377789,1.0,1.0,missense,low,217
urn:mavedb:00000013-a-1#1623,p.Val217Glu,0.2878493895757561,0.2536046266963049,5.0,0.113415436940279,0.0655592178819355,0.510139561269577,0.0,1.0,missense,low,217
urn:mavedb:00000013-a-1#1624,p.Gly20Val,0.7089209137534099,0.271320709300848,8.0,0.0959263567114868,0.520908709430754,0.8969331180760659,1.0,3.0,missense,possibly_wt_like,20
urn:mavedb:00000013-a-1#1625,p.Val217Phe,0.5025890564769411,0.530581435685905,4.0,0.265290717842953,-0.0173711959280239,1.02254930888191,1.0,2.0,missense,possibly_low,217
urn:mavedb:00000013-a-1#1626,p.Val217Gly,0.211952151553466,0.132863331269099,8.0,0.0469742812557073,0.119884252092624,0.304020051014307,1.0,1.0,missense,low,217
urn:mavedb:00000013-a-1#1627,p.Val217His,0.27301958575043,0.181194853100048,3.0,0.104612897213087,0.0679820748943885,0.4780570966064721,0.0,1.0,missense,low,217
urn:mavedb:00000013-a-1#1628,p.Val217Ile,1.07449779961095,0.2699727974952929,7.0,0.102040126132135,0.8745028274140381,1.27449277180786,1.0,4.0,missense,wt_like,217
urn:mavedb:00000013-a-1#1629,p.Val217Lys,0.250458978312517,0.113405319655226,6.0,0.046297527878754,0.159717491096921,0.341200465528114,0.0,1.0,missense,low,217
urn:mavedb:00000013-a-1#1630,p.Val217Leu,0.469741254734583,0.260432576420136,6.0,0.10632115410462,0.2613556218947939,0.6781268875743709,1.0,1.0,missense,low,217
urn:mavedb:00000013-a-1#1631,p.Val217Met,0.303624235008955,0.2222647216531989,6.0,0.0907391926453448,0.125778685437838,0.481469784580073,0.0,1.0,missense,low,217
urn:mavedb:00000013-a-1#1632,p.Val217Asn,0.18144117174395,0.171264507728759,5.0,0.0765918162829089,0.0313239703189407,0.33155837316896,0.0,1.0,missense,low,217
urn:mavedb:00000013-a-1#1633,p.Val217Pro,0.0934374707994273,0.173908917596428,3.0,0.100406360388774,-0.103355379381319,0.290230320980173,0.0,1.0,missense,low,217
urn:mavedb:00000013-a-1#1634,p.Val217Gln,0.230262935578385,0.168067365490162,6.0,0.068613214644124,0.0957835060123856,0.364742365144384,0.0,1.0,missense,low,217
urn:mavedb:00000013-a-1#1635,p.Gly20Trp,0.780817192546597,0.290274814743778,3.0,0.167590242431289,0.452346353220934,1.10928803187226,0.0,3.0,missense,possibly_wt_like,20
urn:mavedb:00000013-a-1#1636,p.Val217Arg,0.23238488529785,0.117809560581685,8.0,0.0416519695879583,0.150748525020294,0.314021245575406,0.0,1.0,missense,low,217
urn:mavedb:00000013-a-1#1637,p.Val217Ser,0.5006316747516161,0.23975191639347,6.0,0.0978783100030693,0.308793712277954,0.6924696372252789,0.0,1.0,missense,low,217
urn:mavedb:00000013-a-1#1638,p.Val217Thr,0.276234225009301,0.136786306719131,7.0,0.0517003643339749,0.1749033729271109,0.377565077091491,0.0,1.0,missense,low,217
urn:mavedb:00000013-a-1#1639,p.Val217=,1.09059191538401,0.0993910102970089,4.0,0.0496955051485044,0.993190515099419,1.18799331566861,0.0,4.0,synonymous,wt_like,217
urn:mavedb:00000013-a-1#1640,p.Val217Ter,0.0121279895481039,0.139461139104954,8.0,0.0493069585865566,-0.0845118734687548,0.108767852564963,0.0,1.0,nonsense,low,217
urn:mavedb:00000013-a-1#1641,p.Cys218Ala,0.8662288034934109,0.445355532152636,7.0,0.168328569011815,0.536310870661089,1.19614673632573,0.0,3.0,missense,possibly_wt_like,218
urn:mavedb:00000013-a-1#1642,p.Cys218=,1.11630711893276,0.0656613141251249,7.0,0.0248176439903962,1.0676654305304498,1.16494880733507,0.0,4.0,synonymous,wt_like,218
urn:mavedb:00000013-a-1#1643,p.Cys218Asp,0.7130928740340792,0.145474681792149,3.0,0.0839898466929723,0.548475799448813,0.8777099486193449,0.0,3.0,missense,possibly_wt_like,218
urn:mavedb:00000013-a-1#1644,p.Cys218Glu,0.981399244496132,0.253024667898202,8.0,0.0894577292391465,0.806065317048669,1.15673317194359,0.0,4.0,missense,wt_like,218
urn:mavedb:00000013-a-1#1645,p.Cys218Phe,0.8525054802466642,0.3109855998063869,8.0,0.109950013237231,0.637007414201989,1.06800354629134,1.0,3.0,missense,possibly_wt_like,218
urn:mavedb:00000013-a-1#1646,p.Gly20Tyr,0.8216751197231609,0.2056793503611869,4.0,0.102839675180594,0.6201130601874001,1.02323717925892,0.0,3.0,missense,possibly_wt_like,20
urn:mavedb:00000013-a-1#1647,p.Cys218Gly,0.6715686682925589,0.116120930192366,8.0,0.0410549485883558,0.5911024476722379,0.75203488891288,1.0,2.0,missense,possibly_low,218
urn:mavedb:00000013-a-1#1648,p.Cys218His,0.8598249830516508,0.2436608031818969,8.0,0.0861471031196402,0.6909797635646979,1.0286702025386,0.0,3.0,missense,possibly_wt_like,218
urn:mavedb:00000013-a-1#1649,p.Cys218Ile,0.9673920091740972,0.1305510365879049,4.0,0.0652755182939525,0.839454344245765,1.09532967410243,0.0,4.0,missense,wt_like,218
urn:mavedb:00000013-a-1#1650,p.Cys218Leu,0.970499123181663,0.166164141949737,8.0,0.0587478957813517,0.8553553632827009,1.08564288308063,0.0,4.0,missense,wt_like,218
urn:mavedb:00000013-a-1#1651,p.Cys218Met,1.19941599177333,0.157756229652817,5.0,0.0705507306755532,1.06113910056626,1.3376928829803998,0.0,4.0,missense,wt_like,218
urn:mavedb:00000013-a-1#1652,p.Cys218Pro,0.338762321392956,0.221810745244607,7.0,0.0838365814341618,0.174445641195039,0.503079001590872,0.0,1.0,missense,low,218
urn:mavedb:00000013-a-1#1653,p.Cys218Gln,0.8922988510115629,0.244467598093046,6.0,0.0998034789952928,0.696687626648989,1.08791007537414,0.0,3.0,missense,possibly_wt_like,218
urn:mavedb:00000013-a-1#1654,p.Cys218Arg,1.01990238001752,0.329589340979741,8.0,0.11652742900679,0.7915128159531669,1.2482919440818798,1.0,4.0,missense,wt_like,218
urn:mavedb:00000013-a-1#1655,p.Cys218Ser,1.1089113444786,0.202362242870155,7.0,0.0764857384833834,0.959002051720216,1.25882063723698,1.0,4.0,missense,wt_like,218
urn:mavedb:00000013-a-1#1656,p.Cys218Thr,1.0501943466757,0.179214886995706,7.0,0.0677368603187402,0.917432540025148,1.18295615332625,0.0,4.0,missense,wt_like,218
urn:mavedb:00000013-a-1#1657,p.Phe21Ala,0.928378884983948,0.125072128150891,8.0,0.044219674976464,0.8417099146220111,1.01504785534588,0.0,4.0,missense,wt_like,21
urn:mavedb:00000013-a-1#1658,p.Cys218Val,0.760863042194375,0.235809253689792,8.0,0.0833711611752953,0.5974585689415121,0.9242675154472372,0.0,3.0,missense,possibly_wt_like,218
urn:mavedb:00000013-a-1#1659,p.Cys218Trp,0.41762365331075,0.6530528784069161,2.0,0.461778118794924,-0.48744482837596,1.32269213499746,1.0,2.0,missense,possibly_low,218
urn:mavedb:00000013-a-1#1660,p.Cys218Tyr,1.2054426126155902,0.104051940591531,4.0,0.0520259702957654,1.1034735845751398,1.30741164065604,1.0,4.0,missense,wt_like,218
urn:mavedb:00000013-a-1#1661,p.Gln219Gly,0.785293104949343,0.194920133064676,7.0,0.0736728853726786,0.640896902981745,0.929689306916941,0.0,3.0,missense,possibly_wt_like,219
urn:mavedb:00000013-a-1#1662,p.Gln219Lys,0.7497692658227791,0.21052959770597,7.0,0.0795727084497816,0.5938096231089011,0.905728908536657,1.0,3.0,missense,possibly_wt_like,219
urn:mavedb:00000013-a-1#1663,p.Gln219Leu,0.8236891884311031,0.1247122030177559,2.0,0.088184844450569,0.6508500693257211,0.996528307536485,1.0,3.0,missense,possibly_wt_like,219
urn:mavedb:00000013-a-1#1664,p.Gln219Met,0.926370481116878,0.159551744583647,8.0,0.0564100602726204,0.815808794616808,1.03693216761695,0.0,4.0,missense,wt_like,219
urn:mavedb:00000013-a-1#1665,p.Gln219Pro,0.382283192557401,0.233415492451314,5.0,0.104386581624545,0.177689252104042,0.58687713301076,1.0,1.0,missense,low,219
urn:mavedb:00000013-a-1#1666,p.Gln219Arg,0.6776662621528199,0.109687212627533,8.0,0.0387802859291895,0.601658298421443,0.7536742258841971,1.0,2.0,missense,possibly_low,219
urn:mavedb:00000013-a-1#1667,p.Gln219Thr,0.90300904282017,0.159049844643274,4.0,0.0795249223216371,0.7471430591964159,1.05887502644392,0.0,4.0,missense,wt_like,219
urn:mavedb:00000013-a-1#1668,p.Ile5Tyr,1.1912772616792,0.2217363254274389,6.0,0.0905234757894908,1.0138545093764102,1.36870001398198,0.0,4.0,missense,wt_like,5
urn:mavedb:00000013-a-1#1669,p.Phe21Cys,0.910502801350021,0.291951180725913,7.0,0.110347174167491,0.6942263141859689,1.1267792885140702,1.0,3.0,missense,possibly_wt_like,21
urn:mavedb:00000013-a-1#1670,p.Gln219Val,0.9165424021846508,0.13486316130824,6.0,0.0550576550506411,0.808631381212165,1.02445342315714,0.0,4.0,missense,wt_like,219
urn:mavedb:00000013-a-1#1671,p.Gln219Trp,0.685739524557084,0.204150577990723,7.0,0.0771616656247926,0.5345054389453681,0.836973610168799,0.0,2.0,missense,possibly_low,219
urn:mavedb:00000013-a-1#1672,p.Leu220Ala,1.17211967000673,0.109207935532483,4.0,0.0546039677662414,1.06509785977191,1.2791414802415502,0.0,4.0,missense,wt_like,220
urn:mavedb:00000013-a-1#1673,p.Leu220Asp,1.34053196322723,0.342014519627311,3.0,0.197462174973589,0.9535132119700508,1.72755071448441,0.0,4.0,missense,wt_like,220
urn:mavedb:00000013-a-1#1674,p.Leu220Phe,1.12733839778374,0.252670597429428,7.0,0.0955005092023403,0.9401608392419192,1.31451595632557,0.0,4.0,missense,wt_like,220
urn:mavedb:00000013-a-1#1675,p.Leu220Ile,0.71539082997144,0.231847320492832,5.0,0.10368527380463,0.5121714275871899,0.91861023235569,1.0,3.0,missense,possibly_wt_like,220
urn:mavedb:00000013-a-1#1676,p.Leu220=,1.0463757188581502,0.21143947588647,7.0,0.0799166100767768,0.8897420413411391,1.20300939637516,0.0,4.0,synonymous,wt_like,220
urn:mavedb:00000013-a-1#1677,p.Leu220Met,0.919212567381356,0.1649015982325709,4.0,0.0824507991162853,0.757611970616889,1.08081316414582,0.0,4.0,missense,wt_like,220
urn:mavedb:00000013-a-1#1678,p.Leu220Pro,1.1418526131164,0.127186314493267,8.0,0.044967152726157,1.0537186132858198,1.22998661294697,1.0,4.0,missense,wt_like,220
urn:mavedb:00000013-a-1#1679,p.Leu220Arg,0.705498330840229,0.569048245860708,6.0,0.232312973564094,0.2501732695131989,1.1608233921672602,1.0,2.0,missense,possibly_low,220
urn:mavedb:00000013-a-1#1680,p.Phe21Asp,0.924269188412593,0.216430061400738,3.0,0.124955954210443,0.6793600185062879,1.1691783583189,0.0,3.0,missense,possibly_wt_like,21
urn:mavedb:00000013-a-1#1681,p.Leu220Val,0.891234368830458,0.365074479427821,6.0,0.149041032118393,0.5991193136597309,1.18334942400118,1.0,3.0,missense,possibly_wt_like,220
urn:mavedb:00000013-a-1#1682,p.Leu220Tyr,0.57766287328066,0.686514265345555,4.0,0.343257132672778,-0.0951087441944715,1.25043449075579,0.0,2.0,missense,possibly_low,220
urn:mavedb:00000013-a-1#1683,p.Val222Ala,1.12527159885526,0.132150521448777,7.0,0.0499482021972817,1.02737492145607,1.22316827625446,1.0,4.0,missense,wt_like,222
urn:mavedb:00000013-a-1#1684,p.Val222Cys,0.810498095987366,0.286652567239058,5.0,0.128194925254273,0.559240659488187,1.06175553248654,0.0,3.0,missense,possibly_wt_like,222
urn:mavedb:00000013-a-1#1685,p.Val222Glu,0.925460938878303,0.0804054091217988,8.0,0.0284276050170513,0.869743856878152,0.9811780208784542,1.0,4.0,missense,wt_like,222
urn:mavedb:00000013-a-1#1686,p.Val222Gly,0.974502917005809,0.145493748151137,8.0,0.0514398079689583,0.8736827460149941,1.07532308799662,1.0,4.0,missense,wt_like,222
urn:mavedb:00000013-a-1#1687,p.Val222His,1.2445650591851398,0.1707529827092659,5.0,0.0763630553397531,1.09489622096979,1.3942338974005,0.0,4.0,missense,wt_like,222
urn:mavedb:00000013-a-1#1688,p.Val222Leu,0.9767103638749072,0.225177600133126,4.0,0.112588800066563,0.756040370681863,1.19738035706795,1.0,4.0,missense,wt_like,222
urn:mavedb:00000013-a-1#1689,p.Val222Arg,0.877857538561092,0.133272738307252,2.0,0.0942380570043582,0.6931543408595179,1.06256073626267,0.0,3.0,missense,possibly_wt_like,222
urn:mavedb:00000013-a-1#1690,p.Val222Ser,1.07610097596206,0.0319764054204736,8.0,0.0113053665553936,1.05394286468147,1.09825908724266,0.0,4.0,missense,wt_like,222
urn:mavedb:00000013-a-1#1691,p.Phe21Glu,0.8085424180514871,0.213091182907316,8.0,0.0753391102224129,0.6608804753882641,0.95620436071471,0.0,3.0,missense,possibly_wt_like,21
urn:mavedb:00000013-a-1#1692,p.Val222=,1.1289336642631205,0.189645667169575,5.0,0.0848121206858941,0.9627049622663,1.29516236625993,0.0,4.0,synonymous,wt_like,222
urn:mavedb:00000013-a-1#1693,p.Val222Trp,0.880844287095692,0.153196526735142,7.0,0.0579028444942918,0.767356797284457,0.994331776906927,0.0,4.0,missense,wt_like,222
urn:mavedb:00000013-a-1#1694,p.Val222Ter,-0.0397374968929999,0.0493078732291004,3.0,0.028467913881989,-0.0955335828166863,0.0160585890306864,0.0,1.0,nonsense,low,222
urn:mavedb:00000013-a-1#1695,p.Lys223Ala,0.8115232483593409,0.6580292113080811,6.0,0.268639300591808,0.284999894367367,1.33804660235131,0.0,3.0,missense,possibly_wt_like,223
urn:mavedb:00000013-a-1#1696,p.Lys223Cys,1.03910020373378,0.406893996669785,6.0,0.166113778540449,0.713523180458637,1.36467722700892,0.0,4.0,missense,wt_like,223
urn:mavedb:00000013-a-1#1697,p.Lys223Phe,0.7287098084887041,0.5485739362822111,6.0,0.2239543716802449,0.289767305815127,1.16765231116228,0.0,3.0,missense,possibly_wt_like,223
urn:mavedb:00000013-a-1#1698,p.Lys223Gly,0.7113632189622271,0.129020181921788,8.0,0.0456155227734091,0.6219584371903779,0.8007680007340751,0.0,3.0,missense,possibly_wt_like,223
urn:mavedb:00000013-a-1#1699,p.Lys223His,0.890865750577491,0.1748118283203389,7.0,0.0660726605668766,0.7613657155036729,1.02036578565131,0.0,4.0,missense,wt_like,223
urn:mavedb:00000013-a-1#1700,p.Lys223=,1.20148925378365,0.0938143437418025,4.0,0.0469071718709013,1.10955288630005,1.29342562126724,0.0,4.0,synonymous,wt_like,223
urn:mavedb:00000013-a-1#1701,p.Lys223Leu,0.708819541287552,0.559694350924696,4.0,0.279847175462348,0.160329156206089,1.25730992636901,0.0,3.0,missense,possibly_wt_like,223
urn:mavedb:00000013-a-1#1702,p.Phe21=,1.08036869141066,0.1524953847552519,4.0,0.0762476923776259,0.93092596044622,1.2298114223750902,0.0,4.0,synonymous,wt_like,21
urn:mavedb:00000013-a-1#1703,p.Lys223Arg,0.977411224966575,0.195541850311252,8.0,0.0691344841804257,0.8419101258831858,1.11291232404996,1.0,4.0,missense,wt_like,223
urn:mavedb:00000013-a-1#1704,p.Lys223Thr,1.19738052099852,0.0800182695204269,2.0,0.0565814609967067,1.0864828952523198,1.30827814674472,1.0,4.0,missense,wt_like,223
urn:mavedb:00000013-a-1#1705,p.Lys223Val,0.958116607162615,0.208116865778588,8.0,0.0735804235356651,0.813901627065508,1.10233158725972,0.0,4.0,missense,wt_like,223
urn:mavedb:00000013-a-1#1706,p.Lys223Trp,0.7882159751050369,0.262273958639349,5.0,0.11729248004911,0.5583269385513979,1.01810501165868,0.0,3.0,missense,possibly_wt_like,223
urn:mavedb:00000013-a-1#1707,p.Lys223Ter,-0.0062271323296895,0.0017171290800707,2.0,0.0012141936166906,-0.0086069080886616,-0.0038473565707173,1.0,1.0,nonsense,low,223
urn:mavedb:00000013-a-1#1708,p.Lys223Tyr,0.4469520966341369,0.257697700406061,8.0,0.0911098957266524,0.2683799823746989,0.625524210893576,0.0,1.0,missense,low,223
urn:mavedb:00000013-a-1#1709,p.Ile224Ala,0.6182235592773111,0.3769903653961389,8.0,0.1332862219068019,0.3569873647045661,0.8794597538500569,0.0,2.0,missense,possibly_low,224
urn:mavedb:00000013-a-1#1710,p.Ile224Cys,1.07341318825345,0.1917729756209009,4.0,0.0958864878104503,0.885479125540933,1.26134725096598,0.0,4.0,missense,wt_like,224
urn:mavedb:00000013-a-1#1711,p.Ile224Asp,0.627911321175135,0.171716337065047,7.0,0.0649026748458655,0.5007044159769249,0.7551182263733449,0.0,2.0,missense,possibly_low,224
urn:mavedb:00000013-a-1#1712,p.Ile224Glu,0.563006992392267,0.1097988384632069,8.0,0.0388197516218699,0.4869216773246121,0.639092307459923,0.0,1.0,missense,low,224
urn:mavedb:00000013-a-1#1713,p.Phe21Gly,0.909542784017808,0.0626452247916101,8.0,0.0221484316295516,0.8661326557098399,0.952952912325777,0.0,4.0,missense,wt_like,21
urn:mavedb:00000013-a-1#1714,p.Ile224Phe,0.459652550825307,0.0671719900029664,8.0,0.0237488848184463,0.413105591908163,0.5061995097424521,0.0,1.0,missense,low,224
urn:mavedb:00000013-a-1#1715,p.Ile224Gly,0.437601443152637,0.157790679885005,8.0,0.0557874298773615,0.328260089802955,0.546942796502319,0.0,1.0,missense,low,224
urn:mavedb:00000013-a-1#1716,p.Ile224His,0.568451646417149,0.24227191802987,8.0,0.0856560580649963,0.4005688575520839,0.736334435282213,0.0,2.0,missense,possibly_low,224
urn:mavedb:00000013-a-1#1717,p.Ile224=,1.09042295030692,0.0958570198747451,5.0,0.0428685625120957,1.0064021117142,1.17444378889963,0.0,4.0,synonymous,wt_like,224
urn:mavedb:00000013-a-1#1718,p.Ile224Leu,0.978022282416341,0.21197479820892,8.0,0.0749444086270887,0.8311339406645949,1.1249106241680902,1.0,4.0,missense,wt_like,224
urn:mavedb:00000013-a-1#1719,p.Ile224Met,0.8657329729952971,0.0817093747714533,4.0,0.0408546873857266,0.78565925711963,0.945806688870964,1.0,4.0,missense,wt_like,224
urn:mavedb:00000013-a-1#1720,p.Ile224Pro,0.7350077548008929,0.276852699863872,5.0,0.123812291329993,0.492340122950726,0.9776753866510608,0.0,3.0,missense,possibly_wt_like,224
urn:mavedb:00000013-a-1#1721,p.Ile224Gln,0.7228134009459419,0.0956341265218175,5.0,0.0427688815743199,0.6389879334012161,0.806638868490667,0.0,3.0,missense,possibly_wt_like,224
urn:mavedb:00000013-a-1#1722,p.Ile224Arg,0.807751953033688,0.1784258905310969,7.0,0.0674386476857883,0.675574632403458,0.9399292736639192,1.0,3.0,missense,possibly_wt_like,224
urn:mavedb:00000013-a-1#1723,p.Ile224Ser,0.746883367884335,0.270418884946324,6.0,0.110398047488481,0.53050717084337,0.9632595649253,0.0,3.0,missense,possibly_wt_like,224
urn:mavedb:00000013-a-1#1724,p.Phe21His,1.01792928524275,0.1637616899103209,4.0,0.0818808449551607,0.857445778106925,1.17841279237857,0.0,4.0,missense,wt_like,21
urn:mavedb:00000013-a-1#1725,p.Ile224Thr,0.619655031090164,0.337561136401898,7.0,0.127586117028539,0.369590836786915,0.8697192253934141,1.0,2.0,missense,possibly_low,224
urn:mavedb:00000013-a-1#1726,p.Ile224Val,0.7455209160688541,0.403901941423078,7.0,0.1526605844373769,0.446311668712758,1.04473016342495,1.0,3.0,missense,possibly_wt_like,224
urn:mavedb:00000013-a-1#1727,p.Ile224Ter,0.1643969638222399,0.384353812193524,6.0,0.156911786761275,-0.143144486979688,0.4719384146241671,0.0,1.0,nonsense,low,224
urn:mavedb:00000013-a-1#1728,p.Tyr225Ala,0.6399936227416511,0.1619437389367699,7.0,0.0612089799443801,0.520026226520231,0.7599610189630699,0.0,2.0,missense,possibly_low,225
urn:mavedb:00000013-a-1#1729,p.Tyr225Asp,0.4133811564994169,0.0530554637310376,2.0,0.0375158781832136,0.339851386411926,0.4869109265869079,1.0,1.0,missense,low,225
urn:mavedb:00000013-a-1#1730,p.Tyr225Glu,0.2956785766967619,0.232599290039472,8.0,0.0822362676430436,0.1344984538934,0.4568586995001239,0.0,1.0,missense,low,225
urn:mavedb:00000013-a-1#1731,p.Tyr225Gly,0.464999799620604,0.0585812705019688,8.0,0.0207116068112328,0.4244057962086329,0.5055938030325751,0.0,1.0,missense,low,225
urn:mavedb:00000013-a-1#1732,p.Tyr225His,0.830331455107287,0.431119531478908,4.0,0.215559765739454,0.407842077742066,1.25282083247251,1.0,3.0,missense,possibly_wt_like,225
urn:mavedb:00000013-a-1#1733,p.Tyr225Ile,0.449163353417183,0.187595099697242,6.0,0.0765853787507971,0.299058769323262,0.599267937511105,0.0,1.0,missense,low,225
urn:mavedb:00000013-a-1#1734,p.Tyr225Lys,0.5385744808349621,0.142710203492786,6.0,0.0582611966076799,0.4243846337877029,0.652764327882222,0.0,1.0,missense,low,225
urn:mavedb:00000013-a-1#1735,p.Phe21Ile,0.945651605640987,0.142451238874693,4.0,0.0712256194373466,0.8060519567672321,1.08525125451474,1.0,4.0,missense,wt_like,21
urn:mavedb:00000013-a-1#1736,p.Tyr225Leu,0.956593205315638,0.409246985597879,7.0,0.154680821242117,0.65342436658201,1.25976204404927,0.0,3.0,missense,possibly_wt_like,225
urn:mavedb:00000013-a-1#1737,p.Tyr225Pro,0.481620181073254,0.3626556151806271,6.0,0.148053534924612,0.191440584837172,0.7717997773093359,0.0,2.0,missense,possibly_low,225
urn:mavedb:00000013-a-1#1738,p.Tyr225Arg,0.501945714023735,0.0795924891709984,3.0,0.0459527450483483,0.4118799887382221,0.592011439309249,0.0,1.0,missense,low,225
urn:mavedb:00000013-a-1#1739,p.Tyr225Val,0.369319854757757,0.125054377240221,8.0,0.0442133990818104,0.282663184923312,0.455976524592202,0.0,1.0,missense,low,225
urn:mavedb:00000013-a-1#1740,p.Ser226Asp,0.9486593707456392,0.340564673554277,6.0,0.139034945770917,0.6761558844421619,1.22116285704912,0.0,3.0,missense,possibly_wt_like,226
urn:mavedb:00000013-a-1#1741,p.Ser226Glu,1.160279744351,0.0535816590032824,3.0,0.0309353852491718,1.09964750341475,1.22091198528725,0.0,4.0,missense,wt_like,226
urn:mavedb:00000013-a-1#1742,p.Ser226Phe,0.515485496198794,0.0977680178812849,2.0,0.0691324284270242,0.379988426318034,0.6509825660795551,1.0,1.0,missense,low,226
urn:mavedb:00000013-a-1#1743,p.Ser226Gly,0.890672316155957,0.21891604124946,8.0,0.0773985086390036,0.738974026766398,1.04237060554552,0.0,4.0,missense,wt_like,226
urn:mavedb:00000013-a-1#1744,p.Ser226Lys,0.634275290086761,0.515122125388457,3.0,0.297405897758558,0.0513704416901862,1.21718013848333,0.0,2.0,missense,possibly_low,226
urn:mavedb:00000013-a-1#1745,p.Ser226Leu,0.498595002525863,0.0481074606235688,5.0,0.0215143104358389,0.456427728919404,0.5407622761323211,0.0,1.0,missense,low,226
urn:mavedb:00000013-a-1#1746,p.Phe21Leu,0.850183358599965,0.11952473772736,7.0,0.0451761045066877,0.76163982080504,0.938726896394891,1.0,4.0,missense,wt_like,21
urn:mavedb:00000013-a-1#1747,p.Ser226Met,0.7909281308151809,0.279054407909144,2.0,0.197321264152553,0.404185559692264,1.1776707019381,0.0,3.0,missense,possibly_wt_like,226
urn:mavedb:00000013-a-1#1748,p.Ser226Arg,0.700715550549017,0.495266462329144,6.0,0.202191686569958,0.304427126898488,1.09700397419955,0.0,2.0,missense,possibly_low,226
urn:mavedb:00000013-a-1#1749,p.Ser226=,0.993691374646848,0.208047902175881,8.0,0.0735560412201004,0.8495241830101071,1.13785856628359,0.0,4.0,synonymous,wt_like,226
urn:mavedb:00000013-a-1#1750,p.Ser226Thr,1.18108214114975,0.211755369676198,4.0,0.105877684838099,0.973565692100592,1.3885985901988998,1.0,4.0,missense,wt_like,226
urn:mavedb:00000013-a-1#1751,p.Ser226Val,0.781840210488565,0.317369531946671,8.0,0.112207074090746,0.5619183864600861,1.0017620345170402,0.0,3.0,missense,possibly_wt_like,226
urn:mavedb:00000013-a-1#1752,p.Ser226Trp,0.471814643960672,0.11378291827276,3.0,0.0656925984939591,0.343059516861662,0.600569771059682,0.0,1.0,missense,low,226
urn:mavedb:00000013-a-1#1753,p.Ser226Ter,-0.0005707203670435,0.0804630615108999,4.0,0.04023153075545,-0.0794230716906409,0.0782816309565539,0.0,1.0,nonsense,low,226
urn:mavedb:00000013-a-1#1754,p.Ser227Gly,0.884512977867649,0.2468483931520189,8.0,0.0872740863613977,0.7134589118156721,1.05556704391963,0.0,4.0,missense,wt_like,227
urn:mavedb:00000013-a-1#1755,p.Ser227Leu,0.5932066309269179,0.325619683030774,6.0,0.132933678938698,0.332661407874659,0.853751853979178,0.0,2.0,missense,possibly_low,227
urn:mavedb:00000013-a-1#1756,p.Ser227Asn,-0.2234863301820669,0.176611544134543,2.0,0.124883220493363,-0.468252944622432,0.0212802842582981,0.0,1.0,missense,low,227
urn:mavedb:00000013-a-1#1757,p.Phe21Met,0.7324932999508309,0.234437380085464,6.0,0.0957086596407174,0.5449077740464221,0.920078825855239,0.0,3.0,missense,possibly_wt_like,21
urn:mavedb:00000013-a-1#1758,p.Ser227Pro,0.186517999706154,0.2342700783671,3.0,0.13525589280832,-0.0785786788949633,0.451614678307271,1.0,1.0,missense,low,227
urn:mavedb:00000013-a-1#1759,p.Ser227=,1.09132753113372,0.367003426077997,6.0,0.149828521290723,0.7976690255470079,1.38498603672043,0.0,4.0,synonymous,wt_like,227
urn:mavedb:00000013-a-1#1760,p.Ser227Val,0.5121518119199691,0.149451321068628,8.0,0.0528390212924573,0.408589233208407,0.6157143906315301,0.0,1.0,missense,low,227
urn:mavedb:00000013-a-1#1761,p.Ser227Tyr,0.9078646004306998,0.256874399688586,3.0,0.148306503808129,0.617189194293716,1.19854000656768,1.0,3.0,missense,possibly_wt_like,227
urn:mavedb:00000013-a-1#1762,p.Asn228Ala,1.04308288914671,0.0315098002575874,2.0,0.0222807934359737,0.999413336465226,1.0867524418282,0.0,4.0,missense,wt_like,228
urn:mavedb:00000013-a-1#1763,p.Asn228Cys,0.930588358321388,0.278792881846312,8.0,0.0985681686500334,0.7373982977452521,1.12377841889752,0.0,4.0,missense,wt_like,228
urn:mavedb:00000013-a-1#1764,p.Asn228Asp,0.8795572080883258,0.354080029459494,8.0,0.12518619495677,0.6341967746114461,1.12491764156521,1.0,3.0,missense,possibly_wt_like,228
urn:mavedb:00000013-a-1#1765,p.Asn228Glu,1.01792135159936,0.1440515939602789,8.0,0.0509299294650223,0.918100524112748,1.1177421790859698,0.0,4.0,missense,wt_like,228
urn:mavedb:00000013-a-1#1766,p.Asn228Phe,1.08926502851095,0.176380838365169,5.0,0.0788799089025843,0.934663247958084,1.24386680906382,0.0,4.0,missense,wt_like,228
urn:mavedb:00000013-a-1#1767,p.Asn228Gly,0.982506670119119,0.0907527446608986,8.0,0.0320859405805063,0.919619382171234,1.045393958067,0.0,4.0,missense,wt_like,228
urn:mavedb:00000013-a-1#1768,p.Phe21Asn,0.817236933810671,0.481953258958985,7.0,0.182161209537513,0.4602075237368921,1.1742663438844498,0.0,3.0,missense,possibly_wt_like,21
urn:mavedb:00000013-a-1#1769,p.Asn228His,1.062430459861,0.141025871788433,7.0,0.0533027693111819,0.9579589517348328,1.16690196798716,1.0,4.0,missense,wt_like,228
urn:mavedb:00000013-a-1#1770,p.Asn228Ile,0.790147229289977,0.236595792661487,7.0,0.0894248040894994,0.614877833950008,0.965416624629946,1.0,3.0,missense,possibly_wt_like,228
urn:mavedb:00000013-a-1#1771,p.Asn228Lys,0.8014657311992571,0.180939555685971,7.0,0.0683887238113718,0.6674262955803111,0.9355051668182032,1.0,3.0,missense,possibly_wt_like,228
urn:mavedb:00000013-a-1#1772,p.Asn228Leu,1.08963544298498,0.0965728316973208,8.0,0.0341436520857814,1.02271511459618,1.1565557713737702,0.0,4.0,missense,wt_like,228
urn:mavedb:00000013-a-1#1773,p.Asn228Met,0.9184194083527378,0.226158351448125,4.0,0.113079175724063,0.696788296532099,1.14005052017338,0.0,3.0,missense,possibly_wt_like,228
urn:mavedb:00000013-a-1#1774,p.Asn228Pro,1.31990125985672,0.202417507557722,6.0,0.082636601420396,1.15793649726796,1.48186602244549,0.0,4.0,missense,wt_like,228
urn:mavedb:00000013-a-1#1775,p.Asn228Gln,1.07494836381411,0.0551249582571422,7.0,0.0208352757973164,1.03411197364341,1.11578475398481,0.0,4.0,missense,wt_like,228
urn:mavedb:00000013-a-1#1776,p.Asn228Arg,0.8188179109838091,0.223039947774724,7.0,0.084301176320679,0.6535906415409171,0.9840451804267,0.0,3.0,missense,possibly_wt_like,228
urn:mavedb:00000013-a-1#1777,p.Asn228Ser,1.0654640962378,0.11904543904058,8.0,0.0420889186074619,0.982971331618935,1.14795686085666,1.0,4.0,missense,wt_like,228
urn:mavedb:00000013-a-1#1778,p.Asn228Thr,1.07208201918805,0.180022123339795,7.0,0.0680419669781279,0.938722214473658,1.2054418239024498,1.0,4.0,missense,wt_like,228
urn:mavedb:00000013-a-1#1779,p.Lys6Ala,1.2245746138958895,0.0425514146369646,2.0,0.0300883938388782,1.16560244561903,1.28354678217275,0.0,4.0,missense,wt_like,6
urn:mavedb:00000013-a-1#1780,p.Phe21Pro,0.918821223329698,0.164662536214863,8.0,0.0582169979824526,0.8047180039960501,1.03292444266335,0.0,4.0,missense,wt_like,21
urn:mavedb:00000013-a-1#1781,p.Asn228Val,0.7108095856500072,0.515330391806455,8.0,0.182196807298932,0.3537104052459149,1.0679087660541,0.0,3.0,missense,possibly_wt_like,228
urn:mavedb:00000013-a-1#1782,p.Asn228Ter,0.0990233650107267,0.0702970686122301,6.0,0.0286986580855638,0.0427750287583924,0.155271701263061,0.0,1.0,nonsense,low,228
urn:mavedb:00000013-a-1#1783,p.Asn228Tyr,0.92568202389792,0.227274007427663,5.0,0.101640026025409,0.7264712335004041,1.12489281429544,1.0,4.0,missense,wt_like,228
urn:mavedb:00000013-a-1#1784,p.Ser229Ala,1.09115370632022,0.3190897619888569,6.0,0.130267849836472,0.8358334122972659,1.34647400034318,1.0,4.0,missense,wt_like,229
urn:mavedb:00000013-a-1#1785,p.Ser229Glu,1.13806060160773,0.0837769622178461,8.0,0.0296196290457241,1.0800071954426802,1.19611400777279,0.0,4.0,missense,wt_like,229
urn:mavedb:00000013-a-1#1786,p.Ser229Phe,1.11514125785748,0.0839786576062229,8.0,0.0296909391341518,1.05694808648737,1.17333442922759,0.0,4.0,missense,wt_like,229
urn:mavedb:00000013-a-1#1787,p.Ser229Gly,1.00277589392532,0.114357206294734,8.0,0.0404313780242776,0.92353184915241,1.08201993869823,0.0,4.0,missense,wt_like,229
urn:mavedb:00000013-a-1#1788,p.Ser229His,0.7217953629487259,0.4122348145906741,6.0,0.16829415832633,0.391944873820637,1.05164585207681,0.0,3.0,missense,possibly_wt_like,229
urn:mavedb:00000013-a-1#1789,p.Ser229Ile,1.01555710548718,0.114899260342236,4.0,0.0574496301711179,0.90295789942664,1.12815631154771,0.0,4.0,missense,wt_like,229
urn:mavedb:00000013-a-1#1790,p.Ser229Lys,0.86340669147209,0.0769252102131663,6.0,0.0314045855630984,0.8018548348190101,0.9249585481251692,0.0,4.0,missense,wt_like,229
urn:mavedb:00000013-a-1#1791,p.Phe21Gln,0.892204321918575,0.102707861434092,7.0,0.0388199227208412,0.816118671503098,0.968289972334052,0.0,4.0,missense,wt_like,21
urn:mavedb:00000013-a-1#1792,p.Ser229Leu,1.04071478813095,0.112295398280322,8.0,0.0397024188100298,0.9628994771641658,1.1185300990977298,1.0,4.0,missense,wt_like,229
urn:mavedb:00000013-a-1#1793,p.Ser229Met,0.911664648881148,0.237477899363053,3.0,0.137107929123845,0.642938045803541,1.18039125195875,0.0,3.0,missense,possibly_wt_like,229
urn:mavedb:00000013-a-1#1794,p.Ser229Pro,0.8119703164953791,0.345562269471666,7.0,0.130610261072731,0.555978908781453,1.06796172420931,1.0,3.0,missense,possibly_wt_like,229
urn:mavedb:00000013-a-1#1795,p.Ser229Arg,0.6959625279942049,0.267645904251197,8.0,0.0946271169264133,0.510496786857575,0.8814282691308359,0.0,2.0,missense,possibly_low,229
urn:mavedb:00000013-a-1#1796,p.Ser229=,1.1430013301287398,0.26566876287018,6.0,0.1084588182714,0.930425952511017,1.3555767077464598,0.0,4.0,synonymous,wt_like,229
urn:mavedb:00000013-a-1#1797,p.Ser229Val,0.96374561796996,0.152922292067185,8.0,0.0540661948576483,0.8577778232678449,1.06971341267208,0.0,4.0,missense,wt_like,229
urn:mavedb:00000013-a-1#1798,p.Ser229Ter,0.0310644726721357,0.0452970771120858,7.0,0.0171206858795278,-0.0024914550423622,0.0646204003866337,1.0,1.0,nonsense,low,229
urn:mavedb:00000013-a-1#1799,p.Ser229Tyr,0.832776101343155,0.333055437248253,3.0,0.1922896463503469,0.4558953198965301,1.20965688278978,0.0,3.0,missense,possibly_wt_like,229
urn:mavedb:00000013-a-1#1800,p.Gly230Cys,0.659865206174826,0.432879688374677,8.0,0.153046081543827,0.359900398373945,0.959830013975707,0.0,2.0,missense,possibly_low,230
urn:mavedb:00000013-a-1#1801,p.Gly230Glu,1.00030270785019,0.21990467215743,5.0,0.0983443591027636,0.8075513059261049,1.19305410977429,1.0,4.0,missense,wt_like,230
urn:mavedb:00000013-a-1#1802,p.Phe21Arg,0.8474053741809051,0.0645478534679768,8.0,0.022821112449121,0.802676815693489,0.892133932668321,0.0,4.0,missense,wt_like,21
urn:mavedb:00000013-a-1#1803,p.Gly230=,1.00663446488052,0.166023169033318,7.0,0.0627508595909999,0.883645040083226,1.12962388967781,0.0,4.0,synonymous,wt_like,230
urn:mavedb:00000013-a-1#1804,p.Gly230Met,0.375464667637979,0.776497256019818,2.0,0.54906647530436,-0.7006858490769179,1.4516151843528795,0.0,2.0,missense,possibly_low,230
urn:mavedb:00000013-a-1#1805,p.Gly230Arg,0.785968084240793,0.3168520573724609,2.0,0.224048238400976,0.346841606175236,1.2250945623063505,1.0,3.0,missense,possibly_wt_like,230
urn:mavedb:00000013-a-1#1806,p.Gly230Ser,0.6260643203853941,0.299769331201169,6.0,0.122380316996373,0.3862033066559079,0.8659253341148799,0.0,2.0,missense,possibly_low,230
urn:mavedb:00000013-a-1#1807,p.Gly230Thr,0.826235510374943,0.0839712460441898,3.0,0.0484808215078013,0.731214846278737,0.921256174471148,0.0,4.0,missense,wt_like,230
urn:mavedb:00000013-a-1#1808,p.Gly230Val,1.03908785592278,0.270879090988697,7.0,0.102382672874762,0.8384215044473,1.23975420739826,1.0,4.0,missense,wt_like,230
urn:mavedb:00000013-a-1#1809,p.Pro231Ala,1.00801662387151,0.067002653820183,7.0,0.0253246227413652,0.9583812753763672,1.05765197236665,1.0,4.0,missense,wt_like,231
urn:mavedb:00000013-a-1#1810,p.Pro231Cys,1.12399685076621,0.100809964596901,7.0,0.0381025851429464,1.04931715616816,1.1986765453642498,0.0,4.0,missense,wt_like,231
urn:mavedb:00000013-a-1#1811,p.Pro231Asp,1.07070709948796,0.235896011248894,7.0,0.0891603115766671,0.8959560999473221,1.2454580990286002,0.0,4.0,missense,wt_like,231
urn:mavedb:00000013-a-1#1812,p.Pro231Glu,1.04199900333107,0.283077632140445,6.0,0.115565959389895,0.8154938850880531,1.2685041215740802,0.0,4.0,missense,wt_like,231
urn:mavedb:00000013-a-1#1813,p.Phe21Ser,0.8693515851533459,0.104963728217116,8.0,0.0371102820004722,0.796616768976295,0.942086401330396,1.0,4.0,missense,wt_like,21
urn:mavedb:00000013-a-1#1814,p.Pro231Phe,0.98169470847384,0.124676390450951,3.0,0.0719819475884473,0.840612683663433,1.12277673328425,0.0,4.0,missense,wt_like,231
urn:mavedb:00000013-a-1#1815,p.Pro231Gly,0.6928400053351839,0.0721673084343668,8.0,0.025514996586961,0.642831530959079,0.74284847971129,0.0,2.0,missense,possibly_low,231
urn:mavedb:00000013-a-1#1816,p.Pro231Ile,0.6770465946778421,0.375376458915665,6.0,0.153246797632699,0.376688390571655,0.97740479878403,0.0,2.0,missense,possibly_low,231
urn:mavedb:00000013-a-1#1817,p.Pro231Lys,0.382134660197618,0.219231834884976,5.0,0.098043457126963,0.189973015308973,0.5742963050862621,0.0,1.0,missense,low,231
urn:mavedb:00000013-a-1#1818,p.Pro231Leu,0.9931596864128648,0.227566517063222,5.0,0.101770840311246,0.7936925047264459,1.19262686809928,1.0,4.0,missense,wt_like,231
urn:mavedb:00000013-a-1#1819,p.Pro231Met,0.8764261370219592,0.147385958314941,8.0,0.0521088052880861,0.7742947553799,0.978557518664018,0.0,4.0,missense,wt_like,231
urn:mavedb:00000013-a-1#1820,p.Pro231Asn,0.6340434584625569,0.287047654771208,3.0,0.165727040752408,0.309224427323437,0.958862489601678,0.0,2.0,missense,possibly_low,231
urn:mavedb:00000013-a-1#1821,p.Pro231=,1.06374575245426,0.136277851279911,4.0,0.0681389256399554,0.930195912254696,1.19729559265383,0.0,4.0,synonymous,wt_like,231
urn:mavedb:00000013-a-1#1822,p.Pro231Arg,0.6268002232425239,0.21482442724626,5.0,0.0960724045100189,0.4385017704947229,0.8150986759903242,1.0,2.0,missense,possibly_low,231
urn:mavedb:00000013-a-1#1823,p.Pro231Ser,0.730660804477591,0.157810399644819,8.0,0.0557944018653054,0.6213057862826379,0.8400158226725442,1.0,3.0,missense,possibly_wt_like,231
urn:mavedb:00000013-a-1#1824,p.Phe21Val,0.8914277328145659,0.220340000162753,8.0,0.0779019541408638,0.738742708373182,1.04411275725595,1.0,4.0,missense,wt_like,21
urn:mavedb:00000013-a-1#1825,p.Pro231Thr,0.7523568350806241,0.049766598831654,2.0,0.0351902995104529,0.6833851154349581,0.8213285547262891,1.0,3.0,missense,possibly_wt_like,231
urn:mavedb:00000013-a-1#1826,p.Pro231Val,0.7832069905299219,0.431923550922256,6.0,0.176332051275092,0.437602520710671,1.12881146034917,0.0,3.0,missense,possibly_wt_like,231
urn:mavedb:00000013-a-1#1827,p.Pro231Ter,0.544204079242262,0.8476032300359159,2.0,0.5993459917140171,-0.630492478795653,1.7189006372801798,0.0,2.0,nonsense,possibly_low,231
urn:mavedb:00000013-a-1#1828,p.Pro231Tyr,0.7350045622107421,0.153053738098722,3.0,0.0883656168917754,0.561811135631198,0.908197988790286,0.0,3.0,missense,possibly_wt_like,231
urn:mavedb:00000013-a-1#1829,p.Thr232Ala,0.7686360826188791,0.356703217889006,4.0,0.178351608944503,0.419073352502882,1.11819881273488,1.0,3.0,missense,possibly_wt_like,232
urn:mavedb:00000013-a-1#1830,p.Thr232Cys,0.57736442786754,0.2014176420528829,2.0,0.142423780546198,0.298218947454955,0.856509908280125,0.0,2.0,missense,possibly_low,232
urn:mavedb:00000013-a-1#1831,p.Thr232Phe,0.994377456926859,0.105926815044047,5.0,0.0473719118157071,0.901530215889266,1.08722469796445,0.0,4.0,missense,wt_like,232
urn:mavedb:00000013-a-1#1832,p.Thr232Gly,0.592969986059063,0.245473197022878,7.0,0.0927801475506422,0.411124238379492,0.774815733738634,0.0,2.0,missense,possibly_low,232
urn:mavedb:00000013-a-1#1833,p.Thr232Ile,0.8082286104480859,0.155513091695418,6.0,0.0634879538294044,0.683794507490311,0.93266271340586,1.0,3.0,missense,possibly_wt_like,232
urn:mavedb:00000013-a-1#1834,p.Thr232Leu,0.71519692073746,0.134804164131609,8.0,0.0476604692948224,0.6217841174333311,0.808609724041588,0.0,3.0,missense,possibly_wt_like,232
urn:mavedb:00000013-a-1#1835,p.Phe21Trp,0.954272460002629,0.108889199920383,7.0,0.0411562490643041,0.873607694097832,1.03493722590742,0.0,4.0,missense,wt_like,21
urn:mavedb:00000013-a-1#1836,p.Thr232Met,1.05183662247108,0.201060908309171,4.0,0.100530454154585,0.8548005529786341,1.24887269196352,0.0,4.0,missense,wt_like,232
urn:mavedb:00000013-a-1#1837,p.Thr232Asn,0.6719578187315189,0.182063152760875,7.0,0.0688134035876625,0.537086026046082,0.8068296114169571,0.0,2.0,missense,possibly_low,232
urn:mavedb:00000013-a-1#1838,p.Thr232Arg,0.571825898000745,0.142023828669399,8.0,0.0502130061711043,0.473410214349893,0.670241581651597,1.0,1.0,missense,low,232
urn:mavedb:00000013-a-1#1839,p.Thr232Ser,1.1246392848855,0.122349319553865,5.0,0.0547162791046574,1.01739734847233,1.2318812212986698,1.0,4.0,missense,wt_like,232
urn:mavedb:00000013-a-1#1840,p.Thr232Val,0.7308439366198941,0.112894558015165,6.0,0.0460890103123645,0.640511136324564,0.8211767369152242,0.0,3.0,missense,possibly_wt_like,232
urn:mavedb:00000013-a-1#1841,p.Thr232Tyr,0.682948586110864,0.1659155789339819,3.0,0.0957914041602869,0.495200883928181,0.8706962882935471,0.0,2.0,missense,possibly_low,232
urn:mavedb:00000013-a-1#1842,p.Arg233Gly,0.810825981279141,0.182974212493096,7.0,0.0691577517992314,0.6752792785008872,0.9463726840573942,1.0,3.0,missense,possibly_wt_like,233
urn:mavedb:00000013-a-1#1843,p.Arg233Pro,0.4919233468247029,0.0776489172911532,3.0,0.0448306233003303,0.404056939751574,0.579789753897833,1.0,1.0,missense,low,233
urn:mavedb:00000013-a-1#1844,p.Arg233=,0.9536657146156708,0.53960697277167,4.0,0.269803486385835,0.4248605983960929,1.48247083083525,0.0,3.0,synonymous,possibly_wt_like,233
urn:mavedb:00000013-a-1#1845,p.Arg233Val,1.07065988763758,0.0849548080119111,6.0,0.0346826551375484,1.00268313267976,1.1386366425954,0.0,4.0,missense,wt_like,233
urn:mavedb:00000013-a-1#1846,p.Phe21Ter,0.4088827300875229,0.0204615552874619,2.0,0.0144685044973878,0.3805249823624871,0.4372404778125589,0.0,1.0,nonsense,low,21
urn:mavedb:00000013-a-1#1847,p.Arg233Ter,0.28990437695214,0.564092838034846,4.0,0.282046419017423,-0.262896446290502,0.842705200194782,1.0,2.0,nonsense,possibly_low,233
urn:mavedb:00000013-a-1#1848,p.Arg234Glu,0.9566114129649472,0.241547476592797,2.0,0.170799858677266,0.6218498413929751,1.29137298453692,0.0,3.0,missense,possibly_wt_like,234
urn:mavedb:00000013-a-1#1849,p.Arg234Gly,0.7466744831515649,0.261093151387845,6.0,0.10659083270591,0.537760289965847,0.955588676337283,1.0,3.0,missense,possibly_wt_like,234
urn:mavedb:00000013-a-1#1850,p.Arg234Leu,0.8974788427562271,0.3167469832693061,4.0,0.158373491634653,0.587072503046452,1.207885182466,1.0,3.0,missense,possibly_wt_like,234
urn:mavedb:00000013-a-1#1851,p.Arg234Met,0.8393558307193341,0.2652089034889769,3.0,0.1531184318208469,0.5392492189812229,1.13946244245744,0.0,3.0,missense,possibly_wt_like,234
urn:mavedb:00000013-a-1#1852,p.Arg234Asn,0.8107767574402641,0.364917459515617,6.0,0.148976929007667,0.518787342057857,1.10276617282267,0.0,3.0,missense,possibly_wt_like,234
urn:mavedb:00000013-a-1#1853,p.Arg234Gln,1.2400258748893995,0.107835448223225,2.0,0.0762511766909335,1.09057631479637,1.38947543498243,1.0,4.0,missense,wt_like,234
urn:mavedb:00000013-a-1#1854,p.Arg234=,0.685865309868725,0.291275541930965,8.0,0.102981455446586,0.4840253661179,0.8877052536195491,0.0,2.0,synonymous,possibly_low,234
urn:mavedb:00000013-a-1#1855,p.Arg234Ser,1.21466004884964,0.1416998461840059,5.0,0.0633700976937405,1.09045693967312,1.3388631580261598,0.0,4.0,missense,wt_like,234
urn:mavedb:00000013-a-1#1856,p.Arg234Val,1.01906328176002,0.356048163466594,6.0,0.145356054058035,0.7341706508714129,1.3039559126486202,0.0,4.0,missense,wt_like,234
urn:mavedb:00000013-a-1#1857,p.Asp22Cys,0.8029206059674391,0.150504832356176,2.0,0.106422987560397,0.594335383221907,1.01150582871297,0.0,3.0,missense,possibly_wt_like,22
urn:mavedb:00000013-a-1#1858,p.Glu235Ala,0.735318809042148,0.244575734632458,7.0,0.0924409386512015,0.5541378985887161,0.9164997194955792,1.0,3.0,missense,possibly_wt_like,235
urn:mavedb:00000013-a-1#1859,p.Glu235Asp,0.980104368153331,0.3630765527216189,4.0,0.181538276360809,0.624295884670666,1.335912851636,1.0,3.0,missense,possibly_wt_like,235
urn:mavedb:00000013-a-1#1860,p.Glu235=,1.07215744053963,0.300073671846672,5.0,0.134197025701425,0.809136103332442,1.33517877774682,0.0,4.0,synonymous,wt_like,235
urn:mavedb:00000013-a-1#1861,p.Glu235Gly,1.0015232328339598,0.221451788730388,8.0,0.0782950307585741,0.8480677923786999,1.15497867328922,1.0,4.0,missense,wt_like,235
urn:mavedb:00000013-a-1#1862,p.Glu235His,0.7799724698822591,0.249196681673236,6.0,0.101734119282366,0.58057726008992,0.9793676796745991,0.0,3.0,missense,possibly_wt_like,235
urn:mavedb:00000013-a-1#1863,p.Glu235Ile,0.798281067832798,0.180476580498465,3.0,0.104198202333212,0.594056344005886,1.00250579165971,0.0,3.0,missense,possibly_wt_like,235
urn:mavedb:00000013-a-1#1864,p.Glu235Lys,0.840447905508575,0.198247770965596,2.0,0.14018234320489,0.565695561558557,1.1152002494585902,1.0,3.0,missense,possibly_wt_like,235
urn:mavedb:00000013-a-1#1865,p.Glu235Leu,0.754395302318512,0.230559870678363,7.0,0.0871434400180231,0.58359729839426,0.925193306242763,0.0,3.0,missense,possibly_wt_like,235
urn:mavedb:00000013-a-1#1866,p.Glu235Asn,0.9881865131498848,0.143599802570703,7.0,0.0542756237028648,0.881808245453821,1.09456478084595,0.0,4.0,missense,wt_like,235
urn:mavedb:00000013-a-1#1867,p.Glu235Pro,0.4272358837802561,0.163802787504092,8.0,0.0579130309107014,0.3137284289597269,0.540743338600786,0.0,1.0,missense,low,235
urn:mavedb:00000013-a-1#1868,p.Asp22=,0.9407695784657428,0.243877978076422,6.0,0.0995627676314826,0.745630139706907,1.13590901722458,0.0,4.0,synonymous,wt_like,22
urn:mavedb:00000013-a-1#1869,p.Glu235Gln,0.669092675009312,0.509378306191256,5.0,0.22780090378147,0.222611107951956,1.11557424206667,1.0,2.0,missense,possibly_low,235
urn:mavedb:00000013-a-1#1870,p.Glu235Arg,0.8167565221013771,0.131275466181011,8.0,0.046412886170009,0.725788936789602,0.907724107413152,0.0,4.0,missense,wt_like,235
urn:mavedb:00000013-a-1#1871,p.Glu235Ser,1.0357327127046,0.3455888207802529,6.0,0.141086045286961,0.7592091452209692,1.31225628018823,0.0,4.0,missense,wt_like,235
urn:mavedb:00000013-a-1#1872,p.Glu235Thr,0.9151349738879828,0.154416093564844,4.0,0.0772080467824222,0.763809982877751,1.06645996489821,0.0,4.0,missense,wt_like,235
urn:mavedb:00000013-a-1#1873,p.Glu235Val,1.16033188593342,0.166080220019705,6.0,0.0678019659029068,1.02744247468271,1.29322129718413,1.0,4.0,missense,wt_like,235
urn:mavedb:00000013-a-1#1874,p.Glu235Trp,0.6851975838386429,0.3115995689139569,4.0,0.155799784456979,0.3798356175038621,0.9905595501734252,0.0,2.0,missense,possibly_low,235
urn:mavedb:00000013-a-1#1875,p.Glu235Ter,0.174778058894012,0.30123509093535,2.0,0.213005375531732,-0.242704805661612,0.592260923449636,1.0,1.0,nonsense,low,235
urn:mavedb:00000013-a-1#1876,p.Glu235Tyr,0.6766475307916011,0.403841679967892,5.0,0.180603489711184,0.32267119547543,1.03062386610777,0.0,2.0,missense,possibly_low,235
urn:mavedb:00000013-a-1#1877,p.Asp236Ala,0.8941375613799329,0.0871548693344258,7.0,0.0329414442581743,0.8295735170351779,0.9587016057246892,1.0,4.0,missense,wt_like,236
urn:mavedb:00000013-a-1#1878,p.Asp236Cys,0.624439115947444,0.1774828214945019,6.0,0.0724570584618335,0.482425890936537,0.7664523409583509,0.0,2.0,missense,possibly_low,236
urn:mavedb:00000013-a-1#1879,p.Asp22Glu,0.750652142482228,0.0667673573335597,8.0,0.0236058255662327,0.704385574547077,0.7969187104173789,1.0,3.0,missense,possibly_wt_like,22
urn:mavedb:00000013-a-1#1880,p.Asp236=,0.941609669314936,0.302831982896113,7.0,0.114459730825669,0.717272719216477,1.1659466194133998,0.0,4.0,synonymous,wt_like,236
urn:mavedb:00000013-a-1#1881,p.Asp236Glu,1.00540272937462,0.231947262813404,8.0,0.0820057412065081,0.8446744300843481,1.16613102866488,1.0,4.0,missense,wt_like,236
urn:mavedb:00000013-a-1#1882,p.Asp236Phe,0.558126739401568,0.2097397026360789,7.0,0.0792741561759575,0.4027522483918879,0.7135012304112479,0.0,2.0,missense,possibly_low,236
urn:mavedb:00000013-a-1#1883,p.Asp236Gly,0.923365840780096,0.1111543334696259,8.0,0.0392989914773218,0.8463412328557991,1.00039044870439,1.0,4.0,missense,wt_like,236
urn:mavedb:00000013-a-1#1884,p.Asp236His,0.804146121613007,0.255213734781721,7.0,0.0964617247714897,0.6150846151742719,0.993207628051742,1.0,3.0,missense,possibly_wt_like,236
urn:mavedb:00000013-a-1#1885,p.Asp236Ile,0.548987743719656,0.214598815980108,6.0,0.0876095997594483,0.377276083491169,0.720699403948144,0.0,2.0,missense,possibly_low,236
urn:mavedb:00000013-a-1#1886,p.Asp236Lys,0.7889764927053841,0.4171201083263621,2.0,0.294948457166838,0.210888139362727,1.36706484604804,0.0,3.0,missense,possibly_wt_like,236
urn:mavedb:00000013-a-1#1887,p.Asp236Leu,0.611624056847408,0.109790395155556,8.0,0.038816766461822,0.5355445925859339,0.6877035211088809,0.0,1.0,missense,low,236
urn:mavedb:00000013-a-1#1888,p.Asp236Met,0.654978070782411,0.100932323089143,8.0,0.0356849650486222,0.585036824497541,0.7249193170672809,0.0,2.0,missense,possibly_low,236
urn:mavedb:00000013-a-1#1889,p.Asp236Asn,0.602299502511524,0.374874874197956,7.0,0.141689384270631,0.324593412349432,0.880005592673617,1.0,2.0,missense,possibly_low,236
urn:mavedb:00000013-a-1#1890,p.Lys6Asp,1.06253441688427,0.193313628120313,6.0,0.0789199582034846,0.907854141144038,1.21721469262451,0.0,4.0,missense,wt_like,6
urn:mavedb:00000013-a-1#1891,p.Asp22Phe,0.6497644096151229,0.134565348813531,7.0,0.0508609211496092,0.5500788359413571,0.7494499832888879,0.0,2.0,missense,possibly_low,22
urn:mavedb:00000013-a-1#1892,p.Asp236Pro,0.769593674917068,0.406760031842226,5.0,0.181908616345839,0.413059338401709,1.12612801143243,0.0,3.0,missense,possibly_wt_like,236
urn:mavedb:00000013-a-1#1893,p.Asp236Arg,0.643559196767594,0.231993201515754,6.0,0.0947108279180451,0.457929385102255,0.829189008432933,0.0,2.0,missense,possibly_low,236
urn:mavedb:00000013-a-1#1894,p.Asp236Ser,0.854998871996099,0.138386284327794,6.0,0.0564959640004679,0.74426881728331,0.9657289267088872,0.0,4.0,missense,wt_like,236
urn:mavedb:00000013-a-1#1895,p.Asp236Thr,0.671762279708572,0.12864838277039,8.0,0.0454840719228128,0.58261513686963,0.760909422547515,0.0,2.0,missense,possibly_low,236
urn:mavedb:00000013-a-1#1896,p.Asp236Val,0.487043297714837,0.0908547578082913,8.0,0.0321220076746521,0.4240853195614001,0.550001275868275,1.0,1.0,missense,low,236
urn:mavedb:00000013-a-1#1897,p.Asp236Ter,-0.0043678864228871,0.0469609239813347,3.0,0.0271129021020171,-0.0575081980592011,0.0487724252134267,0.0,1.0,nonsense,low,236
urn:mavedb:00000013-a-1#1898,p.Lys237Gly,1.05352449860314,0.142285941053605,8.0,0.0503056768932568,0.954927183674444,1.15212181353183,0.0,4.0,missense,wt_like,237
urn:mavedb:00000013-a-1#1899,p.Lys237Ile,0.2826650059329489,0.642735073390171,2.0,0.454482328900623,-0.60810399032216,1.17343400218806,0.0,2.0,missense,possibly_low,237
urn:mavedb:00000013-a-1#1900,p.Lys237Leu,1.0568581280944,0.345642595815245,5.0,0.154576068032474,0.7538946018789371,1.3598216543098602,0.0,4.0,missense,wt_like,237
urn:mavedb:00000013-a-1#1901,p.Lys237Met,1.26831520746157,0.272829313254565,4.0,0.136414656627282,1.0009473935087,1.53568302141444,1.0,4.0,missense,wt_like,237
urn:mavedb:00000013-a-1#1902,p.Asp22Gly,0.92056085781108,0.0585907221349163,8.0,0.020714948468108,0.8799603048719851,0.9611614107501752,1.0,4.0,missense,wt_like,22
urn:mavedb:00000013-a-1#1903,p.Lys237Pro,0.952690362777449,0.293004295335101,3.0,0.1691661087854369,0.6211308821532071,1.28424984340169,0.0,3.0,missense,possibly_wt_like,237
urn:mavedb:00000013-a-1#1904,p.Lys237Arg,0.8242527055829508,0.263138679247032,7.0,0.0994570722299487,0.629320426004453,1.0191849851614498,1.0,3.0,missense,possibly_wt_like,237
urn:mavedb:00000013-a-1#1905,p.Lys237Thr,0.7194265140532919,0.242274339184487,3.0,0.139877154945902,0.445272328099395,0.993580700007189,1.0,3.0,missense,possibly_wt_like,237
urn:mavedb:00000013-a-1#1906,p.Lys237Val,0.671994121469305,0.304666554363263,7.0,0.115153133663448,0.44629812678202,0.8976901161565891,0.0,2.0,missense,possibly_low,237
urn:mavedb:00000013-a-1#1907,p.Lys237Trp,0.543886391005624,0.457527391241768,6.0,0.186784775314843,0.177794958528126,0.9099778234831222,0.0,2.0,missense,possibly_low,237
urn:mavedb:00000013-a-1#1908,p.Phe238Ala,0.7921050018059829,0.196684841241907,8.0,0.0695385924993761,0.6558118649715989,0.928398138640368,0.0,3.0,missense,possibly_wt_like,238
urn:mavedb:00000013-a-1#1909,p.Phe238Cys,1.20163483893472,0.104422697963575,4.0,0.0522113489817876,1.09930247534617,1.30396720252328,1.0,4.0,missense,wt_like,238
urn:mavedb:00000013-a-1#1910,p.Phe238Asp,0.6006397160191751,0.215653108581635,5.0,0.0964430020695356,0.4116149054019629,0.7896645266363871,0.0,2.0,missense,possibly_low,238
urn:mavedb:00000013-a-1#1911,p.Phe238Gly,0.7928186858873699,0.101563492043087,8.0,0.0359081169723264,0.722440069868959,0.8631973019057809,0.0,4.0,missense,wt_like,238
urn:mavedb:00000013-a-1#1912,p.Phe238His,1.05998743093902,0.138901497279304,7.0,0.0524998312193648,0.957089652554631,1.1628852093234,0.0,4.0,missense,wt_like,238
urn:mavedb:00000013-a-1#1913,p.Asp22His,0.837734617878385,0.379052427636479,8.0,0.1340152710034889,0.575069513333172,1.1003997224236002,1.0,3.0,missense,possibly_wt_like,22
urn:mavedb:00000013-a-1#1914,p.Phe238Lys,0.6999246693770501,0.4308860433390179,7.0,0.162859616297663,0.3807256868976179,1.01912365185648,0.0,2.0,missense,possibly_low,238
urn:mavedb:00000013-a-1#1915,p.Phe238Leu,0.848841415882121,0.249451464694099,8.0,0.0881944111310571,0.6759835464275309,1.02169928533671,1.0,3.0,missense,possibly_wt_like,238
urn:mavedb:00000013-a-1#1916,p.Phe238Met,0.996982608795519,0.182450856868886,5.0,0.0815945037023829,0.8370603202024279,1.15690489738861,0.0,4.0,missense,wt_like,238
urn:mavedb:00000013-a-1#1917,p.Phe238Pro,0.1769660810898189,0.2946194846059869,7.0,0.111355698237352,-0.041287076928701,0.3952192391083389,0.0,1.0,missense,low,238
urn:mavedb:00000013-a-1#1918,p.Phe238Arg,0.987138009626875,0.238076698064433,8.0,0.0841728238219315,0.822162306458855,1.1521137127949,0.0,4.0,missense,wt_like,238
urn:mavedb:00000013-a-1#1919,p.Phe238Thr,1.07016851621342,0.205581885031577,7.0,0.0777026488362035,0.9178741229911,1.22246290943574,0.0,4.0,missense,wt_like,238
urn:mavedb:00000013-a-1#1920,p.Phe238Val,1.01170111563752,0.118356358168288,8.0,0.0418452917286702,0.929685850926756,1.09371638034829,1.0,4.0,missense,wt_like,238
urn:mavedb:00000013-a-1#1921,p.Phe238Tyr,1.08286640850517,0.2088929416669369,5.0,0.0934197635174339,0.89976703656675,1.2659657804435902,1.0,4.0,missense,wt_like,238
urn:mavedb:00000013-a-1#1922,p.Met239Cys,0.5780696048019549,0.045807984799547,5.0,0.0204859535848128,0.5379178735867629,0.618221336017147,0.0,1.0,missense,low,239
urn:mavedb:00000013-a-1#1923,p.Met239Asp,0.4068079620320309,0.150884331279015,5.0,0.0674775242958949,0.274554444646151,0.539061479417911,0.0,1.0,missense,low,239
urn:mavedb:00000013-a-1#1924,p.Asp22Lys,0.8662452368564642,0.153560960212212,7.0,0.0580405874013996,0.752487775908172,0.980002697804757,0.0,4.0,missense,wt_like,22
urn:mavedb:00000013-a-1#1925,p.Met239Phe,0.8228716912920492,0.138016616619355,4.0,0.0690083083096773,0.687617892371046,0.9581254902130528,0.0,3.0,missense,possibly_wt_like,239
urn:mavedb:00000013-a-1#1926,p.Met239Gly,0.256497873877481,0.124908886760318,8.0,0.0441619604293418,0.1699420219492879,0.3430537258056741,0.0,1.0,missense,low,239
urn:mavedb:00000013-a-1#1927,p.Met239His,0.41584177827546,0.269961138373302,5.0,0.120730291337186,0.179214755411548,0.652468801139373,0.0,1.0,missense,low,239
urn:mavedb:00000013-a-1#1928,p.Met239Leu,0.981926041900156,0.0728949942614416,5.0,0.0325996324776081,0.918031936334802,1.04582014746551,1.0,4.0,missense,wt_like,239
urn:mavedb:00000013-a-1#1929,p.Met239Pro,0.239740228267693,0.1331980262026459,5.0,0.059567968211583,0.122989155940763,0.356491300594622,0.0,1.0,missense,low,239
urn:mavedb:00000013-a-1#1930,p.Met239Arg,0.289900502421181,0.272821193191008,8.0,0.0964568578783833,0.100848534917651,0.478952469924711,1.0,1.0,missense,low,239
urn:mavedb:00000013-a-1#1931,p.Met239Ser,0.307051745878972,0.104562134491805,5.0,0.0467616081192305,0.215400678106104,0.3987028136518389,0.0,1.0,missense,low,239
urn:mavedb:00000013-a-1#1932,p.Met239Val,0.607130207112168,0.1011827452785819,8.0,0.0357735026627783,0.537015430292275,0.677244983932061,1.0,1.0,missense,low,239
urn:mavedb:00000013-a-1#1933,p.Met239Trp,0.8959689667726949,0.191587073366135,6.0,0.0782150951766993,0.7426701971789921,1.0492677363664,0.0,4.0,missense,wt_like,239
urn:mavedb:00000013-a-1#1934,p.Met239Tyr,0.801985273813016,0.241105477159333,8.0,0.0852436589402914,0.634910772379629,0.969059775246403,0.0,3.0,missense,possibly_wt_like,239
urn:mavedb:00000013-a-1#1935,p.Asp22Leu,0.448036271076526,0.312836402302893,6.0,0.1277149264350219,0.197719614975702,0.6983529271773511,0.0,1.0,missense,low,22
urn:mavedb:00000013-a-1#1936,p.Tyr240Ala,0.6785683413390601,0.187504532989074,7.0,0.0708700519980566,0.539665591840388,0.8174710908377321,0.0,2.0,missense,possibly_low,240
urn:mavedb:00000013-a-1#1937,p.Tyr240Cys,0.983113358601408,0.106113442173649,8.0,0.0375167672680169,0.909581845939724,1.05664487126309,1.0,4.0,missense,wt_like,240
urn:mavedb:00000013-a-1#1938,p.Tyr240Glu,0.945525990508659,0.206834413304762,3.0,0.119415904199183,0.7114751190969759,1.1795768619203402,0.0,4.0,missense,wt_like,240
urn:mavedb:00000013-a-1#1939,p.Tyr240Phe,0.8511081503481079,0.165273319751703,8.0,0.0584329425728209,0.736581687394682,0.965634613301534,1.0,4.0,missense,wt_like,240
urn:mavedb:00000013-a-1#1940,p.Tyr240Gly,0.4110882604017249,0.191672959405936,8.0,0.0677666246830154,0.278268116669172,0.5439084041342779,0.0,1.0,missense,low,240
urn:mavedb:00000013-a-1#1941,p.Tyr240Ile,0.9617171148318748,0.423040595929494,6.0,0.17270560008503,0.623220358736839,1.30021387092691,0.0,3.0,missense,possibly_wt_like,240
urn:mavedb:00000013-a-1#1942,p.Tyr240Lys,0.507256546080214,0.165441304872194,4.0,0.0827206524360969,0.3451270465278089,0.66938604563262,0.0,1.0,missense,low,240
urn:mavedb:00000013-a-1#1943,p.Tyr240Leu,0.9850039401120532,0.155032370890433,8.0,0.0548122203800264,0.877573962254529,1.09243391796958,0.0,4.0,missense,wt_like,240
urn:mavedb:00000013-a-1#1944,p.Tyr240Met,1.03457451437552,0.0643026045780312,2.0,0.045468807745083,0.9454572887751808,1.12369173997586,0.0,4.0,missense,wt_like,240
urn:mavedb:00000013-a-1#1945,p.Tyr240Pro,0.251476313549414,0.191973744358409,5.0,0.0858532684561139,0.083206999420382,0.419745627678446,0.0,1.0,missense,low,240
urn:mavedb:00000013-a-1#1946,p.Asp22Met,0.40590615119505,0.480558729266003,5.0,0.21491239716394,-0.0153144070774409,0.8271267094675409,0.0,2.0,missense,possibly_low,22
urn:mavedb:00000013-a-1#1947,p.Tyr240Gln,0.698096004353802,0.1678618024743469,7.0,0.0634457977105955,0.573744525870621,0.8224474828369829,0.0,2.0,missense,possibly_low,240
urn:mavedb:00000013-a-1#1948,p.Tyr240Arg,0.391027065488044,0.113956507319445,6.0,0.0465225493003963,0.299844544390278,0.48220958658581,0.0,1.0,missense,low,240
urn:mavedb:00000013-a-1#1949,p.Tyr240Ser,0.8895199698618391,0.0809512802273501,8.0,0.0286205995972459,0.833424625435295,0.945615314288382,1.0,4.0,missense,wt_like,240
urn:mavedb:00000013-a-1#1950,p.Tyr240Thr,0.8006519249443119,0.285726162337733,8.0,0.10101945347571,0.6026574343940021,0.9986464154946229,0.0,3.0,missense,possibly_wt_like,240
urn:mavedb:00000013-a-1#1951,p.Tyr240Val,0.8696440907006171,0.235638851370603,8.0,0.0833109148575811,0.7063576980606752,1.03293048334056,0.0,3.0,missense,possibly_wt_like,240
urn:mavedb:00000013-a-1#1952,p.Tyr240Trp,1.36485138895376,0.4166384007261789,2.0,0.294607838456199,0.787430636016415,1.9422721418911,0.0,4.0,missense,wt_like,240
urn:mavedb:00000013-a-1#1953,p.Phe241Ala,0.234679811841995,0.335772537153463,5.0,0.150162043610543,-0.0596323854796027,0.528992009163593,0.0,1.0,missense,low,241
urn:mavedb:00000013-a-1#1954,p.Phe241Cys,0.274066065493938,0.14808471421028,7.0,0.0559707609672106,0.1643653898109049,0.3837667411769709,1.0,1.0,missense,low,241
urn:mavedb:00000013-a-1#1955,p.Phe241Asp,0.291432941830237,0.194926713392779,6.0,0.0795784975083415,0.135461952770078,0.4474039308903969,0.0,1.0,missense,low,241
urn:mavedb:00000013-a-1#1956,p.Phe241Gly,0.16415837475136,0.0977872186971611,8.0,0.0345730027270673,0.0963965345689026,0.2319202149338169,0.0,1.0,missense,low,241
urn:mavedb:00000013-a-1#1957,p.Asp22Asn,1.36050291199857,0.0213019011957825,2.0,0.0150627187877036,1.33098052566541,1.3900252983317198,1.0,4.0,missense,wt_like,22
urn:mavedb:00000013-a-1#1958,p.Phe241Ile,0.415524601933066,0.205789525860589,8.0,0.0727575846165934,0.272922356482417,0.558126847383714,1.0,1.0,missense,low,241
urn:mavedb:00000013-a-1#1959,p.Phe241Lys,-0.0312807999928994,0.122241792673462,2.0,0.0864380005438047,-0.20069616795441,0.1381345679686109,0.0,1.0,missense,low,241
urn:mavedb:00000013-a-1#1960,p.Phe241Leu,0.212891367489362,0.10517115149755,7.0,0.0397509588515449,0.134980919789401,0.290801815189324,1.0,1.0,missense,low,241
urn:mavedb:00000013-a-1#1961,p.Phe241Met,0.386239378187163,0.117031670309184,6.0,0.0477779793338547,0.292596259438709,0.479882496935617,0.0,1.0,missense,low,241
urn:mavedb:00000013-a-1#1962,p.Phe241Asn,0.138088002263021,0.111072235730334,2.0,0.0785399310864699,-0.0158474340147175,0.29202343854076,0.0,1.0,missense,low,241
urn:mavedb:00000013-a-1#1963,p.Phe241Pro,0.0356503599452722,0.193054062070909,7.0,0.0729675768329217,-0.107363462686414,0.178664182576958,0.0,1.0,missense,low,241
urn:mavedb:00000013-a-1#1964,p.Phe241Gln,0.422038120181078,0.4345849327286329,5.0,0.1943522903156789,0.0411146308494744,0.8029616095126819,0.0,2.0,missense,possibly_low,241
urn:mavedb:00000013-a-1#1965,p.Phe241Arg,0.2445424421131629,0.14890516595363,8.0,0.0526459262997602,0.141358322632883,0.347726561593443,0.0,1.0,missense,low,241
urn:mavedb:00000013-a-1#1966,p.Phe241Ser,0.167143979691373,0.173543999913619,8.0,0.061357069586579,0.0468863331047606,0.287401626277986,1.0,1.0,missense,low,241
urn:mavedb:00000013-a-1#1967,p.Phe241Val,0.399506194254887,0.192597518470005,6.0,0.0786276076629617,0.245398915044937,0.553613473464838,1.0,1.0,missense,low,241
urn:mavedb:00000013-a-1#1968,p.Asp22Pro,1.00009877925043,0.319133850928244,5.0,0.142720996919367,0.720370765450817,1.27982679305004,0.0,4.0,missense,wt_like,22
urn:mavedb:00000013-a-1#1969,p.Glu242Gly,0.330833790813963,0.102075107764222,4.0,0.0510375538821109,0.230802023346003,0.430865558281922,1.0,1.0,missense,low,242
urn:mavedb:00000013-a-1#1970,p.Phe243Ala,0.24856737684466,0.0845863977314049,8.0,0.0299058077160094,0.189953070792702,0.3071816828966189,0.0,1.0,missense,low,243
urn:mavedb:00000013-a-1#1971,p.Phe243Cys,0.325984892034329,0.26790131140458,7.0,0.101257177983513,0.127524470010482,0.5244453140581761,1.0,1.0,missense,low,243
urn:mavedb:00000013-a-1#1972,p.Phe243Asp,0.2362771068136089,0.187834709122732,8.0,0.0664095982814432,0.1061166859542069,0.36643752767301,0.0,1.0,missense,low,243
urn:mavedb:00000013-a-1#1973,p.Phe243Glu,0.124750038379575,0.187424196636876,6.0,0.0765156078685676,-0.025217797298007,0.274717874057157,0.0,1.0,missense,low,243
urn:mavedb:00000013-a-1#1974,p.Phe243=,0.842015646652782,0.333245577635192,8.0,0.117820103873136,0.611092486406667,1.0729388068989,0.0,3.0,synonymous,possibly_wt_like,243
urn:mavedb:00000013-a-1#1975,p.Phe243Gly,0.172894992923318,0.113305207723079,8.0,0.0400594403623698,0.0943799325722433,0.251410053274393,0.0,1.0,missense,low,243
urn:mavedb:00000013-a-1#1976,p.Phe243His,0.26540232265645,0.221796438409086,7.0,0.0838311739586138,0.101096240915855,0.429708404397045,0.0,1.0,missense,low,243
urn:mavedb:00000013-a-1#1977,p.Phe243Ile,0.7902893674410502,0.123592181973469,6.0,0.0504562970053676,0.6913968425172738,0.8891818923648271,1.0,3.0,missense,possibly_wt_like,243
urn:mavedb:00000013-a-1#1978,p.Phe243Lys,0.212454119560498,0.165153580846551,8.0,0.0583906084769185,0.0980106299103586,0.3268976092106369,0.0,1.0,missense,low,243
urn:mavedb:00000013-a-1#1979,p.Asp22Gln,0.8204625000233342,0.17586722649766,6.0,0.0717974945662909,0.6797419964931931,0.961183003553474,0.0,3.0,missense,possibly_wt_like,22
urn:mavedb:00000013-a-1#1980,p.Phe243Leu,0.831340748094006,0.2509447380587519,8.0,0.0887223629922128,0.65744811200598,1.00523338418203,1.0,3.0,missense,possibly_wt_like,243
urn:mavedb:00000013-a-1#1981,p.Phe243Met,0.8766257973950758,0.0635132440170344,8.0,0.0224553227698005,0.8326141735050451,0.920637421285107,0.0,4.0,missense,wt_like,243
urn:mavedb:00000013-a-1#1982,p.Phe243Asn,0.132793499968615,0.2393838113461849,7.0,0.0904785761024011,-0.0445412505645575,0.310128250501788,0.0,1.0,missense,low,243
urn:mavedb:00000013-a-1#1983,p.Phe243Pro,0.462628565987149,0.237612242511063,8.0,0.0840086139862577,0.297974708182956,0.627282423791342,0.0,1.0,missense,low,243
urn:mavedb:00000013-a-1#1984,p.Phe243Gln,0.331922345307507,0.180187889965743,8.0,0.0637060394412363,0.207060802404996,0.456783888210018,0.0,1.0,missense,low,243
urn:mavedb:00000013-a-1#1985,p.Phe243Arg,0.229326999298134,0.111412705629468,8.0,0.0393903398304688,0.152123351891621,0.306530646704646,0.0,1.0,missense,low,243
urn:mavedb:00000013-a-1#1986,p.Phe243Ser,0.244443587975689,0.116581951876949,8.0,0.0412179443680772,0.163657901497482,0.325229274453896,1.0,1.0,missense,low,243
urn:mavedb:00000013-a-1#1987,p.Phe243Thr,0.251549692675229,0.233009083481768,8.0,0.0823811515040104,0.0900856027224305,0.4130137826280271,0.0,1.0,missense,low,243
urn:mavedb:00000013-a-1#1988,p.Phe243Val,0.349641109172697,0.110823882248919,8.0,0.0391821593278152,0.272845488053669,0.4264367302917249,1.0,1.0,missense,low,243
urn:mavedb:00000013-a-1#1989,p.Phe243Trp,0.543843369028449,0.112867701908783,7.0,0.0426599814717156,0.46023134176274,0.627455396294157,0.0,1.0,missense,low,243
urn:mavedb:00000013-a-1#1990,p.Asp22Arg,0.7658874833957959,0.0509026226653336,8.0,0.0179967948334187,0.730614413685139,0.801160553106453,0.0,4.0,missense,wt_like,22
urn:mavedb:00000013-a-1#1991,p.Phe243Tyr,0.195864440767823,0.116791981838551,7.0,0.0441432198673112,0.10934531966626,0.282383561869386,1.0,1.0,missense,low,243
urn:mavedb:00000013-a-1#1992,p.Pro244Cys,0.475997765455737,0.194006709349106,5.0,0.0867624380391289,0.305946511688157,0.646049019223318,0.0,1.0,missense,low,244
urn:mavedb:00000013-a-1#1993,p.Pro244Asp,0.980811199063954,0.173155395349734,7.0,0.0654465877520666,0.852538244158864,1.10908415396905,0.0,4.0,missense,wt_like,244
urn:mavedb:00000013-a-1#1994,p.Pro244Glu,0.958491363952968,0.147540567557251,8.0,0.052163467909922,0.85625284554081,1.06072988236513,0.0,4.0,missense,wt_like,244
urn:mavedb:00000013-a-1#1995,p.Pro244Phe,0.451625282350567,0.238176024420976,2.0,0.168415881984125,0.121536219237135,0.781714345464,0.0,2.0,missense,possibly_low,244
urn:mavedb:00000013-a-1#1996,p.Pro244Gly,0.8028407198432571,0.226091236451805,8.0,0.0799353232309612,0.6461703652180051,0.959511074468508,0.0,3.0,missense,possibly_wt_like,244
urn:mavedb:00000013-a-1#1997,p.Pro244His,0.7914056861303629,0.0584864259522072,7.0,0.0221057911632192,0.7480791316006898,0.8347322406600369,1.0,4.0,missense,wt_like,244
urn:mavedb:00000013-a-1#1998,p.Pro244Ile,0.487919218593761,0.303797711163294,6.0,0.124024896229249,0.244834888798115,0.731003548389407,0.0,2.0,missense,possibly_low,244
urn:mavedb:00000013-a-1#1999,p.Pro244Lys,0.759735870643532,0.229395352990125,3.0,0.132441468799698,0.500155361736539,1.01931637955053,0.0,3.0,missense,possibly_wt_like,244
urn:mavedb:00000013-a-1#2000,p.Pro244Leu,0.581363026810318,0.228241353750021,8.0,0.0806955044919189,0.423202744291867,0.739523309328769,1.0,2.0,missense,possibly_low,244
urn:mavedb:00000013-a-1#2001,p.Lys6Glu,1.26379869827676,0.2968010703582981,4.0,0.148400535179149,0.972938994039163,1.5546584025143702,1.0,4.0,missense,wt_like,6
urn:mavedb:00000013-a-1#2002,p.Asp22Ser,0.9424062704382192,0.0623570388485087,8.0,0.0220465425122468,0.8991958411305842,0.985616699745854,0.0,4.0,missense,wt_like,22
urn:mavedb:00000013-a-1#2003,p.Pro244Met,0.756878911593495,0.222695134460948,5.0,0.0995922917826273,0.5616816065617409,0.9520762166252492,0.0,3.0,missense,possibly_wt_like,244
urn:mavedb:00000013-a-1#2004,p.Pro244Asn,0.8933441683936509,0.0715726643959158,3.0,0.0413224970556008,0.8123535624134108,0.97433477437389,0.0,4.0,missense,wt_like,244
urn:mavedb:00000013-a-1#2005,p.Pro244Gln,0.87374504283696,0.246401659640774,7.0,0.0931310734347241,0.691211493063346,1.05627859261057,0.0,3.0,missense,possibly_wt_like,244
urn:mavedb:00000013-a-1#2006,p.Pro244Arg,0.792271374230751,0.147830068208895,8.0,0.0522658218468897,0.6898322457884599,0.894710502673041,1.0,3.0,missense,possibly_wt_like,244
urn:mavedb:00000013-a-1#2007,p.Pro244Ser,0.911066976800166,0.13958362967673,8.0,0.0493502655435239,0.8143422337073709,1.0077917198929598,1.0,4.0,missense,wt_like,244
urn:mavedb:00000013-a-1#2008,p.Pro244Thr,0.685854415037881,0.182108383764052,6.0,0.0743454363508111,0.5401400373753771,0.8315687927003861,1.0,2.0,missense,possibly_low,244
urn:mavedb:00000013-a-1#2009,p.Pro244Val,0.701895925325902,0.135974117123136,3.0,0.0785046931238643,0.5480295541857589,0.8557622964660451,0.0,2.0,missense,possibly_low,244
urn:mavedb:00000013-a-1#2010,p.Pro244Trp,0.4300114384902979,0.142112384005551,7.0,0.0537134323287429,0.324735045639933,0.535287831340664,0.0,1.0,missense,low,244
urn:mavedb:00000013-a-1#2011,p.Pro244Ter,0.1707393677513349,0.24956862261278,7.0,0.0943280729254782,-0.0141402579136699,0.3556189934163401,0.0,1.0,nonsense,low,244
urn:mavedb:00000013-a-1#2012,p.Pro244Tyr,0.7277097260951311,0.262734249541043,3.0,0.1516896896978559,0.4304033974612769,1.02501605472898,0.0,3.0,missense,possibly_wt_like,244
urn:mavedb:00000013-a-1#2013,p.Asp22Thr,0.7125482727076049,0.22071896936367,7.0,0.0834239289386793,0.549040376538965,0.8760561688762459,0.0,3.0,missense,possibly_wt_like,22
urn:mavedb:00000013-a-1#2014,p.Gln245Ala,0.951881010887485,0.1545700446735549,7.0,0.0584219854780529,0.837376023445179,1.06638599832979,0.0,4.0,missense,wt_like,245
urn:mavedb:00000013-a-1#2015,p.Gln245Cys,0.8309625991539991,0.168185404645017,8.0,0.0594625200605475,0.714418201405335,0.947506996902662,0.0,4.0,missense,wt_like,245
urn:mavedb:00000013-a-1#2016,p.Gln245Asp,1.06055746862408,0.109138046866044,4.0,0.0545690234330222,0.9536041480238392,1.16751078922433,0.0,4.0,missense,wt_like,245
urn:mavedb:00000013-a-1#2017,p.Gln245Glu,0.991988070305652,0.187037200872094,8.0,0.066127636535404,0.862380284313505,1.1215958562978,1.0,4.0,missense,wt_like,245
urn:mavedb:00000013-a-1#2018,p.Gln245Gly,0.713305711890087,0.165171703904548,8.0,0.0583970159455211,0.598849663832254,0.8277617599479191,0.0,3.0,missense,possibly_wt_like,245
urn:mavedb:00000013-a-1#2019,p.Gln245Ile,0.579151805567186,0.246734414420598,6.0,0.100728902885812,0.3817267837087629,0.77657682742561,0.0,2.0,missense,possibly_low,245
urn:mavedb:00000013-a-1#2020,p.Gln245Lys,0.890354127584838,0.321791816259904,2.0,0.227541175407714,0.444381618785808,1.3363266363838702,1.0,3.0,missense,possibly_wt_like,245
urn:mavedb:00000013-a-1#2021,p.Gln245Leu,0.669372845132162,0.204565114898995,6.0,0.0835133584460584,0.505689670349903,0.8330560199144201,1.0,2.0,missense,possibly_low,245
urn:mavedb:00000013-a-1#2022,p.Gln245Met,0.659167137447851,0.308854804516209,6.0,0.126089445945293,0.4120363645644671,0.906297910331235,0.0,2.0,missense,possibly_low,245
urn:mavedb:00000013-a-1#2023,p.Gln245Pro,0.27919453720294,0.251696405390284,6.0,0.102754627216483,0.0777991686137945,0.480589905792085,1.0,1.0,missense,low,245
urn:mavedb:00000013-a-1#2024,p.Asp22Val,0.6745362097493729,0.0890950643960715,8.0,0.0314998621023571,0.6127976145107751,0.7362748049879709,1.0,2.0,missense,possibly_low,22
urn:mavedb:00000013-a-1#2025,p.Gln245Arg,0.817963592821747,0.299030657858265,7.0,0.113022965011002,0.596442651974253,1.03948453366924,1.0,3.0,missense,possibly_wt_like,245
urn:mavedb:00000013-a-1#2026,p.Gln245Ser,0.8663322214756008,0.237733344021644,6.0,0.0970542312830934,0.6761094236135171,1.05655501933768,0.0,3.0,missense,possibly_wt_like,245
urn:mavedb:00000013-a-1#2027,p.Gln245Thr,0.978654622416889,0.155809267769428,8.0,0.0550868949057366,0.8706862923815021,1.08662295245228,0.0,4.0,missense,wt_like,245
urn:mavedb:00000013-a-1#2028,p.Gln245Val,0.8007024012052579,0.100202074209614,8.0,0.0354267830812879,0.7312671822778208,0.8701376201326959,0.0,4.0,missense,wt_like,245
urn:mavedb:00000013-a-1#2029,p.Pro246Ala,0.961762270998186,0.135419894104901,6.0,0.0552849402631233,0.853405779195016,1.07011876280136,1.0,4.0,missense,wt_like,246
urn:mavedb:00000013-a-1#2030,p.Pro246Cys,0.3205683206408,0.166232690629434,8.0,0.0587721313994792,0.205377059803165,0.435759581478435,0.0,1.0,missense,low,246
urn:mavedb:00000013-a-1#2031,p.Pro246Glu,0.250154434862421,0.138607543112626,8.0,0.0490051668292724,0.15410607282067,0.346202796904172,0.0,1.0,missense,low,246
urn:mavedb:00000013-a-1#2032,p.Pro246Gly,0.4101957202482229,0.0888731702074637,8.0,0.0314214106596219,0.348610887011921,0.471780553484525,0.0,1.0,missense,low,246
urn:mavedb:00000013-a-1#2033,p.Pro246Lys,0.0639150790736883,0.174418492510219,2.0,0.123332498818311,-0.17781217673353,0.305642334880906,0.0,1.0,missense,low,246
urn:mavedb:00000013-a-1#2034,p.Pro246Leu,0.267038156658359,0.253762161278637,5.0,0.11348588854726,0.0446099023522034,0.4894664109645139,1.0,1.0,missense,low,246
urn:mavedb:00000013-a-1#2035,p.Asp22Trp,0.8393727992290569,0.2064618668502469,6.0,0.0842877041875912,0.674171934681813,1.0045736637763,0.0,3.0,missense,possibly_wt_like,22
urn:mavedb:00000013-a-1#2036,p.Pro246Gln,0.359694185969476,0.3723825297199129,5.0,0.1665345300174119,0.033292504953044,0.6860958669859089,1.0,1.0,missense,low,246
urn:mavedb:00000013-a-1#2037,p.Pro246Arg,0.2086059774712889,0.188331710803726,8.0,0.0665853149108894,0.0781011583466878,0.33911079659589,1.0,1.0,missense,low,246
urn:mavedb:00000013-a-1#2038,p.Pro246Thr,0.340649088023553,0.0962625693852845,7.0,0.0363838313082232,0.269338089039855,0.411960087007252,1.0,1.0,missense,low,246
urn:mavedb:00000013-a-1#2039,p.Pro246Val,0.3483594785757289,0.119344400830569,8.0,0.0421946175619703,0.265659547812826,0.431059409338632,0.0,1.0,missense,low,246
urn:mavedb:00000013-a-1#2040,p.Pro246Tyr,0.2747843824557749,0.0593604667136428,3.0,0.0342717814363435,0.207612925154514,0.341955839757037,0.0,1.0,missense,low,246
urn:mavedb:00000013-a-1#2041,p.Leu247Glu,0.41189877073909,0.423493114990426,4.0,0.211746557495213,-0.0031168558018674,0.8269143972800469,0.0,2.0,missense,possibly_low,247
urn:mavedb:00000013-a-1#2042,p.Leu247Gly,0.277800111338043,0.0713329722740449,7.0,0.0269613292737412,0.224956876986184,0.330643345689901,0.0,1.0,missense,low,247
urn:mavedb:00000013-a-1#2043,p.Leu247His,0.215683577653851,0.228213644270546,5.0,0.102060244396379,0.0156491743835919,0.4157179809241099,0.0,1.0,missense,low,247
urn:mavedb:00000013-a-1#2044,p.Leu247Met,0.5288872462777671,0.0595427425310142,3.0,0.0343770184285697,0.461509528261901,0.596264964293633,0.0,1.0,missense,low,247
urn:mavedb:00000013-a-1#2045,p.Leu247Pro,-0.042831836928187,0.0380460483887221,3.0,0.0219658962788302,-0.0858842025228366,0.0002205286664625,0.0,1.0,missense,low,247
urn:mavedb:00000013-a-1#2046,p.Leu23Ala,0.544636141178215,0.215301549310991,7.0,0.0813763366233989,0.385141452202546,0.704130830153885,0.0,1.0,missense,low,23
urn:mavedb:00000013-a-1#2047,p.Leu247Gln,0.515609341668424,0.286943646294716,5.0,0.128325099765328,0.264096767815871,0.7671219155209759,0.0,2.0,missense,possibly_low,247
urn:mavedb:00000013-a-1#2048,p.Leu247Thr,0.38197865615363,0.24807215441356,7.0,0.0937624611111849,0.19820760927387,0.565749703033389,0.0,1.0,missense,low,247
urn:mavedb:00000013-a-1#2049,p.Pro248Gly,0.6250051322550481,0.3973340352289421,3.0,0.22940091219763,0.175387606327058,1.07462265818304,0.0,2.0,missense,possibly_low,248
urn:mavedb:00000013-a-1#2050,p.Pro248Lys,1.02636558509846,0.0831495749368292,2.0,0.0587956282906109,0.911128271200458,1.14160289899646,0.0,4.0,missense,wt_like,248
urn:mavedb:00000013-a-1#2051,p.Pro248Thr,1.11089463434365,0.0524693294535794,4.0,0.0262346647267897,1.05947563633265,1.16231363235464,1.0,4.0,missense,wt_like,248
urn:mavedb:00000013-a-1#2052,p.Val249Glu,0.269161808759136,0.115538246147104,7.0,0.0436693523174004,0.18357145098884,0.354752166529431,1.0,1.0,missense,low,249
urn:mavedb:00000013-a-1#2053,p.Val249Met,0.354515592543612,0.100799398003401,4.0,0.0503996990017007,0.255733997668619,0.453297187418605,1.0,1.0,missense,low,249
urn:mavedb:00000013-a-1#2054,p.Cys250Glu,0.9559637695913928,0.4773085063137421,5.0,0.213458853271283,0.537592104998458,1.37433543418433,0.0,3.0,missense,possibly_wt_like,250
urn:mavedb:00000013-a-1#2055,p.Cys250Gly,0.593148499517388,0.167471839619033,7.0,0.0632984056054935,0.469085904251813,0.7172110947829642,1.0,2.0,missense,possibly_low,250
urn:mavedb:00000013-a-1#2056,p.Cys250Ser,0.8434583460407449,0.254321576137496,8.0,0.0899162555444372,0.6672257235489489,1.0196909685325402,1.0,3.0,missense,possibly_wt_like,250
urn:mavedb:00000013-a-1#2057,p.Leu23Asp,0.316921860788886,0.326617927188954,7.0,0.123449972725339,0.0749643603547691,0.5588793612230029,0.0,1.0,missense,low,23
urn:mavedb:00000013-a-1#2058,p.Cys250Thr,1.171663224475,0.0347199973291649,3.0,0.0200455998042564,1.1323745708101498,1.21095187813984,0.0,4.0,missense,wt_like,250
urn:mavedb:00000013-a-1#2059,p.Cys250Val,1.18347642667351,0.107769283595479,3.0,0.0622206248942231,1.06152624278526,1.30542661056176,0.0,4.0,missense,wt_like,250
urn:mavedb:00000013-a-1#2060,p.Cys250Trp,0.92941925168585,0.2105492065858689,4.0,0.105274603292935,0.7230848207449571,1.13575368262674,1.0,4.0,missense,wt_like,250
urn:mavedb:00000013-a-1#2061,p.Cys250Tyr,0.885057592111537,0.2142615046157869,4.0,0.107130752307893,0.6750851759513851,1.09503000827169,1.0,3.0,missense,possibly_wt_like,250
urn:mavedb:00000013-a-1#2062,p.Asp252Ala,0.224812435046792,0.12450634771985,7.0,0.0470589761022367,0.132578536737077,0.317046333356507,1.0,1.0,missense,low,252
urn:mavedb:00000013-a-1#2063,p.Asp252Cys,0.339534149827248,0.157989088906088,6.0,0.0644987754578537,0.2131188728829189,0.465949426771578,0.0,1.0,missense,low,252
urn:mavedb:00000013-a-1#2064,p.Asp252Glu,0.2583525756506269,0.111548724397981,7.0,0.0421614548319343,0.175717642644224,0.34098750865703,1.0,1.0,missense,low,252
urn:mavedb:00000013-a-1#2065,p.Asp252Phe,0.204950557562182,0.124666609534673,8.0,0.0440763024947515,0.118562592100776,0.291338523023588,0.0,1.0,missense,low,252
urn:mavedb:00000013-a-1#2066,p.Asp252Gly,0.287563093557784,0.120108998950666,8.0,0.0424649438197718,0.204333333065514,0.3707928540500529,1.0,1.0,missense,low,252
urn:mavedb:00000013-a-1#2067,p.Asp252His,0.222843067338306,0.16344091868644,6.0,0.0667244756455825,0.0920654981856442,0.353620636490967,1.0,1.0,missense,low,252
urn:mavedb:00000013-a-1#2068,p.Leu23Glu,0.525456389242877,0.28523725634994,8.0,0.100846599106044,0.327800687031681,0.723112091454072,0.0,2.0,missense,possibly_low,23
urn:mavedb:00000013-a-1#2069,p.Asp252Ile,0.263376405309185,0.159074857495363,5.0,0.0711404389741449,0.123943707075491,0.402809103542878,0.0,1.0,missense,low,252
urn:mavedb:00000013-a-1#2070,p.Asp252Lys,0.0563653617499766,0.211753073671724,3.0,0.122255694086101,-0.183251395563727,0.29598211906368,0.0,1.0,missense,low,252
urn:mavedb:00000013-a-1#2071,p.Asp252Leu,0.187494061384016,0.0768505874152355,8.0,0.0271707857497413,0.134240299882869,0.2407478228851629,0.0,1.0,missense,low,252
urn:mavedb:00000013-a-1#2072,p.Asp252Met,0.227837960978434,0.133201360146502,4.0,0.0666006800732511,0.0973030266889869,0.35837289526788,0.0,1.0,missense,low,252
urn:mavedb:00000013-a-1#2073,p.Asp252Asn,0.325756304197102,0.190738913938553,8.0,0.0674363897410541,0.1935834090572289,0.457929199336974,1.0,1.0,missense,low,252
urn:mavedb:00000013-a-1#2074,p.Asp252Pro,0.1975439223880189,0.161994716899149,8.0,0.0572737814178915,0.0852893735505322,0.3097984712255049,0.0,1.0,missense,low,252
urn:mavedb:00000013-a-1#2075,p.Asp252Arg,0.202352428495965,0.128142572736974,8.0,0.0453052410705023,0.1135557876868759,0.291149069305054,0.0,1.0,missense,low,252
urn:mavedb:00000013-a-1#2076,p.Asp252Ser,0.336287205130513,0.157721340465988,8.0,0.0557629146906659,0.2269939006638289,0.445580509597198,0.0,1.0,missense,low,252
urn:mavedb:00000013-a-1#2077,p.Asp252Thr,0.124511340931345,0.0976286017256867,2.0,0.0690338463179938,-0.0107925115661962,0.259815193428885,0.0,1.0,missense,low,252
urn:mavedb:00000013-a-1#2078,p.Asp252Val,0.330856866470537,0.167241270110504,7.0,0.0632112585227106,0.206965076348574,0.4547486565925,1.0,1.0,missense,low,252
urn:mavedb:00000013-a-1#2079,p.Leu23Gly,0.671958382848102,0.128582426731607,8.0,0.0454607529416708,0.582856944372354,0.76105982132385,0.0,2.0,missense,possibly_low,23
urn:mavedb:00000013-a-1#2080,p.Ile253Ala,0.217387278092012,0.132217657165679,8.0,0.0467460009872248,0.125766799735778,0.309007756448247,0.0,1.0,missense,low,253
urn:mavedb:00000013-a-1#2081,p.Ile253Cys,0.353517099144079,0.203403454408708,5.0,0.0909647901832301,0.1752293865237049,0.5318048117644529,0.0,1.0,missense,low,253
urn:mavedb:00000013-a-1#2082,p.Ile253Asp,0.216364416034944,0.281210778285783,6.0,0.114803819495183,-0.0086469354632523,0.441375767533141,0.0,1.0,missense,low,253
urn:mavedb:00000013-a-1#2083,p.Ile253Glu,0.311777115856877,0.174356441890192,8.0,0.0616443112020564,0.1909564860490669,0.4325977456646861,0.0,1.0,missense,low,253
urn:mavedb:00000013-a-1#2084,p.Ile253Phe,0.74381539381583,0.2644273255277889,7.0,0.0999441347423502,0.547928489254805,0.9397022983768548,1.0,3.0,missense,possibly_wt_like,253
urn:mavedb:00000013-a-1#2085,p.Ile253Gly,0.26280897091294,0.131267730880067,8.0,0.046410151328133,0.1718467457927449,0.3537711960331339,0.0,1.0,missense,low,253
urn:mavedb:00000013-a-1#2086,p.Ile253His,0.311384992202883,0.0773381883632384,8.0,0.0273431787181642,0.257793346692439,0.3649766377133271,0.0,1.0,missense,low,253
urn:mavedb:00000013-a-1#2087,p.Ile253Lys,0.118859736889252,0.131344027616443,8.0,0.0464371262979699,0.0278446417996936,0.209874831978811,0.0,1.0,missense,low,253
urn:mavedb:00000013-a-1#2088,p.Ile253Leu,0.8381319439467,0.201576390855233,8.0,0.0712680164504225,0.6984491984542641,0.977814689439136,1.0,3.0,missense,possibly_wt_like,253
urn:mavedb:00000013-a-1#2089,p.Ile253Met,0.87490756238372,0.2266874729110389,6.0,0.0925447732855049,0.6935231397867061,1.05629198498073,1.0,3.0,missense,possibly_wt_like,253
urn:mavedb:00000013-a-1#2090,p.Leu23His,0.587617643356906,0.248271722266575,8.0,0.0877773091957791,0.4155772786733421,0.7596580080404691,0.0,2.0,missense,possibly_low,23
urn:mavedb:00000013-a-1#2091,p.Ile253Pro,0.3616073314679629,0.124964918060081,8.0,0.0441817704853522,0.275012652543458,0.4482020103924689,0.0,1.0,missense,low,253
urn:mavedb:00000013-a-1#2092,p.Ile253Gln,0.3472820115125269,0.203814429500206,6.0,0.0832068924153265,0.184199499112988,0.5103645239120661,0.0,1.0,missense,low,253
urn:mavedb:00000013-a-1#2093,p.Ile253Arg,0.227770317242894,0.160070586242657,8.0,0.0565934985003445,0.116849098423097,0.33869153606269,0.0,1.0,missense,low,253
urn:mavedb:00000013-a-1#2094,p.Ile253Ser,0.293899248946893,0.119503911142789,8.0,0.0422510129736904,0.211088785208125,0.37670971268566,1.0,1.0,missense,low,253
urn:mavedb:00000013-a-1#2095,p.Ile253Val,0.9540609343108292,0.0651085113888123,8.0,0.0230193349579954,0.908943866845094,0.999178001776564,1.0,4.0,missense,wt_like,253
urn:mavedb:00000013-a-1#2096,p.Ile253Trp,0.29961558079616,0.2301794134843489,8.0,0.0813807120821627,0.140112316078898,0.459118845513422,0.0,1.0,missense,low,253
urn:mavedb:00000013-a-1#2097,p.Ile253Tyr,0.3490217790723269,0.14452108759764,8.0,0.0510959205323733,0.248875615071955,0.449167943072699,0.0,1.0,missense,low,253
urn:mavedb:00000013-a-1#2098,p.Lys254Ala,0.5001388817957759,0.107750974736228,3.0,0.0622100542694059,0.3782094159514589,0.622068347640094,0.0,1.0,missense,low,254
urn:mavedb:00000013-a-1#2099,p.Lys254Cys,0.8172603206718778,0.185153478521192,8.0,0.0654616401113063,0.6889578636847961,0.945562777658961,0.0,3.0,missense,possibly_wt_like,254
urn:mavedb:00000013-a-1#2100,p.Lys254Glu,0.134815612803424,0.106782108802672,5.0,0.0477544108127108,0.0412186875075802,0.228412538099267,1.0,1.0,missense,low,254
urn:mavedb:00000013-a-1#2101,p.Leu23Ile,1.31262379634751,0.490499370520028,2.0,0.346835431062445,0.632838842902697,1.99240874979233,1.0,3.0,missense,possibly_wt_like,23
urn:mavedb:00000013-a-1#2102,p.Lys254Gly,0.437035720283584,0.0846439455021697,8.0,0.0299261539254844,0.3783815363938329,0.495689904173335,0.0,1.0,missense,low,254
urn:mavedb:00000013-a-1#2103,p.Lys254His,0.870804916516528,0.120873397435564,6.0,0.0493463578656279,0.774087832331672,0.967522000701384,0.0,4.0,missense,wt_like,254
urn:mavedb:00000013-a-1#2104,p.Lys254=,0.560170840306278,0.492476950190452,3.0,0.2843316997621439,0.0028909491094207,1.11745073150313,0.0,2.0,synonymous,possibly_low,254
urn:mavedb:00000013-a-1#2105,p.Lys254Leu,0.654862839867561,0.117671667018848,8.0,0.0416032168512763,0.5733220331980501,0.7364036465370729,0.0,2.0,missense,possibly_low,254
urn:mavedb:00000013-a-1#2106,p.Lys254Met,0.5994530170497819,0.4112891080341229,5.0,0.183934080793911,0.2389488431642369,0.9599571909353268,0.0,2.0,missense,possibly_low,254
urn:mavedb:00000013-a-1#2107,p.Lys254Asn,0.696943358129794,0.104564192322134,6.0,0.0426881527592458,0.613276116155128,0.7806106001044599,1.0,2.0,missense,possibly_low,254
urn:mavedb:00000013-a-1#2108,p.Lys254Pro,0.2980240790558269,0.180134893954022,6.0,0.0735397625096186,0.153888793105346,0.442159365006308,0.0,1.0,missense,low,254
urn:mavedb:00000013-a-1#2109,p.Lys254Gln,0.8191613366734479,0.3137236735309289,3.0,0.18112844736424,0.464156103263879,1.17416657008302,1.0,3.0,missense,possibly_wt_like,254
urn:mavedb:00000013-a-1#2110,p.Lys254Arg,0.8083548667283951,0.215141645613358,7.0,0.0813158987065908,0.648978633892969,0.96773109956382,1.0,3.0,missense,possibly_wt_like,254
urn:mavedb:00000013-a-1#2111,p.Lys254Ser,0.526591354269105,0.214756808976912,8.0,0.0759279979667792,0.377775212835988,0.675407495702223,0.0,1.0,missense,low,254
urn:mavedb:00000013-a-1#2112,p.Lys6Ile,0.400210846470524,0.143206620552019,2.0,0.101262372503142,0.2017402433752869,0.598681449565761,1.0,1.0,missense,low,6
urn:mavedb:00000013-a-1#2113,p.Leu23=,0.9033540606635808,0.163171995933665,6.0,0.0666146883914953,0.7727916705748922,1.03391645075227,0.0,4.0,synonymous,wt_like,23
urn:mavedb:00000013-a-1#2114,p.Lys254Thr,0.282426270479663,0.239555132758546,8.0,0.0846955294208058,0.116426083163332,0.4484264577959951,1.0,1.0,missense,low,254
urn:mavedb:00000013-a-1#2115,p.Lys254Val,0.337975375715033,0.179693773719351,8.0,0.0635313429669772,0.213456231610296,0.462494519819771,0.0,1.0,missense,low,254
urn:mavedb:00000013-a-1#2116,p.Val255Ala,0.187201879318678,0.311004797460544,4.0,0.155502398730272,-0.117577221702242,0.491980980339598,1.0,1.0,missense,low,255
urn:mavedb:00000013-a-1#2117,p.Val255Asp,0.3483734315122751,0.0548859346125432,4.0,0.0274429673062716,0.2945862039630721,0.402160659061477,0.0,1.0,missense,low,255
urn:mavedb:00000013-a-1#2118,p.Val255Glu,0.31129551317858,0.190357388861605,8.0,0.0673015002565027,0.179386996570322,0.443204029786839,1.0,1.0,missense,low,255
urn:mavedb:00000013-a-1#2119,p.Val255Gly,0.291130994203838,0.1236694920750369,8.0,0.0437237682360775,0.20543398319275,0.376828005214926,1.0,1.0,missense,low,255
urn:mavedb:00000013-a-1#2120,p.Val255Lys,0.35374960173093,0.126135190857036,6.0,0.0514944760347179,0.252822283300122,0.4546769201617379,0.0,1.0,missense,low,255
urn:mavedb:00000013-a-1#2121,p.Val255Met,0.0314646336196578,0.103511902426994,3.0,0.0597626247305553,-0.0856679584738133,0.148597225713129,0.0,1.0,missense,low,255
urn:mavedb:00000013-a-1#2122,p.Val255Gln,0.235025654729581,0.26984394455404,2.0,0.190808483056288,-0.138952100005465,0.609003409464627,0.0,1.0,missense,low,255
urn:mavedb:00000013-a-1#2123,p.Val255Arg,0.2796870976804589,0.239507725255191,7.0,0.0905254111577172,0.102260552125653,0.457113643235264,0.0,1.0,missense,low,255
urn:mavedb:00000013-a-1#2124,p.Leu23Met,0.8608499769840379,0.15717933981265,6.0,0.0641681967747531,0.7350826223526421,0.986617331615433,0.0,4.0,missense,wt_like,23
urn:mavedb:00000013-a-1#2125,p.Val255Ser,0.2783129289975499,0.108300285021705,2.0,0.0765798659432833,0.12821914980781,0.428406708187291,0.0,1.0,missense,low,255
urn:mavedb:00000013-a-1#2126,p.Val255Thr,0.3422126065316389,0.0216563253035391,4.0,0.0108281626517696,0.3209897977154289,0.3634354153478489,0.0,1.0,missense,low,255
urn:mavedb:00000013-a-1#2127,p.Val255=,1.05748999174721,0.0972987659800069,4.0,0.0486493829900035,0.962138953216711,1.15284103027772,0.0,4.0,synonymous,wt_like,255
urn:mavedb:00000013-a-1#2128,p.Glu256Ala,0.7281742316630441,0.202578017444413,7.0,0.0765672936066315,0.578105093800343,0.878243369525746,1.0,3.0,missense,possibly_wt_like,256
urn:mavedb:00000013-a-1#2129,p.Glu256Cys,0.634422888033833,0.251294931901552,4.0,0.125647465950776,0.3881583800215889,0.880687396046077,0.0,2.0,missense,possibly_low,256
urn:mavedb:00000013-a-1#2130,p.Glu256Asp,0.525198520776285,0.281604648146878,3.0,0.16258451941265,0.206538718283738,0.8438583232688319,1.0,2.0,missense,possibly_low,256
urn:mavedb:00000013-a-1#2131,p.Glu256Phe,0.262549594755091,0.235364146025336,4.0,0.117682073012668,0.0318969700242479,0.493202219485933,0.0,1.0,missense,low,256
urn:mavedb:00000013-a-1#2132,p.Glu256Gly,0.395802347140905,0.0949566473684066,8.0,0.03357224463647,0.330001956773256,0.461602737508554,1.0,1.0,missense,low,256
urn:mavedb:00000013-a-1#2133,p.Glu256His,0.487164389166154,0.111201011286913,5.0,0.0497306040808516,0.389694196238264,0.584634582094044,0.0,1.0,missense,low,256
urn:mavedb:00000013-a-1#2134,p.Glu256Ile,1.03422870682887,0.129123111707253,3.0,0.0745492633027848,0.8881148356814209,1.18034257797632,0.0,4.0,missense,wt_like,256
urn:mavedb:00000013-a-1#2135,p.Leu23Asn,0.688573747533759,0.1728994551171359,3.0,0.0998235469546182,0.492923190693664,0.884224304373853,0.0,2.0,missense,possibly_low,23
urn:mavedb:00000013-a-1#2136,p.Glu256Lys,0.469713884265199,0.1615895827492169,4.0,0.0807947913746084,0.311359003032539,0.6280687654978591,1.0,1.0,missense,low,256
urn:mavedb:00000013-a-1#2137,p.Glu256Leu,0.603320260435319,0.159748418463243,8.0,0.0564795949895927,0.492622288394309,0.71401823247633,0.0,2.0,missense,possibly_low,256
urn:mavedb:00000013-a-1#2138,p.Glu256Met,0.7635076886770881,0.454031318905375,4.0,0.2270156594526869,0.318565172223211,1.2084502051309598,0.0,3.0,missense,possibly_wt_like,256
urn:mavedb:00000013-a-1#2139,p.Glu256Arg,0.385182568020341,0.11617760254161,7.0,0.0439110063201153,0.299118577108005,0.471246558932678,0.0,1.0,missense,low,256
urn:mavedb:00000013-a-1#2140,p.Glu256Ser,0.9019365634601008,0.0933935817824997,5.0,0.0417668795055711,0.820074983882557,0.983798143037644,0.0,4.0,missense,wt_like,256
urn:mavedb:00000013-a-1#2141,p.Glu256Thr,0.928782271684407,0.137510469663933,7.0,0.0519740721997796,0.826914962042955,1.03064958132586,0.0,4.0,missense,wt_like,256
urn:mavedb:00000013-a-1#2142,p.Glu256Val,0.918055636316783,0.0834111402278536,8.0,0.0294902914408086,0.860255727199208,0.975855545434357,1.0,4.0,missense,wt_like,256
urn:mavedb:00000013-a-1#2143,p.Glu256Tyr,0.430960694335273,0.217547566072386,6.0,0.0888134219436258,0.2568895859820069,0.605031802688539,0.0,1.0,missense,low,256
urn:mavedb:00000013-a-1#2144,p.Phe257Ala,0.421134717897682,0.107550952075178,8.0,0.0380250037677138,0.346607080000964,0.495662355794401,0.0,1.0,missense,low,257
urn:mavedb:00000013-a-1#2145,p.Phe257Cys,0.6295939013233101,0.0975554594593865,8.0,0.0344910634627508,0.561992659147833,0.697195143498787,1.0,1.0,missense,low,257
urn:mavedb:00000013-a-1#2146,p.Leu23Pro,0.74321358433568,0.3684443300076661,6.0,0.150416767856733,0.448402136665561,1.0380250320058,0.0,3.0,missense,possibly_wt_like,23
urn:mavedb:00000013-a-1#2147,p.Phe257Asp,0.205878291944731,0.122002381017331,2.0,0.0862687109382595,0.0367947255130454,0.3749618583764161,0.0,1.0,missense,low,257
urn:mavedb:00000013-a-1#2148,p.Phe257Glu,0.285831460077904,0.157558319419856,8.0,0.0557052780470681,0.176651121356861,0.395011798798947,0.0,1.0,missense,low,257
urn:mavedb:00000013-a-1#2149,p.Phe257=,1.02724964845188,0.275984165029362,3.0,0.159339531971776,0.714949904473729,1.33954939243003,0.0,4.0,synonymous,wt_like,257
urn:mavedb:00000013-a-1#2150,p.Phe257Gly,0.325921057528058,0.14444520034131,8.0,0.0510690903355949,0.22582747974707,0.426014635309047,0.0,1.0,missense,low,257
urn:mavedb:00000013-a-1#2151,p.Phe257His,0.467073860855628,0.211151998562292,2.0,0.149307010044489,0.174437498529069,0.7597102231821858,0.0,2.0,missense,possibly_low,257
urn:mavedb:00000013-a-1#2152,p.Phe257Ile,0.4753701407605971,0.121736008243257,5.0,0.0544419979482794,0.3686657855355661,0.5820744959856279,1.0,1.0,missense,low,257
urn:mavedb:00000013-a-1#2153,p.Phe257Lys,0.720518958726135,0.4489974842118449,4.0,0.224498742105922,0.280509509623982,1.16052840782829,0.0,3.0,missense,possibly_wt_like,257
urn:mavedb:00000013-a-1#2154,p.Phe257Leu,0.362052464877019,0.40590326382622,8.0,0.1435084751786359,0.0807810220506311,0.643323907703406,1.0,1.0,missense,low,257
urn:mavedb:00000013-a-1#2155,p.Phe257Met,0.6794428673127321,0.164773576946115,7.0,0.0622785581762837,0.5573791362781341,0.80150659834733,0.0,2.0,missense,possibly_low,257
urn:mavedb:00000013-a-1#2156,p.Phe257Asn,0.199879324870213,0.0556752914924886,2.0,0.0393683761588764,0.12271872546899,0.277039924271436,0.0,1.0,missense,low,257
urn:mavedb:00000013-a-1#2157,p.Leu23Gln,0.561107598223781,0.20856772188544,6.0,0.0851474159056733,0.394221729672008,0.7279934667755529,0.0,2.0,missense,possibly_low,23
urn:mavedb:00000013-a-1#2158,p.Phe257Pro,0.402178066714754,0.268997569339545,7.0,0.101671524536184,0.202905540370552,0.6014505930589549,0.0,1.0,missense,low,257
urn:mavedb:00000013-a-1#2159,p.Phe257Gln,0.4522457061409961,0.169085260380535,5.0,0.0756172272408257,0.304038664138197,0.600452748143796,0.0,1.0,missense,low,257
urn:mavedb:00000013-a-1#2160,p.Phe257Arg,0.261217396511832,0.153130620131536,8.0,0.0541398499511552,0.155105240479165,0.3673295525444989,0.0,1.0,missense,low,257
urn:mavedb:00000013-a-1#2161,p.Phe257Ser,0.406465361119899,0.147656624367878,8.0,0.0522045001888208,0.304146420918896,0.508784301320902,1.0,1.0,missense,low,257
urn:mavedb:00000013-a-1#2162,p.Phe257Thr,0.1592415746272819,0.211759994804472,7.0,0.0800377548407089,0.0023704577360457,0.3161126915185169,0.0,1.0,missense,low,257
urn:mavedb:00000013-a-1#2163,p.Phe257Val,0.5818561286923729,0.1908305638527769,8.0,0.0674687928789754,0.449619724569188,0.714092532815557,1.0,2.0,missense,possibly_low,257
urn:mavedb:00000013-a-1#2164,p.Phe257Trp,0.450266468070201,0.144987897787184,4.0,0.0724939488935919,0.308180939141673,0.592351996998728,0.0,1.0,missense,low,257
urn:mavedb:00000013-a-1#2165,p.Phe257Ter,0.219522765404945,0.3777053077061261,7.0,0.1427591875799339,-0.0602801007139233,0.499325631523813,0.0,1.0,nonsense,low,257
urn:mavedb:00000013-a-1#2166,p.Phe258Ala,0.4860865704709589,0.0468916740854457,5.0,0.0209705941667644,0.4449849611696951,0.527188179772222,0.0,1.0,missense,low,258
urn:mavedb:00000013-a-1#2167,p.Phe258Glu,0.402545021376472,0.153111461764207,4.0,0.0765557308821034,0.252498546037409,0.5525914967155361,0.0,1.0,missense,low,258
urn:mavedb:00000013-a-1#2168,p.Leu23Arg,0.582188246847121,0.127674732595917,5.0,0.0570978762187158,0.470278465864712,0.6940980278295301,0.0,1.0,missense,low,23
urn:mavedb:00000013-a-1#2169,p.Phe258Gly,0.284681249629412,0.236290542974232,6.0,0.096465210222008,0.0956129118331915,0.473749587425633,0.0,1.0,missense,low,258
urn:mavedb:00000013-a-1#2170,p.Phe258Pro,0.342437621820247,0.166471414287518,7.0,0.0629202803722824,0.219116138393411,0.4657591052470829,0.0,1.0,missense,low,258
urn:mavedb:00000013-a-1#2171,p.Phe258Gln,0.349482496823704,0.250861667521618,6.0,0.102413846908615,0.148755045364621,0.5502099482827879,0.0,1.0,missense,low,258
urn:mavedb:00000013-a-1#2172,p.Phe258Arg,0.3834776599614989,0.17525669902252,8.0,0.0619626001635969,0.262033195252394,0.504922124670605,0.0,1.0,missense,low,258
urn:mavedb:00000013-a-1#2173,p.Phe258Val,0.398781015318756,0.176000443101428,8.0,0.0622255534044284,0.276821171728002,0.5207408589095089,1.0,1.0,missense,low,258
urn:mavedb:00000013-a-1#2174,p.Phe258Trp,1.05479126330025,0.2022890603886389,5.0,0.0904664180267111,0.877480342157556,1.2321021844429498,0.0,4.0,missense,wt_like,258
urn:mavedb:00000013-a-1#2175,p.Phe258Ter,0.0236315852346748,0.0314427280040281,5.0,0.0140616154430086,-0.0039286745980743,0.051191845067424,0.0,1.0,nonsense,low,258
urn:mavedb:00000013-a-1#2176,p.His259Ala,0.7289523130106391,0.113471461057806,5.0,0.0507459800862948,0.629492019681314,0.828412606339963,0.0,3.0,missense,possibly_wt_like,259
urn:mavedb:00000013-a-1#2177,p.His259Asp,1.07886562862613,0.0489450956708354,3.0,0.0282584641610688,1.02348005661202,1.13425120064024,1.0,4.0,missense,wt_like,259
urn:mavedb:00000013-a-1#2178,p.His259Glu,0.908526324037022,0.235670830031498,8.0,0.0833222210215673,0.7452177717228641,1.07183487635118,0.0,4.0,missense,wt_like,259
urn:mavedb:00000013-a-1#2179,p.Leu23Ser,0.682710016994181,0.478205415751675,6.0,0.195226543471182,0.30007302296442,1.06534701102394,1.0,2.0,missense,possibly_low,23
urn:mavedb:00000013-a-1#2180,p.His259Phe,0.440107458904714,0.194079040913243,8.0,0.0686173029579677,0.305620016390824,0.574594901418605,0.0,1.0,missense,low,259
urn:mavedb:00000013-a-1#2181,p.His259Gly,0.4756923985175461,0.0805888628485363,8.0,0.0284924657041563,0.419848191906657,0.5315366051284349,0.0,1.0,missense,low,259
urn:mavedb:00000013-a-1#2182,p.His259Lys,0.401176043510768,0.204823588046859,8.0,0.0724160740274468,0.259243146515186,0.54310894050635,0.0,1.0,missense,low,259
urn:mavedb:00000013-a-1#2183,p.His259Leu,0.5479620921702759,0.0725752761324898,8.0,0.0256592349498849,0.49767091579765,0.598253268542902,1.0,1.0,missense,low,259
urn:mavedb:00000013-a-1#2184,p.His259Asn,1.26657560297571,0.21945153420677,2.0,0.155175667979399,0.962436882459141,1.57071432349227,1.0,4.0,missense,wt_like,259
urn:mavedb:00000013-a-1#2185,p.His259Pro,0.449504173434771,0.095914709944869,8.0,0.0339109709087788,0.383039891772779,0.5159684550967629,1.0,1.0,missense,low,259
urn:mavedb:00000013-a-1#2186,p.His259Gln,0.354330386747841,0.565052224908962,4.0,0.282526112454481,-0.199410618355055,0.908071391850737,1.0,2.0,missense,possibly_low,259
urn:mavedb:00000013-a-1#2187,p.His259Arg,0.428158948993368,0.229589754832309,6.0,0.0937296249183076,0.244452259869037,0.611865638117699,1.0,1.0,missense,low,259
urn:mavedb:00000013-a-1#2188,p.His259Ser,0.732249523304832,0.108854541065555,8.0,0.0384858920752018,0.6568185609245409,0.807680485685123,0.0,3.0,missense,possibly_wt_like,259
urn:mavedb:00000013-a-1#2189,p.His259Thr,0.8429739776923442,0.161449109181644,7.0,0.0610220274696493,0.723373001588218,0.962574953796471,0.0,4.0,missense,wt_like,259
urn:mavedb:00000013-a-1#2190,p.Leu23Thr,0.695732008606155,0.126998939056437,4.0,0.0634994695282184,0.571275335293449,0.820188681918862,0.0,2.0,missense,possibly_low,23
urn:mavedb:00000013-a-1#2191,p.His259Val,0.5727223645552789,0.0863706929340008,8.0,0.0305366513347065,0.5128716277307971,0.63257310137976,0.0,1.0,missense,low,259
urn:mavedb:00000013-a-1#2192,p.His259Trp,0.8401367761798709,0.168809433025283,6.0,0.0689161624467458,0.7050635798315379,0.975209972528205,0.0,3.0,missense,possibly_wt_like,259
urn:mavedb:00000013-a-1#2193,p.Lys260Ala,1.17661077845249,0.120534306968053,8.0,0.0426153129113656,1.09308629995631,1.26013525694867,0.0,4.0,missense,wt_like,260
urn:mavedb:00000013-a-1#2194,p.Lys260Cys,1.04552816391689,0.4599139164397581,4.0,0.229956958219879,0.594820807811541,1.49623552002223,0.0,3.0,missense,possibly_wt_like,260
urn:mavedb:00000013-a-1#2195,p.Lys260Glu,0.7363912593560359,0.52486375900334,4.0,0.26243187950167,0.222034227137607,1.25074829157446,1.0,3.0,missense,possibly_wt_like,260
urn:mavedb:00000013-a-1#2196,p.Lys260Gly,1.02601563160508,0.0715792021903748,8.0,0.0253070696303685,0.97641468657531,1.07561657663485,0.0,4.0,missense,wt_like,260
urn:mavedb:00000013-a-1#2197,p.Lys260Ile,1.14373773637988,0.108590842866589,4.0,0.0542954214332945,1.0373206658452,1.25015480691456,1.0,4.0,missense,wt_like,260
urn:mavedb:00000013-a-1#2198,p.Lys260Leu,1.13086956201517,0.1049604000348609,8.0,0.0371091053103514,1.05813705210838,1.20360207192196,0.0,4.0,missense,wt_like,260
urn:mavedb:00000013-a-1#2199,p.Lys260Met,0.6236688694787521,0.4346149158185609,4.0,0.21730745790928,0.1977540784046089,1.04958366055289,0.0,2.0,missense,possibly_low,260
urn:mavedb:00000013-a-1#2200,p.Lys260Pro,0.6709226003189921,0.318231555009868,7.0,0.1202802219842119,0.435177697177454,0.906667503460529,0.0,2.0,missense,possibly_low,260
urn:mavedb:00000013-a-1#2201,p.Leu23Val,0.693521502434849,0.186534026201343,7.0,0.0705032349114798,0.555337701214781,0.8317053036549158,1.0,2.0,missense,possibly_low,23
urn:mavedb:00000013-a-1#2202,p.Lys260Gln,0.961522954004836,0.249121551774035,6.0,0.101703447629454,0.7621878595475501,1.16085804846212,1.0,4.0,missense,wt_like,260
urn:mavedb:00000013-a-1#2203,p.Lys260Arg,0.991134131752122,0.128712364426894,3.0,0.0743121182499004,0.845485056367435,1.13678320713681,1.0,4.0,missense,wt_like,260
urn:mavedb:00000013-a-1#2204,p.Lys260Ser,0.7668578931019799,0.325033728492614,8.0,0.114916776765737,0.541625149421706,0.992090636782254,0.0,3.0,missense,possibly_wt_like,260
urn:mavedb:00000013-a-1#2205,p.Lys260Thr,0.941980284003422,0.274374830769955,8.0,0.0970061517121734,0.751851720368734,1.13210884763811,1.0,4.0,missense,wt_like,260
urn:mavedb:00000013-a-1#2206,p.Lys260Val,1.01804113695623,0.0983111769726911,8.0,0.0347582499519103,0.949916218884848,1.08616605502762,0.0,4.0,missense,wt_like,260
urn:mavedb:00000013-a-1#2207,p.Lys260Tyr,1.2543040253296698,0.281779036393306,3.0,0.162685202513669,0.93544688758527,1.57316116307406,0.0,4.0,missense,wt_like,260
urn:mavedb:00000013-a-1#2208,p.Gln261Ala,1.18225496211113,0.4209846722110979,4.0,0.2104923361055489,0.769697564322557,1.59481235989971,0.0,4.0,missense,wt_like,261
urn:mavedb:00000013-a-1#2209,p.Gln261Gly,0.920866975113668,0.150443934390951,5.0,0.0672805728201372,0.7889994755269749,1.05273447470036,0.0,4.0,missense,wt_like,261
urn:mavedb:00000013-a-1#2210,p.Gln261Met,0.441974501098262,0.124392073139974,2.0,0.0879584784431289,0.269579051214787,0.6143699509817379,0.0,1.0,missense,low,261
urn:mavedb:00000013-a-1#2211,p.Gln261Ser,0.8036749540194928,0.108995101943426,6.0,0.044497064037338,0.716462311088538,0.8908875969504481,0.0,4.0,missense,wt_like,261
urn:mavedb:00000013-a-1#2212,p.Leu23Trp,0.8655819819084929,0.338832122685856,3.0,0.195624817242771,0.482164385630432,1.24899957818655,0.0,3.0,missense,possibly_wt_like,23
urn:mavedb:00000013-a-1#2213,p.Gln261Thr,1.01209296108401,0.171203127965943,2.0,0.121058892745067,0.7748218912953779,1.24936403087263,0.0,4.0,missense,wt_like,261
urn:mavedb:00000013-a-1#2214,p.Gln261Val,1.08492424449094,0.13592206674153,5.0,0.060786196175265,0.965785489230232,1.20406299975164,0.0,4.0,missense,wt_like,261
urn:mavedb:00000013-a-1#2215,p.Asn262Ala,1.12873797555387,0.0889876554320036,7.0,0.0336341722896839,1.06281620921628,1.19465974189147,0.0,4.0,missense,wt_like,262
urn:mavedb:00000013-a-1#2216,p.Asn262Cys,0.985298393653502,0.0226732717103544,4.0,0.0113366358551772,0.963078995671509,1.00751779163549,0.0,4.0,missense,wt_like,262
urn:mavedb:00000013-a-1#2217,p.Asn262Asp,1.22105672264557,0.186113531877365,8.0,0.0658010702305316,1.09208899484954,1.3500244504416,1.0,4.0,missense,wt_like,262
urn:mavedb:00000013-a-1#2218,p.Asn262Glu,0.8452364795590891,0.334525322858596,8.0,0.118272562135966,0.61342651741332,1.07704644170486,0.0,3.0,missense,possibly_wt_like,262
urn:mavedb:00000013-a-1#2219,p.Asn262Phe,0.812229771051981,0.0108539330788559,2.0,0.007674889682604,0.797187263688759,0.8272722784152029,0.0,4.0,missense,wt_like,262
urn:mavedb:00000013-a-1#2220,p.Asn262Gly,1.02616459247071,0.114560252152913,8.0,0.0405031655758829,0.946779846682112,1.1055493382593,0.0,4.0,missense,wt_like,262
urn:mavedb:00000013-a-1#2221,p.Asn262His,1.02304197426818,0.191984134373033,2.0,0.135753283295401,0.75697042822613,1.28911352031023,1.0,4.0,missense,wt_like,262
urn:mavedb:00000013-a-1#2222,p.Asn262Lys,1.16596249069545,0.100468414946361,3.0,0.0580054664143364,1.0522738656169,1.27965111577399,1.0,4.0,missense,wt_like,262
urn:mavedb:00000013-a-1#2223,p.Thr2Asp,1.1906666666722,0.0899404447893619,3.0,0.0519271400101728,1.0888913424320898,1.29244199091231,0.0,4.0,missense,wt_like,2
urn:mavedb:00000013-a-1#2224,p.Lys6Thr,0.751407782883633,0.777392681721735,3.0,0.4488278740580889,-0.1282786855279,1.6310942512951698,1.0,3.0,missense,possibly_wt_like,6
urn:mavedb:00000013-a-1#2225,p.Leu23Tyr,0.7098380412066441,0.134549037444923,8.0,0.047570268389714,0.6166020284279,0.8030740539853871,0.0,3.0,missense,possibly_wt_like,23
urn:mavedb:00000013-a-1#2226,p.Asn262Leu,0.8926359080276001,0.0940734467287401,8.0,0.0332599860557418,0.8274475332320409,0.957824282823158,0.0,4.0,missense,wt_like,262
urn:mavedb:00000013-a-1#2227,p.Asn262=,1.06025621060195,0.215830369380998,8.0,0.0763075588876504,0.910696143433981,1.20981627776991,0.0,4.0,synonymous,wt_like,262
urn:mavedb:00000013-a-1#2228,p.Asn262Pro,0.9101326880982328,0.353529705593029,8.0,0.124991626087857,0.665153602596935,1.15511177359953,0.0,3.0,missense,possibly_wt_like,262
urn:mavedb:00000013-a-1#2229,p.Asn262Arg,0.9897975049280828,0.0947990756648158,8.0,0.0335165346264039,0.924106304173742,1.05548870568242,0.0,4.0,missense,wt_like,262
urn:mavedb:00000013-a-1#2230,p.Asn262Ser,0.832972362910055,0.055581850310487,3.0,0.0320901962388172,0.7700767340251509,0.8958679917949591,1.0,4.0,missense,wt_like,262
urn:mavedb:00000013-a-1#2231,p.Asn262Thr,0.763468409039009,0.358541983720544,6.0,0.1463741519134339,0.4765803430210829,1.05035647505693,1.0,3.0,missense,possibly_wt_like,262
urn:mavedb:00000013-a-1#2232,p.Asn262Val,0.7926118806316659,0.333852454297145,8.0,0.118034667174642,0.561268184042196,1.02395557722114,0.0,3.0,missense,possibly_wt_like,262
urn:mavedb:00000013-a-1#2233,p.Asn262Trp,0.262597861182025,0.257957813449822,2.0,0.182403719150424,-0.0949068589989646,0.620102581363015,0.0,1.0,missense,low,262
urn:mavedb:00000013-a-1#2234,p.Asn262Tyr,0.7158672889844551,0.241881029936338,3.0,0.139650077745609,0.442158166164843,0.9895764118040672,1.0,3.0,missense,possibly_wt_like,262
urn:mavedb:00000013-a-1#2235,p.Lys263Ala,0.984114610141578,0.308945412947108,8.0,0.109228698255689,0.770030295482235,1.19819892480092,0.0,4.0,missense,wt_like,263
urn:mavedb:00000013-a-1#2236,p.Asp24Glu,0.82740114356139,0.187980972222724,7.0,0.0710501291019241,0.688145449424698,0.9666568376980832,1.0,3.0,missense,possibly_wt_like,24
urn:mavedb:00000013-a-1#2237,p.Lys263Cys,0.990430290650827,0.0957005215467322,4.0,0.0478502607733661,0.8966455028841801,1.08421507841747,0.0,4.0,missense,wt_like,263
urn:mavedb:00000013-a-1#2238,p.Lys263Asp,1.04676508707527,0.242223443521219,8.0,0.0856389197381053,0.878915888713665,1.2146142854368702,0.0,4.0,missense,wt_like,263
urn:mavedb:00000013-a-1#2239,p.Lys263Glu,1.15933834724724,0.1469005592417699,8.0,0.0519371907999759,1.0575433238211,1.2611333706733798,1.0,4.0,missense,wt_like,263
urn:mavedb:00000013-a-1#2240,p.Lys263Phe,1.11282242800673,0.126656510279332,3.0,0.0731251703043907,0.969499727846763,1.2561451281666898,0.0,4.0,missense,wt_like,263
urn:mavedb:00000013-a-1#2241,p.Lys263Gly,0.8963541278534269,0.137278331752458,8.0,0.0485352196460696,0.801226845365389,0.991481410341464,0.0,4.0,missense,wt_like,263
urn:mavedb:00000013-a-1#2242,p.Lys263His,0.908960904885556,0.4148394880343471,6.0,0.169357511806926,0.5770262812326639,1.24089552853845,0.0,3.0,missense,possibly_wt_like,263
urn:mavedb:00000013-a-1#2243,p.Lys263Ile,1.003535440656,0.24049743254427,2.0,0.170057365410008,0.6702291291466129,1.33684175216538,0.0,3.0,missense,possibly_wt_like,263
urn:mavedb:00000013-a-1#2244,p.Lys263Leu,0.8860905820810979,0.194781702534195,8.0,0.068865731356495,0.7511162288533569,1.02106493530884,0.0,4.0,missense,wt_like,263
urn:mavedb:00000013-a-1#2245,p.Lys263Met,0.891095392787262,0.211728377603518,7.0,0.0800258046620125,0.7342476978158801,1.04794308775864,1.0,4.0,missense,wt_like,263
urn:mavedb:00000013-a-1#2246,p.Lys263Asn,1.05967681316426,0.124213635793928,8.0,0.0439161520928611,0.973602736722668,1.14575088960585,1.0,4.0,missense,wt_like,263
urn:mavedb:00000013-a-1#2247,p.Asp24Gly,0.874868539085298,0.0699625756048169,8.0,0.0247355058197213,0.826387838539263,0.923349239631332,1.0,4.0,missense,wt_like,24
urn:mavedb:00000013-a-1#2248,p.Lys263Pro,0.995005701524312,0.129078337180182,6.0,0.0526960104897275,0.8917234188355021,1.09828798421312,0.0,4.0,missense,wt_like,263
urn:mavedb:00000013-a-1#2249,p.Lys263Gln,0.7690068695180658,0.427831933083914,8.0,0.151261430545892,0.47253991339811,1.06547382563802,1.0,3.0,missense,possibly_wt_like,263
urn:mavedb:00000013-a-1#2250,p.Lys263Arg,0.959865431312878,0.163798775290564,8.0,0.0579116123790048,0.846360756763385,1.07337010586237,1.0,4.0,missense,wt_like,263
urn:mavedb:00000013-a-1#2251,p.Lys263Ser,1.060128258558,0.131729465255444,8.0,0.0465733990821011,0.96884607371947,1.15141044339653,0.0,4.0,missense,wt_like,263
urn:mavedb:00000013-a-1#2252,p.Lys263Thr,1.26406608568233,0.0852862608276473,3.0,0.0492400456470188,1.16755736961706,1.36057480174759,1.0,4.0,missense,wt_like,263
urn:mavedb:00000013-a-1#2253,p.Lys263Val,1.03356239697528,0.139914136679159,8.0,0.0494671174148475,0.936608628423164,1.13051616552739,0.0,4.0,missense,wt_like,263
urn:mavedb:00000013-a-1#2254,p.Lys263Trp,0.606972659652478,0.336808622195437,6.0,0.1375015442247759,0.337474585153275,0.8764707341516809,0.0,2.0,missense,possibly_low,263
urn:mavedb:00000013-a-1#2255,p.Lys263Ter,0.0640347855273919,0.10760707370833,3.0,0.0621269729722124,-0.0577318439666377,0.185801415021422,1.0,1.0,nonsense,low,263
urn:mavedb:00000013-a-1#2256,p.Lys263Tyr,0.678077364755549,0.432309695920964,5.0,0.193334773482308,0.299148171771016,1.05700655774008,0.0,2.0,missense,possibly_low,263
urn:mavedb:00000013-a-1#2257,p.Met264Glu,-0.0709028825701919,0.029544123310507,3.0,0.0170573075462927,-0.104334591034149,-0.0374711741062349,0.0,1.0,missense,low,264
urn:mavedb:00000013-a-1#2258,p.Asp24Ile,0.379687125124571,0.268985729189893,2.0,0.190201633152582,0.0068987743448117,0.752475475904331,0.0,2.0,missense,possibly_low,24
urn:mavedb:00000013-a-1#2259,p.Met264Gly,0.956288974907078,0.410468564087165,3.0,0.236984135969604,0.4918086034993111,1.42076934631485,0.0,3.0,missense,possibly_wt_like,264
urn:mavedb:00000013-a-1#2260,p.Met264Leu,1.06125575703506,0.0324003341596699,3.0,0.0187063416489193,1.0245920011206802,1.09791951294944,1.0,4.0,missense,wt_like,264
urn:mavedb:00000013-a-1#2261,p.Leu265Ala,1.05466822190157,0.259472013452041,7.0,0.0980712028250439,0.862452196443958,1.24688424735918,0.0,4.0,missense,wt_like,265
urn:mavedb:00000013-a-1#2262,p.Leu265Cys,0.446309728345211,0.5974387895970911,2.0,0.422453019467986,-0.38168297497224,1.27430243166266,0.0,2.0,missense,possibly_low,265
urn:mavedb:00000013-a-1#2263,p.Leu265Asp,1.15892585272089,0.0853137159819483,8.0,0.0301629535495294,1.09980755009646,1.21804415534532,0.0,4.0,missense,wt_like,265
urn:mavedb:00000013-a-1#2264,p.Leu265Glu,1.14141280963632,0.202985658054736,3.0,0.117193824319535,0.911717134759521,1.3711084845131298,0.0,4.0,missense,wt_like,265
urn:mavedb:00000013-a-1#2265,p.Leu265Phe,0.8178918989674309,0.1700656018164559,6.0,0.069428991208276,0.6818135767162621,0.9539702212186,0.0,3.0,missense,possibly_wt_like,265
urn:mavedb:00000013-a-1#2266,p.Leu265Gly,1.05613607561133,0.145741502491458,7.0,0.0550851101847569,0.9481712435647828,1.16410090765787,0.0,4.0,missense,wt_like,265
urn:mavedb:00000013-a-1#2267,p.Leu265His,1.00389513445706,0.173319861450204,3.0,0.100066268664184,0.8077688518079549,1.2000214171061698,0.0,4.0,missense,wt_like,265
urn:mavedb:00000013-a-1#2268,p.Leu265Ile,1.19232392607216,0.192349537196653,5.0,0.0860213281224682,1.0237252210498198,1.3609226310945002,1.0,4.0,missense,wt_like,265
urn:mavedb:00000013-a-1#2269,p.Asp24Leu,0.475743791732349,0.152484638443789,6.0,0.0622515929666772,0.353732911537415,0.5977546719272829,0.0,1.0,missense,low,24
urn:mavedb:00000013-a-1#2270,p.Leu265=,0.9479154717929268,0.179085738536895,8.0,0.0633163700666197,0.823817666830543,1.07201327675531,0.0,4.0,synonymous,wt_like,265
urn:mavedb:00000013-a-1#2271,p.Leu265Pro,1.10702183457747,0.122185649311027,2.0,0.0863983011915083,0.937684275916669,1.27635939323827,1.0,4.0,missense,wt_like,265
urn:mavedb:00000013-a-1#2272,p.Leu265Gln,1.22283046097088,0.24764869397797,6.0,0.101102155952115,1.02467387654538,1.4209870453963798,1.0,4.0,missense,wt_like,265
urn:mavedb:00000013-a-1#2273,p.Leu265Arg,0.600456134001058,0.453275368134614,4.0,0.226637684067307,0.15625443568957,1.0446578323125502,1.0,2.0,missense,possibly_low,265
urn:mavedb:00000013-a-1#2274,p.Leu265Thr,0.756732227970473,0.0271134975073664,2.0,0.0191721379491434,0.719155528083519,0.794308927857428,0.0,4.0,missense,wt_like,265
urn:mavedb:00000013-a-1#2275,p.Leu265Val,1.12011299632795,0.165334477336118,8.0,0.0584545650441512,1.00554415410946,1.23468183854644,1.0,4.0,missense,wt_like,265
urn:mavedb:00000013-a-1#2276,p.Leu265Ter,0.381292394026943,0.4035232701503499,5.0,0.1804610925118389,0.0275951520929881,0.734989635960898,0.0,2.0,nonsense,possibly_low,265
urn:mavedb:00000013-a-1#2277,p.Leu265Tyr,1.09739399603388,0.162658699309548,4.0,0.0813293496547738,0.9379913998244592,1.2567965922433,0.0,4.0,missense,wt_like,265
urn:mavedb:00000013-a-1#2278,p.Lys266Leu,1.04538963744295,0.0792778726544258,2.0,0.0560579213519881,0.93551813054487,1.15526114434102,0.0,4.0,missense,wt_like,266
urn:mavedb:00000013-a-1#2279,p.Lys266Met,0.840356097507568,0.079682675343431,7.0,0.0301172203941452,0.781327430220588,0.899384764794548,0.0,4.0,missense,wt_like,266
urn:mavedb:00000013-a-1#2280,p.Asp24Met,0.4294364165431289,0.2962161427328089,4.0,0.148108071366405,0.1391499308452869,0.71972290224097,0.0,2.0,missense,possibly_low,24
urn:mavedb:00000013-a-1#2281,p.Asp268Gly,0.60960493311257,0.233867594645981,6.0,0.0954760457091173,0.4224753221364,0.79673454408874,1.0,2.0,missense,possibly_low,268
urn:mavedb:00000013-a-1#2282,p.Asp268Ser,0.83151809047764,0.162579425733174,5.0,0.0727077295364512,0.689013559188517,0.974022621766764,0.0,3.0,missense,possibly_wt_like,268
urn:mavedb:00000013-a-1#2283,p.Asp268Val,0.851249460903308,0.04354908025126,5.0,0.0194757407598822,0.8130777104417,0.8894212113649159,1.0,4.0,missense,wt_like,268
urn:mavedb:00000013-a-1#2284,p.Lys269Ala,0.566014611726533,0.170758581508802,8.0,0.0603722754653348,0.447687126149745,0.6843420973033201,0.0,1.0,missense,low,269
urn:mavedb:00000013-a-1#2285,p.Lys269Cys,0.579822842828124,0.108449384335131,6.0,0.0442742757566758,0.4930468569034439,0.666598828752803,0.0,1.0,missense,low,269
urn:mavedb:00000013-a-1#2286,p.Lys269Asp,0.585125059128305,0.201731069365035,7.0,0.0762471773221435,0.435683337654065,0.734566780602545,0.0,2.0,missense,possibly_low,269
urn:mavedb:00000013-a-1#2287,p.Lys269Glu,0.7232090826252321,0.322299732319818,6.0,0.131578314736527,0.465320324595164,0.9810978406552991,1.0,3.0,missense,possibly_wt_like,269
urn:mavedb:00000013-a-1#2288,p.Lys269Phe,0.326312307947398,0.267479115014992,6.0,0.109197891439657,0.112288373537955,0.540336242356841,0.0,1.0,missense,low,269
urn:mavedb:00000013-a-1#2289,p.Lys269Gly,0.346478958026658,0.1905532052267889,8.0,0.0673707317963473,0.21443475009371,0.478523165959606,0.0,1.0,missense,low,269
urn:mavedb:00000013-a-1#2290,p.Lys269Leu,0.563992668217195,0.259730542809151,7.0,0.0981689177372613,0.371585125050887,0.756400211383502,0.0,2.0,missense,possibly_low,269
urn:mavedb:00000013-a-1#2291,p.Asp24Asn,0.849291645696078,0.0584775170091303,4.0,0.0292387585045651,0.7919847320744658,0.90659855931769,1.0,4.0,missense,wt_like,24
urn:mavedb:00000013-a-1#2292,p.Lys269Met,0.363083426024738,0.0909212668555253,7.0,0.0343650087123799,0.295729246620068,0.430437605429408,0.0,1.0,missense,low,269
urn:mavedb:00000013-a-1#2293,p.Lys269Asn,0.622088317698567,0.0892861733668101,4.0,0.0446430866834051,0.5345894756403929,0.70958715975674,1.0,2.0,missense,possibly_low,269
urn:mavedb:00000013-a-1#2294,p.Lys269Pro,0.836731864307396,0.115651057356672,8.0,0.0408888234541484,0.7565912429670479,0.916872485647744,0.0,4.0,missense,wt_like,269
urn:mavedb:00000013-a-1#2295,p.Lys269Gln,0.482787149401241,0.14285278105597,8.0,0.0505060850980166,0.3837970416090129,0.581777257193468,1.0,1.0,missense,low,269
urn:mavedb:00000013-a-1#2296,p.Lys269Arg,0.7848861853342309,0.235943061622875,8.0,0.083418469423725,0.621388989618275,0.948383381050188,1.0,3.0,missense,possibly_wt_like,269
urn:mavedb:00000013-a-1#2297,p.Lys269Ser,0.7435211166338042,0.121035037743153,8.0,0.0427923479746767,0.6596496557895319,0.8273925774780759,0.0,3.0,missense,possibly_wt_like,269
urn:mavedb:00000013-a-1#2298,p.Lys269Thr,0.638772105640326,0.17648231463799,7.0,0.0667040450475965,0.5080345797239,0.7695096315567529,1.0,2.0,missense,possibly_low,269
urn:mavedb:00000013-a-1#2299,p.Lys269Val,0.561602348806791,0.182971248775828,8.0,0.0646901053857794,0.434812072094563,0.6883926255190199,0.0,1.0,missense,low,269
urn:mavedb:00000013-a-1#2300,p.Lys269Trp,0.372410969765534,0.29056973827792,7.0,0.109825038000643,0.15715785068353,0.587664088847537,0.0,1.0,missense,low,269
urn:mavedb:00000013-a-1#2301,p.Lys269Tyr,0.456193115523789,0.140807228158147,5.0,0.0629709067769879,0.332772406167063,0.579613824880514,0.0,1.0,missense,low,269
urn:mavedb:00000013-a-1#2302,p.Asp24Arg,0.673782955571218,0.158274686165983,6.0,0.064615370050967,0.547139157423595,0.800426753718841,0.0,2.0,missense,possibly_low,24
urn:mavedb:00000013-a-1#2303,p.Met270Ala,0.478232587939442,0.417067076790213,4.0,0.208533538395106,0.0695143631163326,0.8869508127625508,0.0,2.0,missense,possibly_low,270
urn:mavedb:00000013-a-1#2304,p.Met270Cys,-0.167345512487864,0.156929659278688,3.0,0.0906033810283866,-0.344924876181061,0.0102338512053336,0.0,1.0,missense,low,270
urn:mavedb:00000013-a-1#2305,p.Met270Asp,0.132064900106092,0.145202950636474,4.0,0.0726014753182368,-0.0102313767421253,0.27436117695431,0.0,1.0,missense,low,270
urn:mavedb:00000013-a-1#2306,p.Met270Gly,0.259789862535537,0.0695033796533817,8.0,0.0245731555341447,0.211627362702113,0.307952362368962,0.0,1.0,missense,low,270
urn:mavedb:00000013-a-1#2307,p.Met270Ile,0.8083924086170359,0.27785246233827,7.0,0.105018359502001,0.6025602062776351,1.01422461095644,1.0,3.0,missense,possibly_wt_like,270
urn:mavedb:00000013-a-1#2308,p.Met270Lys,0.546216068059925,0.120462521436025,3.0,0.0695490691783501,0.409902397312074,0.682529738807776,1.0,1.0,missense,low,270
urn:mavedb:00000013-a-1#2309,p.Met270Leu,0.950918260384213,0.415122488847123,5.0,0.185648420810213,0.58705404180946,1.31478247895897,1.0,3.0,missense,possibly_wt_like,270
urn:mavedb:00000013-a-1#2310,p.Met270Asn,0.231967133958565,0.107788788144749,6.0,0.0440045884912652,0.14571972536118,0.318214542555951,0.0,1.0,missense,low,270
urn:mavedb:00000013-a-1#2311,p.Met270Pro,0.170409346411526,0.20268114907815,3.0,0.117018015979933,-0.0589417504514747,0.399760443274527,0.0,1.0,missense,low,270
urn:mavedb:00000013-a-1#2312,p.Met270Arg,0.238800246240166,0.142866756463998,8.0,0.0505110261509099,0.1398004541622219,0.337800038318111,1.0,1.0,missense,low,270
urn:mavedb:00000013-a-1#2313,p.Asp24Ser,0.6279673987994039,0.327417696942005,8.0,0.1157596368940869,0.40108267962356,0.854852117975249,0.0,2.0,missense,possibly_low,24
urn:mavedb:00000013-a-1#2314,p.Met270Ser,0.250764355153707,0.047636559814422,8.0,0.0168420672385882,0.217754509940872,0.283774200366542,0.0,1.0,missense,low,270
urn:mavedb:00000013-a-1#2315,p.Met270Thr,0.35461750988376,0.139597470335954,5.0,0.0624298866316405,0.232257180526826,0.476977839240694,1.0,1.0,missense,low,270
urn:mavedb:00000013-a-1#2316,p.Met270Val,0.250173145559464,0.1806634733444989,8.0,0.0638741835573051,0.124982046245246,0.375364244873682,1.0,1.0,missense,low,270
urn:mavedb:00000013-a-1#2317,p.Met270Ter,0.0719189202483132,0.0783558266058005,3.0,0.0452387575834346,-0.0167474153205568,0.160585255817183,0.0,1.0,nonsense,low,270
urn:mavedb:00000013-a-1#2318,p.Met270Tyr,0.539636397954069,0.112116586619995,3.0,0.0647305414656763,0.412766867981567,0.666505927926571,0.0,1.0,missense,low,270
urn:mavedb:00000013-a-1#2319,p.Phe271Ala,0.274230209268692,0.0347620037833827,4.0,0.0173810018916913,0.240164071545754,0.3082963469916289,0.0,1.0,missense,low,271
urn:mavedb:00000013-a-1#2320,p.Phe271Cys,0.547033167759972,0.331328414855456,7.0,0.125230369713825,0.30158615335024,0.7924801821697048,1.0,2.0,missense,possibly_low,271
urn:mavedb:00000013-a-1#2321,p.Phe271Asp,0.190284582978235,0.0119505987918247,2.0,0.008450349444939,0.173722202409376,0.206846963547093,0.0,1.0,missense,low,271
urn:mavedb:00000013-a-1#2322,p.Phe271Glu,0.319202658964261,0.331760158502173,8.0,0.117294928902205,0.0893088227467524,0.549096495181769,0.0,1.0,missense,low,271
urn:mavedb:00000013-a-1#2323,p.Phe271Gly,0.297872486912914,0.0758662285583633,8.0,0.0268227623383336,0.245300838763903,0.3504441350619249,0.0,1.0,missense,low,271
urn:mavedb:00000013-a-1#2324,p.Asp24Val,0.3712020929136571,0.239128669523306,2.0,0.169089503796046,0.0397927553096575,0.7026114305176561,1.0,1.0,missense,low,24
urn:mavedb:00000013-a-1#2325,p.Phe271Ile,0.391008007696823,0.3406783675785079,5.0,0.152355997673841,0.0923957394274265,0.689620275966219,1.0,1.0,missense,low,271
urn:mavedb:00000013-a-1#2326,p.Phe271Lys,0.33211801883699,0.109017271442958,3.0,0.0629411510139102,0.2087556297042289,0.455480407969751,0.0,1.0,missense,low,271
urn:mavedb:00000013-a-1#2327,p.Phe271Leu,0.8132265123607969,0.477200891734936,4.0,0.238600445867468,0.3455782317653611,1.28087479295623,1.0,3.0,missense,possibly_wt_like,271
urn:mavedb:00000013-a-1#2328,p.Phe271Pro,0.229267781218162,0.077725905660003,8.0,0.027480257483027,0.175407466265542,0.283128096170782,0.0,1.0,missense,low,271
urn:mavedb:00000013-a-1#2329,p.Phe271Gln,0.235585890947356,0.18552148472215,3.0,0.107110879144793,0.0256524254711405,0.445519356423572,0.0,1.0,missense,low,271
urn:mavedb:00000013-a-1#2330,p.Phe271Arg,0.295603327363766,0.13572496358052,7.0,0.0512992143339077,0.195058714834106,0.396147939893426,0.0,1.0,missense,low,271
urn:mavedb:00000013-a-1#2331,p.Phe271Ser,0.3553793542108989,0.10778423801512,5.0,0.0482025766209649,0.260904040071775,0.4498546683500229,1.0,1.0,missense,low,271
urn:mavedb:00000013-a-1#2332,p.Phe271Thr,0.0783021516631588,0.113062311383148,3.0,0.0652765559122618,-0.0496375469596895,0.206241850286007,0.0,1.0,missense,low,271
urn:mavedb:00000013-a-1#2333,p.Phe271Val,0.241388223643933,0.192015467687677,7.0,0.0725750250541931,0.0991437883606226,0.383632658927244,1.0,1.0,missense,low,271
urn:mavedb:00000013-a-1#2334,p.Phe271Ter,0.0242149512403525,0.0569850660424297,5.0,0.0254844962746375,-0.0257337436220822,0.0741636461027872,0.0,1.0,nonsense,low,271
urn:mavedb:00000013-a-1#2335,p.Lys6Trp,0.781970263359893,0.199128432078634,6.0,0.0812938419788516,0.622637260916454,0.9413032658033332,0.0,3.0,missense,possibly_wt_like,6
urn:mavedb:00000013-a-1#2336,p.Asp24Tyr,0.647107290268216,0.248179127412646,4.0,0.124089563706323,0.403896214546534,0.890318365989898,1.0,2.0,missense,possibly_low,24
urn:mavedb:00000013-a-1#2337,p.Phe271Tyr,0.298966671406106,0.169477255918668,6.0,0.0691888000013026,0.163359115270008,0.434574227542204,1.0,1.0,missense,low,271
urn:mavedb:00000013-a-1#2338,p.His272Asp,0.3648453899041811,0.0330299346157459,3.0,0.0190698416417166,0.327469187095534,0.402221592712827,1.0,1.0,missense,low,272
urn:mavedb:00000013-a-1#2339,p.His272Gly,0.714913007334678,0.0753764753473544,2.0,0.053299216860055,0.61044846188478,0.8193775527845749,0.0,3.0,missense,possibly_wt_like,272
urn:mavedb:00000013-a-1#2340,p.His272Ile,0.296490865236991,0.279698703098034,8.0,0.0988884248248512,0.102673114092386,0.490308616381596,0.0,1.0,missense,low,272
urn:mavedb:00000013-a-1#2341,p.His272Lys,0.774411597773052,0.0827315299743466,4.0,0.0413657649871733,0.6933361882052439,0.855487007340859,0.0,3.0,missense,possibly_wt_like,272
urn:mavedb:00000013-a-1#2342,p.His272Leu,0.4191089348114421,0.0941406936662874,8.0,0.0332837614385186,0.353873961121922,0.484343908500961,1.0,1.0,missense,low,272
urn:mavedb:00000013-a-1#2343,p.His272Met,0.9302795501084128,0.0901931794817523,2.0,0.0637762088283224,0.805280477734396,1.05527862248243,0.0,4.0,missense,wt_like,272
urn:mavedb:00000013-a-1#2344,p.His272Pro,0.320483949028954,0.194255357302938,7.0,0.0734216237522243,0.1765802107881439,0.4643876872697639,1.0,1.0,missense,low,272
urn:mavedb:00000013-a-1#2345,p.His272Arg,1.0052697376652902,0.115222178662874,5.0,0.0515289248011624,0.904274900892944,1.1062645744376498,1.0,4.0,missense,wt_like,272
urn:mavedb:00000013-a-1#2346,p.His272Ser,0.7221424915407769,0.286122691557104,6.0,0.116809099691107,0.493200863079659,0.951084120001896,0.0,3.0,missense,possibly_wt_like,272
urn:mavedb:00000013-a-1#2347,p.Leu25Ala,0.5629445804572,0.175337858973318,4.0,0.0876689294866591,0.391116636100166,0.7347725248142329,0.0,2.0,missense,possibly_low,25
urn:mavedb:00000013-a-1#2348,p.His272Val,0.627478459560417,0.126600781079101,5.0,0.0566175904994877,0.516510021289984,0.73844689783085,0.0,2.0,missense,possibly_low,272
urn:mavedb:00000013-a-1#2349,p.Phe273Ala,0.568821475991754,0.064563116783415,8.0,0.0228265088460459,0.52408234076072,0.6135606112227889,0.0,1.0,missense,low,273
urn:mavedb:00000013-a-1#2350,p.Phe273Cys,1.08942589232712,0.3384777163022801,5.0,0.151371836504158,0.7927425445052869,1.38610924014896,1.0,4.0,missense,wt_like,273
urn:mavedb:00000013-a-1#2351,p.Phe273Glu,0.29246110470551,0.13371594506576,8.0,0.0472757257543835,0.199802384883926,0.385119824527095,0.0,1.0,missense,low,273
urn:mavedb:00000013-a-1#2352,p.Phe273Gly,0.2454714989888769,0.142029940157586,8.0,0.0502151669084744,0.1470515803706,0.3438914176071549,0.0,1.0,missense,low,273
urn:mavedb:00000013-a-1#2353,p.Phe273Ile,0.5798590823160339,0.193431724183985,4.0,0.0967158620919923,0.3902994758819861,0.7694186887500821,1.0,2.0,missense,possibly_low,273
urn:mavedb:00000013-a-1#2354,p.Phe273Lys,0.3855982815569571,0.0326198529527894,2.0,0.0230657192242254,0.340390302599962,0.4308062605139509,0.0,1.0,missense,low,273
urn:mavedb:00000013-a-1#2355,p.Phe273Leu,0.946763731217064,0.102023390291013,4.0,0.0510116951455063,0.8467826459415351,1.04674481649259,1.0,4.0,missense,wt_like,273
urn:mavedb:00000013-a-1#2356,p.Phe273Met,0.589261605628031,0.0927534777802816,4.0,0.0463767388901408,0.498364867682936,0.680158343573125,0.0,1.0,missense,low,273
urn:mavedb:00000013-a-1#2357,p.Phe273Arg,0.236103567039203,0.154482593934681,8.0,0.0546178448732502,0.129054558174437,0.3431525759039689,0.0,1.0,missense,low,273
urn:mavedb:00000013-a-1#2358,p.Leu25Cys,0.599196176144,0.335235502661989,7.0,0.126707110097622,0.3508548037675089,0.847537548520491,0.0,2.0,missense,possibly_low,25
urn:mavedb:00000013-a-1#2359,p.Phe273Ser,0.206734954091487,0.178403405292655,5.0,0.0797844283303644,0.0503603480368554,0.363109560146118,1.0,1.0,missense,low,273
urn:mavedb:00000013-a-1#2360,p.Phe273Thr,0.4720221888402609,0.0642542942292729,6.0,0.0262317057740627,0.4206089902700471,0.5234353874104749,0.0,1.0,missense,low,273
urn:mavedb:00000013-a-1#2361,p.Phe273Val,0.614089842202797,0.08927671875052,6.0,0.0364470678081229,0.542654901956787,0.6855247824488071,1.0,1.0,missense,low,273
urn:mavedb:00000013-a-1#2362,p.Phe273Trp,0.2995364942743029,0.126280263127218,5.0,0.0564742505138041,0.188848997213355,0.410223991335252,0.0,1.0,missense,low,273
urn:mavedb:00000013-a-1#2363,p.Phe273Tyr,0.240098725880839,0.160993703274443,2.0,0.113839739313693,0.0169769368165715,0.463220514945106,1.0,1.0,missense,low,273
urn:mavedb:00000013-a-1#2364,p.Trp274Ala,0.4356036250473329,0.097911336952338,6.0,0.0399721359278233,0.3572596782436599,0.513947571851006,0.0,1.0,missense,low,274
urn:mavedb:00000013-a-1#2365,p.Trp274Glu,0.421546256003155,0.15925569818507,7.0,0.0601929960382364,0.30357015164665,0.539522360359661,0.0,1.0,missense,low,274
urn:mavedb:00000013-a-1#2366,p.Trp274Gly,0.287256589043169,0.170316440100756,8.0,0.0602159548713984,0.169235486200539,0.4052776918858,1.0,1.0,missense,low,274
urn:mavedb:00000013-a-1#2367,p.Trp274Lys,0.210050687766085,0.207341587687846,4.0,0.103670793843923,0.0068596655833194,0.413241709948851,0.0,1.0,missense,low,274
urn:mavedb:00000013-a-1#2368,p.Trp274Leu,0.306828977730936,0.167737967111058,7.0,0.0633989923427701,0.182569236082976,0.431088719378896,1.0,1.0,missense,low,274
urn:mavedb:00000013-a-1#2369,p.Leu25Asp,0.345579706064662,0.23244457193203,6.0,0.0948950991188556,0.159588729482346,0.531570682646977,0.0,1.0,missense,low,25
urn:mavedb:00000013-a-1#2370,p.Trp274Met,0.2728840691889789,0.223214873361548,8.0,0.0789183753078237,0.118206895867229,0.427561242510728,0.0,1.0,missense,low,274
urn:mavedb:00000013-a-1#2371,p.Trp274Pro,0.422002971350273,0.3286905430390869,6.0,0.134187352287346,0.159000593686286,0.68500534901426,0.0,1.0,missense,low,274
urn:mavedb:00000013-a-1#2372,p.Trp274Gln,0.3062839867417069,0.1855474209358749,8.0,0.065600919787716,0.177708546605083,0.4348594268783321,0.0,1.0,missense,low,274
urn:mavedb:00000013-a-1#2373,p.Trp274Arg,0.255746048884424,0.144973910160574,7.0,0.0547949875539283,0.148349846745404,0.363142251023444,1.0,1.0,missense,low,274
urn:mavedb:00000013-a-1#2374,p.Trp274Ser,0.3153600675692489,0.206736666849235,7.0,0.0781391153373552,0.162210215724211,0.468509919414286,1.0,1.0,missense,low,274
urn:mavedb:00000013-a-1#2375,p.Trp274Thr,0.412327816548404,0.097318524641759,2.0,0.0688145887092579,0.277453701067321,0.547201932029486,0.0,1.0,missense,low,274
urn:mavedb:00000013-a-1#2376,p.Trp274Val,0.495734499200076,0.0984845200954954,8.0,0.0348195360007138,0.4274894626802809,0.563979535719871,0.0,1.0,missense,low,274
urn:mavedb:00000013-a-1#2377,p.Val275Ala,0.377577306904596,0.1771673725082349,8.0,0.0626381252527879,0.254808837350023,0.50034577645917,1.0,1.0,missense,low,275
urn:mavedb:00000013-a-1#2378,p.Val275Cys,0.694129775866705,0.35835515868495,8.0,0.126697681389655,0.445806883418251,0.9424526683151592,0.0,2.0,missense,possibly_low,275
urn:mavedb:00000013-a-1#2379,p.Val275Asp,0.186527282447665,0.247246967883643,3.0,0.14274810346394,-0.0932538592030553,0.466308424098384,0.0,1.0,missense,low,275
urn:mavedb:00000013-a-1#2380,p.Leu25Glu,0.459421107372669,0.1852728419067469,8.0,0.0655038414409821,0.331035937299322,0.5878062774460171,0.0,1.0,missense,low,25
urn:mavedb:00000013-a-1#2381,p.Val275Gly,0.321532994718998,0.0806298942409819,8.0,0.0285069724920763,0.265660355326254,0.377405634111741,1.0,1.0,missense,low,275
urn:mavedb:00000013-a-1#2382,p.Val275His,0.33393294611006,0.181290868726796,6.0,0.0740116872344229,0.188872704695548,0.478993187524572,0.0,1.0,missense,low,275
urn:mavedb:00000013-a-1#2383,p.Val275Leu,0.868758383676956,0.285048493004729,8.0,0.100779861185325,0.6712334853867729,1.06628328196714,1.0,3.0,missense,possibly_wt_like,275
urn:mavedb:00000013-a-1#2384,p.Val275Met,0.8653026114911679,0.1428048544987,5.0,0.0638642724352119,0.7401309376192992,0.990474285363038,0.0,4.0,missense,wt_like,275
urn:mavedb:00000013-a-1#2385,p.Val275Pro,0.2690741774963,0.23185926693754,7.0,0.087634565640353,0.0973135850403964,0.4408347699522029,0.0,1.0,missense,low,275
urn:mavedb:00000013-a-1#2386,p.Val275Arg,0.232235664791515,0.0701999147318209,8.0,0.024819417872794,0.183590499643589,0.280880829939441,0.0,1.0,missense,low,275
urn:mavedb:00000013-a-1#2387,p.Val275Ser,0.22286302844781,0.138766767317864,8.0,0.0490614610868987,0.126704331688575,0.3190217252070449,0.0,1.0,missense,low,275
urn:mavedb:00000013-a-1#2388,p.Val275Thr,0.4935156798639711,0.2662236366010529,8.0,0.094124269376374,0.309035501815132,0.67799585791281,0.0,1.0,missense,low,275
urn:mavedb:00000013-a-1#2389,p.Val275=,0.856951262117638,0.2946651103474509,8.0,0.104179848852882,0.652762510451162,1.06114001378411,0.0,3.0,synonymous,possibly_wt_like,275
urn:mavedb:00000013-a-1#2390,p.Val275Trp,0.460427861145824,0.0987973540468704,5.0,0.0441835199291832,0.3738297533744169,0.54702596891723,0.0,1.0,missense,low,275
urn:mavedb:00000013-a-1#2391,p.Leu25Gly,0.358222304187231,0.0958506003821812,8.0,0.0338883047555211,0.291802447369292,0.424642161005169,0.0,1.0,missense,low,25
urn:mavedb:00000013-a-1#2392,p.Asn276Ala,0.215742176927576,0.1466252512844809,5.0,0.0655728058180174,0.0872218391590235,0.3442625146961289,0.0,1.0,missense,low,276
urn:mavedb:00000013-a-1#2393,p.Asn276Cys,0.398709083080625,0.11346699186749,3.0,0.0655101982988326,0.270311453794836,0.527106712366414,0.0,1.0,missense,low,276
urn:mavedb:00000013-a-1#2394,p.Asn276Glu,0.340294369962927,0.104156353989617,3.0,0.0601346990137154,0.222432525674888,0.458156214250965,0.0,1.0,missense,low,276
urn:mavedb:00000013-a-1#2395,p.Asn276Phe,0.241545570393202,0.210035135424114,3.0,0.121263841976392,0.003872807492518,0.479218333293886,0.0,1.0,missense,low,276
urn:mavedb:00000013-a-1#2396,p.Asn276Gly,0.186351571057434,0.17475651673958,8.0,0.0617857590215486,0.0652537086177279,0.30744943349714,0.0,1.0,missense,low,276
urn:mavedb:00000013-a-1#2397,p.Asn276His,0.1777473432734439,0.182398038089933,5.0,0.0815708824263372,0.0178713515306723,0.337623335016217,1.0,1.0,missense,low,276
urn:mavedb:00000013-a-1#2398,p.Asn276Leu,0.267299068965543,0.0786362965099533,4.0,0.0393181482549767,0.190236914446982,0.344361223484103,0.0,1.0,missense,low,276
urn:mavedb:00000013-a-1#2399,p.Asn276Gln,0.334495127533528,0.179335673690229,8.0,0.0634047354875093,0.210224129528722,0.458766125538335,0.0,1.0,missense,low,276
urn:mavedb:00000013-a-1#2400,p.Asn276Ser,0.340315933801628,0.108964750515345,5.0,0.0487305178607235,0.244805873846624,0.435825993756632,1.0,1.0,missense,low,276
urn:mavedb:00000013-a-1#2401,p.Asn276Thr,0.3941864301101369,0.329424996025916,8.0,0.116469324291138,0.16591074919579,0.622462111024484,1.0,1.0,missense,low,276
urn:mavedb:00000013-a-1#2402,p.Leu25His,0.746838400428582,0.148754289670577,5.0,0.066524940729621,0.6164519125248629,0.877224888332301,0.0,3.0,missense,possibly_wt_like,25
urn:mavedb:00000013-a-1#2403,p.Asn276Val,0.082446217863398,0.185390312802277,2.0,0.131090747348785,-0.174486925646661,0.3393793613734569,0.0,1.0,missense,low,276
urn:mavedb:00000013-a-1#2404,p.Asn276Ter,0.0022750855877171,0.146175219455835,5.0,0.0653715454658393,-0.1258507891390509,0.130400960314485,0.0,1.0,nonsense,low,276
urn:mavedb:00000013-a-1#2405,p.Thr277Ala,0.2891975286354489,0.119865239710001,6.0,0.0489347791976492,0.1932871238166369,0.385107933454262,1.0,1.0,missense,low,277
urn:mavedb:00000013-a-1#2406,p.Thr277Cys,0.0760804571139704,0.11770166277836,3.0,0.0679550866891525,-0.0571090653630657,0.2092699795910069,0.0,1.0,missense,low,277
urn:mavedb:00000013-a-1#2407,p.Thr277Asp,0.218778496409583,0.118438924528776,6.0,0.0483524884632514,0.124009360458722,0.313547632360445,0.0,1.0,missense,low,277
urn:mavedb:00000013-a-1#2408,p.Thr277Phe,0.193396235499868,0.114150655961573,3.0,0.0659049119475864,0.0642249816783156,0.322567489321421,0.0,1.0,missense,low,277
urn:mavedb:00000013-a-1#2409,p.Thr277Gly,0.215504011067514,0.1506565320275759,8.0,0.0532651277133737,0.111106279117376,0.319901743017653,0.0,1.0,missense,low,277
urn:mavedb:00000013-a-1#2410,p.Thr277Lys,0.259528301347855,0.0656673298605869,5.0,0.0293673226938348,0.201969406545573,0.317087196150137,1.0,1.0,missense,low,277
urn:mavedb:00000013-a-1#2411,p.Thr277Leu,0.204932029895576,0.162211030533015,6.0,0.0662223759094848,0.0751385581423127,0.334725501648839,0.0,1.0,missense,low,277
urn:mavedb:00000013-a-1#2412,p.Thr277Met,0.194729714827446,0.18727461026055,4.0,0.0936373051302748,0.0112039691627199,0.3782554604921721,0.0,1.0,missense,low,277
urn:mavedb:00000013-a-1#2413,p.Leu25Ile,0.700371691380119,0.253154552426421,5.0,0.113214157607802,0.478476019928785,0.9222673628314528,0.0,2.0,missense,possibly_low,25
urn:mavedb:00000013-a-1#2414,p.Thr277Gln,0.214324896346377,0.303971322061905,7.0,0.114890360553046,-0.0108560725084148,0.439505865201169,0.0,1.0,missense,low,277
urn:mavedb:00000013-a-1#2415,p.Thr277Arg,0.2124134140923469,0.132693431597693,8.0,0.0469142126508211,0.120463246933684,0.30436358125101,1.0,1.0,missense,low,277
urn:mavedb:00000013-a-1#2416,p.Thr277Ser,0.4766004743594021,0.198295951246487,6.0,0.080953983102284,0.317933583073861,0.635267365644943,1.0,1.0,missense,low,277
urn:mavedb:00000013-a-1#2417,p.Thr277Val,0.312113038949306,0.0825228859277678,5.0,0.0369053565267899,0.239779869320188,0.384446208578425,0.0,1.0,missense,low,277
urn:mavedb:00000013-a-1#2418,p.Thr277Ter,-0.0104981229071092,0.0336388374356739,5.0,0.0150437454380463,-0.0399833221582688,0.0189870763440503,0.0,1.0,nonsense,low,277
urn:mavedb:00000013-a-1#2419,p.Thr277Tyr,0.108812984748405,0.2179015392252289,8.0,0.0770398280085729,-0.0421823035235579,0.259808273020368,0.0,1.0,missense,low,277
urn:mavedb:00000013-a-1#2420,p.Phe278Asp,0.35143960427511,0.137661201082883,3.0,0.0794787315021699,0.195664152993928,0.5072150555562921,0.0,1.0,missense,low,278
urn:mavedb:00000013-a-1#2421,p.Phe278Glu,0.384785508693865,0.1608060237463819,5.0,0.0719146400576713,0.243835404219668,0.525735613168062,0.0,1.0,missense,low,278
urn:mavedb:00000013-a-1#2422,p.Phe278Gly,0.401832957685772,0.137190686016218,8.0,0.0485042321988511,0.306766409478256,0.496899505893288,0.0,1.0,missense,low,278
urn:mavedb:00000013-a-1#2423,p.Phe278Lys,0.2350297932521689,0.12606903434625,5.0,0.0563797861311941,0.124527442978958,0.34553214352538,0.0,1.0,missense,low,278
urn:mavedb:00000013-a-1#2424,p.Leu25=,0.921993202683704,0.313875179078394,8.0,0.110971633786237,0.70449279715711,1.1394936082103,0.0,3.0,synonymous,possibly_wt_like,25
urn:mavedb:00000013-a-1#2425,p.Phe279Ala,0.378180290204096,0.272639348496824,5.0,0.121928023316031,0.139205755798516,0.617154824609676,0.0,1.0,missense,low,279
urn:mavedb:00000013-a-1#2426,p.Phe279Cys,0.892724492238593,0.232111212828763,4.0,0.116055606414382,0.66525968346245,1.12018930101474,1.0,3.0,missense,possibly_wt_like,279
urn:mavedb:00000013-a-1#2427,p.Phe279Glu,0.2326173958613669,0.123555095659356,7.0,0.0466994366184931,0.14108818199081,0.324146609731924,0.0,1.0,missense,low,279
urn:mavedb:00000013-a-1#2428,p.Phe279Gly,0.421056153770478,0.146667820753524,8.0,0.051854905318335,0.319422406924807,0.5226899006161491,0.0,1.0,missense,low,279
urn:mavedb:00000013-a-1#2429,p.Phe279Ile,0.571408874325938,0.2141010777541029,3.0,0.12361131487512,0.329135149089062,0.8136825995628141,1.0,2.0,missense,possibly_low,279
urn:mavedb:00000013-a-1#2430,p.Phe279Lys,0.295214926527851,0.1566702880552349,3.0,0.090453632982706,0.117929063610943,0.472500789444759,0.0,1.0,missense,low,279
urn:mavedb:00000013-a-1#2431,p.Phe279Leu,0.510255678453617,0.164794294113839,3.0,0.0951440300675395,0.323776806177244,0.69673455072999,1.0,1.0,missense,low,279
urn:mavedb:00000013-a-1#2432,p.Phe279Met,1.18648427706192,0.429102212516615,3.0,0.247742277906332,0.7009183349175989,1.67205021920625,0.0,3.0,missense,possibly_wt_like,279
urn:mavedb:00000013-a-1#2433,p.Phe279Asn,0.19304377406744,0.202726415196801,2.0,0.143349222911298,-0.0879155400505073,0.4740030881853871,0.0,1.0,missense,low,279
urn:mavedb:00000013-a-1#2434,p.Phe279Pro,0.263313352790418,0.334973486227832,2.0,0.236862023629398,-0.200927682828478,0.7275543884093142,0.0,2.0,missense,possibly_low,279
urn:mavedb:00000013-a-1#2435,p.Leu25Met,1.00565117196936,0.162209057463316,7.0,0.0613092609214456,0.8854872286445581,1.12581511529416,1.0,4.0,missense,wt_like,25
urn:mavedb:00000013-a-1#2436,p.Phe279Arg,0.215082516355914,0.191458641987495,8.0,0.0676908520330625,0.0824108842882819,0.347754148423547,0.0,1.0,missense,low,279
urn:mavedb:00000013-a-1#2437,p.Phe279Ser,0.300651603216673,0.19458333621785,6.0,0.0794383143636924,0.144955368071265,0.456347838362081,1.0,1.0,missense,low,279
urn:mavedb:00000013-a-1#2438,p.Phe279Thr,0.345399686420217,0.230852481656651,8.0,0.0816186776165805,0.185430017825933,0.5053693550145,0.0,1.0,missense,low,279
urn:mavedb:00000013-a-1#2439,p.Phe279Tyr,0.638464031576684,0.2021776368120889,4.0,0.101088818406044,0.440333588261127,0.8365944748922409,1.0,2.0,missense,possibly_low,279
urn:mavedb:00000013-a-1#2440,p.Ile280Ala,0.365546713423661,0.235366555847874,8.0,0.083214643852277,0.202449008486871,0.5286444183604521,0.0,1.0,missense,low,280
urn:mavedb:00000013-a-1#2441,p.Ile280Cys,0.50914384576992,0.181366952293389,8.0,0.0641229009248964,0.383465269372893,0.6348224221669471,0.0,1.0,missense,low,280
urn:mavedb:00000013-a-1#2442,p.Ile280Asp,0.279036967353231,0.108938075890276,5.0,0.0487185886057377,0.183550288308362,0.3745236463981,0.0,1.0,missense,low,280
urn:mavedb:00000013-a-1#2443,p.Ile280Glu,0.50257030294533,0.380111254507344,8.0,0.134389622833734,0.2391714822952889,0.7659691235953701,0.0,2.0,missense,possibly_low,280
urn:mavedb:00000013-a-1#2444,p.Ile280Phe,0.481621282854921,0.104898457492688,4.0,0.052449228746344,0.378822683495184,0.584419882214658,0.0,1.0,missense,low,280
urn:mavedb:00000013-a-1#2445,p.Ile280Gly,0.272548183474572,0.15920667105954,8.0,0.0562880583581683,0.162225616332873,0.3828707506162709,0.0,1.0,missense,low,280
urn:mavedb:00000013-a-1#2446,p.Glu7Ala,0.365389901261011,0.311584546244975,2.0,0.220323545562755,-0.0664363129881589,0.7972161155101809,1.0,2.0,missense,possibly_low,7
urn:mavedb:00000013-a-1#2447,p.Leu25Asn,0.523468650749743,0.2891339587199,3.0,0.166931568898797,0.196288787825336,0.8506485136741508,0.0,2.0,missense,possibly_low,25
urn:mavedb:00000013-a-1#2448,p.Ile280=,1.06580396777222,0.600052264542327,6.0,0.244970311188375,0.585670980561438,1.5459369549829998,0.0,3.0,synonymous,possibly_wt_like,280
urn:mavedb:00000013-a-1#2449,p.Ile280Lys,0.14144743857321,0.146303622177083,6.0,0.0597282036424652,0.0243823105727043,0.258512566573716,1.0,1.0,missense,low,280
urn:mavedb:00000013-a-1#2450,p.Ile280Leu,0.8231961909383929,0.0870024472780193,8.0,0.0307600102250563,0.7629076787331991,0.883484703143587,1.0,4.0,missense,wt_like,280
urn:mavedb:00000013-a-1#2451,p.Ile280Met,0.704314999732688,0.491766012800814,4.0,0.245883006400407,0.222393162777459,1.18623683668792,1.0,2.0,missense,possibly_low,280
urn:mavedb:00000013-a-1#2452,p.Ile280Pro,0.3920399839187529,0.1265563254312769,8.0,0.0447444179572538,0.304342536213328,0.479737431624177,0.0,1.0,missense,low,280
urn:mavedb:00000013-a-1#2453,p.Ile280Arg,0.30738638085683,0.190926524997813,8.0,0.0675027202671683,0.175083480274698,0.4396892814389621,1.0,1.0,missense,low,280
urn:mavedb:00000013-a-1#2454,p.Ile280Ser,0.338615288382443,0.18188665171716,3.0,0.105012307330902,0.132794948080424,0.544435628684462,0.0,1.0,missense,low,280
urn:mavedb:00000013-a-1#2455,p.Ile280Thr,0.5949892802757281,0.145655557992382,3.0,0.0840942756158669,0.430167528762644,0.7598110317888119,1.0,2.0,missense,possibly_low,280
urn:mavedb:00000013-a-1#2456,p.Ile280Val,1.01241303854255,0.12581246787886,8.0,0.0444814245974784,0.925231048350461,1.09959502873464,1.0,4.0,missense,wt_like,280
urn:mavedb:00000013-a-1#2457,p.Pro281Ala,1.37079633102145,0.408230983026533,2.0,0.2886628963885119,0.805027450426947,1.93656521161595,1.0,4.0,missense,wt_like,281
urn:mavedb:00000013-a-1#2458,p.Leu25Pro,0.463589461226518,0.202715974111103,8.0,0.0716709199743988,0.323117039337844,0.6040618831151919,0.0,1.0,missense,low,25
urn:mavedb:00000013-a-1#2459,p.Pro281Cys,1.05881155040634,0.196266799634986,6.0,0.0801255854257966,0.901768288731592,1.21585481208109,0.0,4.0,missense,wt_like,281
urn:mavedb:00000013-a-1#2460,p.Pro281Leu,1.1109922649934298,0.201158969253433,3.0,0.116139185048377,0.8833636451047809,1.3386208848820802,1.0,4.0,missense,wt_like,281
urn:mavedb:00000013-a-1#2461,p.Pro281Asn,1.37723285811974,0.114762564531407,2.0,0.0811493876065166,1.21818298104349,1.53628273519599,0.0,4.0,missense,wt_like,281
urn:mavedb:00000013-a-1#2462,p.Pro281=,0.4175620347389729,0.4647391024518621,5.0,0.20783764497692,0.0102077359525868,0.824916333525359,0.0,2.0,synonymous,possibly_low,281
urn:mavedb:00000013-a-1#2463,p.Pro281Gln,0.9564856143941608,0.353314356631766,7.0,0.13354027461092,0.6947514856711701,1.21821974311715,1.0,3.0,missense,possibly_wt_like,281
urn:mavedb:00000013-a-1#2464,p.Pro281Arg,1.0854875406218298,0.116852998840321,4.0,0.0584264994201603,0.970973706015567,1.2000013752281,1.0,4.0,missense,wt_like,281
urn:mavedb:00000013-a-1#2465,p.Pro281Thr,0.8137176676086341,0.458646698289687,3.0,0.264799794720484,0.294719606842886,1.3327157283743798,1.0,3.0,missense,possibly_wt_like,281
urn:mavedb:00000013-a-1#2466,p.Pro281Val,0.981541415094145,0.225459318762114,2.0,0.15942381317839,0.6690764829864589,1.2940063472018302,0.0,3.0,missense,possibly_wt_like,281
urn:mavedb:00000013-a-1#2467,p.Gly282Met,1.15144940315394,0.161179971788302,4.0,0.080589985894151,0.9934959332868092,1.30940287302106,0.0,4.0,missense,wt_like,282
urn:mavedb:00000013-a-1#2468,p.Gly282Ser,1.01299292675016,0.0898237873287974,5.0,0.040170418892735,0.934260352476513,1.09172550102381,0.0,4.0,missense,wt_like,282
urn:mavedb:00000013-a-1#2469,p.Leu25Gln,0.5525101449053891,0.2236062748060269,8.0,0.0790567566156022,0.39756174920426,0.7074585406065179,0.0,2.0,missense,possibly_low,25
urn:mavedb:00000013-a-1#2470,p.Glu284Gly,1.2073378214088502,0.0627698211944049,4.0,0.0313849105972025,1.14582452698033,1.26885111583738,1.0,4.0,missense,wt_like,284
urn:mavedb:00000013-a-1#2471,p.Glu285Ala,0.8538554035919449,0.152947391463806,8.0,0.0540750688344254,0.747870216214947,0.9598405909689428,1.0,4.0,missense,wt_like,285
urn:mavedb:00000013-a-1#2472,p.Glu285Cys,0.9542720812932,0.12760373575239,6.0,0.0520940069777156,0.8521697038064991,1.0563744587799,0.0,4.0,missense,wt_like,285
urn:mavedb:00000013-a-1#2473,p.Glu285Asp,0.848051083920329,0.4605569658279221,7.0,0.174074170879879,0.506871978357095,1.18923018948356,1.0,3.0,missense,possibly_wt_like,285
urn:mavedb:00000013-a-1#2474,p.Glu285Gly,0.99235219773364,0.148086520898704,8.0,0.0523564915648986,0.8897353599095641,1.09496903555772,1.0,4.0,missense,wt_like,285
urn:mavedb:00000013-a-1#2475,p.Glu285Lys,1.21545940845806,0.048666402930742,3.0,0.0280975608325547,1.16038920117283,1.27052961574329,1.0,4.0,missense,wt_like,285
urn:mavedb:00000013-a-1#2476,p.Glu285Leu,0.672448351173109,0.474977883029476,6.0,0.193908908754928,0.292393873731986,1.05250282861423,0.0,2.0,missense,possibly_low,285
urn:mavedb:00000013-a-1#2477,p.Glu285Met,1.0567083725891502,0.210128227131477,8.0,0.0742915471616873,0.9110996157964808,1.2023171293818102,0.0,4.0,missense,wt_like,285
urn:mavedb:00000013-a-1#2478,p.Glu285Asn,0.6760097709127351,0.3841438272462221,2.0,0.2716307051967569,0.143623371631874,1.2083961701936,0.0,2.0,missense,possibly_low,285
urn:mavedb:00000013-a-1#2479,p.Glu285Pro,0.861500843021508,0.297294602682817,8.0,0.10510951478359,0.655489979613191,1.06751170642982,0.0,3.0,missense,possibly_wt_like,285
urn:mavedb:00000013-a-1#2480,p.Leu25Arg,0.361511736170458,0.136800595992476,8.0,0.0483663145483203,0.266715501590814,0.456307970750101,0.0,1.0,missense,low,25
urn:mavedb:00000013-a-1#2481,p.Glu285Arg,1.00625351963882,0.0778492492195391,8.0,0.0275238660167088,0.952307733530765,1.06019930574688,0.0,4.0,missense,wt_like,285
urn:mavedb:00000013-a-1#2482,p.Glu285Ser,1.06831760980527,0.185210940021944,8.0,0.0654819558197259,0.9399753347613612,1.19665988484917,0.0,4.0,missense,wt_like,285
urn:mavedb:00000013-a-1#2483,p.Glu285Thr,1.27684893263581,0.1801981654275189,2.0,0.127419344731174,1.02711160602901,1.5265862592426005,0.0,4.0,missense,wt_like,285
urn:mavedb:00000013-a-1#2484,p.Glu285Val,0.9393419671975172,0.123234464813225,8.0,0.0435699628726632,0.8539464091593499,1.02473752523568,1.0,4.0,missense,wt_like,285
urn:mavedb:00000013-a-1#2485,p.Glu285Trp,1.2335211265637,0.24617810717297,3.0,0.1421309964449069,0.95494949244489,1.5120927606825,0.0,4.0,missense,wt_like,285
urn:mavedb:00000013-a-1#2486,p.Glu285Ter,0.142532115290682,0.261053773763958,2.0,0.184592893682833,-0.219263308129703,0.5043275387110661,1.0,1.0,nonsense,low,285
urn:mavedb:00000013-a-1#2487,p.Glu285Tyr,0.929987954919517,0.20866550257924,8.0,0.0737743959367397,0.7853927959023091,1.07458311393673,0.0,4.0,missense,wt_like,285
urn:mavedb:00000013-a-1#2488,p.Thr286Ala,1.14705987454636,0.146339368054936,3.0,0.0844890735395571,0.981464333321674,1.31265541577105,1.0,4.0,missense,wt_like,286
urn:mavedb:00000013-a-1#2489,p.Thr286Cys,0.9792221520211272,0.251292734744144,7.0,0.0949797260586178,0.793065309684756,1.1653789943575,0.0,4.0,missense,wt_like,286
urn:mavedb:00000013-a-1#2490,p.Thr286Gly,1.08877066855268,0.363133904620398,5.0,0.1623984191332269,0.770475615905313,1.40706572120004,0.0,4.0,missense,wt_like,286
urn:mavedb:00000013-a-1#2491,p.Leu25Ser,0.501896280800665,0.128318099359207,8.0,0.0453672991029323,0.4129780084830609,0.5908145531182679,1.0,1.0,missense,low,25
urn:mavedb:00000013-a-1#2492,p.Thr286Ile,0.586691795366416,0.425892347057271,4.0,0.212946173528636,0.169324964604674,1.00405862612816,1.0,2.0,missense,possibly_low,286
urn:mavedb:00000013-a-1#2493,p.Thr286Pro,0.469314328199396,0.3743708978947109,3.0,0.216143138676273,0.0456815608884541,0.8929470955103379,1.0,2.0,missense,possibly_low,286
urn:mavedb:00000013-a-1#2494,p.Thr286Val,1.13204367806747,0.161212691530509,4.0,0.0806063457652544,0.974058143442188,1.29002921269275,0.0,4.0,missense,wt_like,286
urn:mavedb:00000013-a-1#2495,p.Thr286Tyr,1.2574120661428,0.0905260112523384,3.0,0.0522652169652006,1.15497412324684,1.35985000903877,0.0,4.0,missense,wt_like,286
urn:mavedb:00000013-a-1#2496,p.Ser287Asp,1.1356373372938,0.064139362991535,4.0,0.0320696814957675,1.07278191656643,1.19849275802118,0.0,4.0,missense,wt_like,287
urn:mavedb:00000013-a-1#2497,p.Ser287Glu,0.893766645970678,0.0936964834153023,8.0,0.0331267093981466,0.8288394886239859,0.95869380331737,0.0,4.0,missense,wt_like,287
urn:mavedb:00000013-a-1#2498,p.Ser287Phe,1.08307012901709,0.231550449699621,7.0,0.0875178436957668,0.911538307368784,1.2546019506653998,0.0,4.0,missense,wt_like,287
urn:mavedb:00000013-a-1#2499,p.Ser287Gly,0.951549928023522,0.145378982840281,8.0,0.0513992323041826,0.850809283874317,1.05229057217273,0.0,4.0,missense,wt_like,287
urn:mavedb:00000013-a-1#2500,p.Ser287His,1.12102008009479,0.113647192659886,5.0,0.0508245696479039,1.02140575405515,1.22063440613443,0.0,4.0,missense,wt_like,287
urn:mavedb:00000013-a-1#2501,p.Ser287Ile,1.01140021065896,0.207287113463136,7.0,0.0783471646016983,0.8578425897488041,1.16495783156912,0.0,4.0,missense,wt_like,287
urn:mavedb:00000013-a-1#2502,p.Leu25Thr,0.634034574544365,0.0867893472184372,7.0,0.0328032898842315,0.5697413077968441,0.6983278412918851,0.0,1.0,missense,low,25
urn:mavedb:00000013-a-1#2503,p.Ser287Lys,0.652271331500301,0.0783637211259136,3.0,0.045243315486747,0.5635960626050931,0.740946600395508,0.0,2.0,missense,possibly_low,287
urn:mavedb:00000013-a-1#2504,p.Ser287Leu,1.0409798161321802,0.134138853828547,8.0,0.0474252465813785,0.9480280408747428,1.1339315913896102,1.0,4.0,missense,wt_like,287
urn:mavedb:00000013-a-1#2505,p.Ser287Pro,1.15283246859223,0.1568221964246119,8.0,0.055445019266206,1.04416222770833,1.2615027094761202,1.0,4.0,missense,wt_like,287
urn:mavedb:00000013-a-1#2506,p.Ser287Gln,0.346304162645914,0.570104515418562,6.0,0.232744193805357,-0.109866074823396,0.8024744001152241,0.0,2.0,missense,possibly_low,287
urn:mavedb:00000013-a-1#2507,p.Ser287Arg,0.940878293807942,0.146253926368653,8.0,0.0517085715552162,0.8395313558677059,1.0422252317481802,0.0,4.0,missense,wt_like,287
urn:mavedb:00000013-a-1#2508,p.Ser287=,0.991490796519906,0.233181909367439,8.0,0.0824422546818716,0.8299069465391591,1.1530746465006498,0.0,4.0,synonymous,wt_like,287
urn:mavedb:00000013-a-1#2509,p.Ser287Val,1.05317565905523,0.18223488522629,8.0,0.0644297615561308,0.926895646872708,1.17945567123775,0.0,4.0,missense,wt_like,287
urn:mavedb:00000013-a-1#2510,p.Ser287Trp,1.115232452835,0.247851189908001,4.0,0.123925594954001,0.8723427499624621,1.35812215570754,0.0,4.0,missense,wt_like,287
urn:mavedb:00000013-a-1#2511,p.Glu288=,0.193445313559477,0.0388356252637506,2.0,0.0274609339756176,0.139622871985434,0.24726775513352,0.0,1.0,synonymous,low,288
urn:mavedb:00000013-a-1#2512,p.Glu288Gly,0.9160935122805708,0.000601639129491,2.0,0.0004254231082903,0.915259698310131,0.916927326251011,1.0,4.0,missense,wt_like,288
urn:mavedb:00000013-a-1#2513,p.Leu25Val,0.8788539658217179,0.105553634829821,8.0,0.0373188454835276,0.8057103727293878,0.951997558914047,1.0,4.0,missense,wt_like,25
urn:mavedb:00000013-a-1#2514,p.Glu288Ile,1.0486363091702,0.0422719438824461,2.0,0.0298907781732148,0.990051460480827,1.10722115785958,0.0,4.0,missense,wt_like,288
urn:mavedb:00000013-a-1#2515,p.Glu288Thr,1.07744993551744,0.150434015091029,6.0,0.0614144294885274,0.957079865588854,1.19782000544603,0.0,4.0,missense,wt_like,288
urn:mavedb:00000013-a-1#2516,p.Lys289Ala,0.959317498923687,0.135216207902693,7.0,0.0511069227622474,0.859149770949011,1.05948522689836,0.0,4.0,missense,wt_like,289
urn:mavedb:00000013-a-1#2517,p.Lys289Asp,1.20063491706657,0.138867364740336,3.0,0.080175110414487,1.04349458819766,1.35777524593549,0.0,4.0,missense,wt_like,289
urn:mavedb:00000013-a-1#2518,p.Lys289Glu,0.8856665352486449,0.374319451573725,4.0,0.187159725786863,0.518840213350002,1.2524928571472902,1.0,3.0,missense,possibly_wt_like,289
urn:mavedb:00000013-a-1#2519,p.Lys289Gly,0.75839251110363,0.278344404867743,8.0,0.0984096080936574,0.56551322350736,0.9512717986999,0.0,3.0,missense,possibly_wt_like,289
urn:mavedb:00000013-a-1#2520,p.Lys289=,1.32023695098526,0.340474791683116,3.0,0.196573212630529,0.934960533904094,1.7055133680664298,0.0,4.0,synonymous,wt_like,289
urn:mavedb:00000013-a-1#2521,p.Lys289Asn,0.827611414249757,0.286825116228462,5.0,0.128272091508224,0.5762027346720121,1.0790200938275,1.0,3.0,missense,possibly_wt_like,289
urn:mavedb:00000013-a-1#2522,p.Lys289Pro,0.955752000126962,0.350260736956366,7.0,0.132386114859536,0.6962799829490881,1.21522401730484,0.0,3.0,missense,possibly_wt_like,289
urn:mavedb:00000013-a-1#2523,p.Lys289Arg,1.14055944839624,0.14058171969237,2.0,0.0994062873053413,0.945726705440932,1.33539219135155,1.0,4.0,missense,wt_like,289
urn:mavedb:00000013-a-1#2524,p.Leu25Trp,0.434919228187647,0.16277964186426,7.0,0.0615249215538559,0.314332597790438,0.555505858584857,1.0,1.0,missense,low,25
urn:mavedb:00000013-a-1#2525,p.Lys289Ser,0.537422553209272,0.31658380002885,6.0,0.129244795150331,0.284107409525366,0.7907376968931791,0.0,2.0,missense,possibly_low,289
urn:mavedb:00000013-a-1#2526,p.Lys289Thr,1.03877366028082,0.21017643413075,7.0,0.0794392251651875,0.8830756399972801,1.19447168056435,1.0,4.0,missense,wt_like,289
urn:mavedb:00000013-a-1#2527,p.Lys289Val,0.8912096175566361,0.3776046461542,7.0,0.1427211410895079,0.611481321188741,1.17093791392453,0.0,3.0,missense,possibly_wt_like,289
urn:mavedb:00000013-a-1#2528,p.Asn292Ala,1.09782754183117,0.140858422073838,6.0,0.0575052100090817,0.9851194012899548,1.21053568237238,0.0,4.0,missense,wt_like,292
urn:mavedb:00000013-a-1#2529,p.Asn292Gly,1.01295863499459,0.492282602015681,7.0,0.186065334242468,0.6482772811079489,1.3776399888812398,0.0,3.0,missense,possibly_wt_like,292
urn:mavedb:00000013-a-1#2530,p.Asn292Ile,0.932526555453514,0.411260740818753,5.0,0.183921394589531,0.5720472460716539,1.2930058648353702,1.0,3.0,missense,possibly_wt_like,292
urn:mavedb:00000013-a-1#2531,p.Asn292Leu,0.816382835422088,0.420515171204464,7.0,0.15893979507668,0.504866561361617,1.12789910948256,0.0,3.0,missense,possibly_wt_like,292
urn:mavedb:00000013-a-1#2532,p.Asn292Arg,1.05286326860084,0.281499374556878,5.0,0.125890347426571,0.806122721643529,1.29960381555816,0.0,4.0,missense,wt_like,292
urn:mavedb:00000013-a-1#2533,p.Asn292Ser,0.9370789226743492,0.338545853543796,3.0,0.195459539676542,0.553985264473548,1.32017258087515,1.0,3.0,missense,possibly_wt_like,292
urn:mavedb:00000013-a-1#2534,p.Asn292Val,1.18841764802656,0.176097690513141,3.0,0.101670049021433,0.989148013638134,1.387687282415,0.0,4.0,missense,wt_like,292
urn:mavedb:00000013-a-1#2535,p.Leu25Ter,0.658178169349559,0.170041446461815,8.0,0.0601187299379592,0.540347623874869,0.776008714824249,1.0,2.0,nonsense,possibly_low,25
urn:mavedb:00000013-a-1#2536,p.Gly293Ala,1.07536815636422,0.153172797920241,4.0,0.0765863989601203,0.925261572696772,1.22547474003168,1.0,4.0,missense,wt_like,293
urn:mavedb:00000013-a-1#2537,p.Gly293Leu,1.0078391878676898,0.0737400610842267,8.0,0.0260710486188835,0.956740871535486,1.05893750419989,0.0,4.0,missense,wt_like,293
urn:mavedb:00000013-a-1#2538,p.Gly293Arg,1.16955216714077,0.117058692933942,6.0,0.0477890112742162,1.07588742618653,1.26321690809501,1.0,4.0,missense,wt_like,293
urn:mavedb:00000013-a-1#2539,p.Gly293Ser,1.0301990566201,0.40121079358893,7.0,0.151643426164454,0.7329834028455161,1.3274147103946898,0.0,4.0,missense,wt_like,293
urn:mavedb:00000013-a-1#2540,p.Gly293Thr,0.845816985633236,0.6111148098528871,3.0,0.352827299974331,0.154288184921037,1.5373457863454398,0.0,3.0,missense,possibly_wt_like,293
urn:mavedb:00000013-a-1#2541,p.Gly293Val,0.961489759848845,0.172950925159484,8.0,0.0611473859963792,0.8416430855471719,1.08133643415052,1.0,4.0,missense,wt_like,293
urn:mavedb:00000013-a-1#2542,p.Gly293Ter,0.0975413414471363,0.109396792515896,6.0,0.0446610535268444,0.0100072850229057,0.185075397871367,1.0,1.0,nonsense,low,293
urn:mavedb:00000013-a-1#2543,p.Ser294Glu,1.13175504260039,0.0992200205493541,2.0,0.0701591493599168,0.994245636668982,1.26926444853179,0.0,4.0,missense,wt_like,294
urn:mavedb:00000013-a-1#2544,p.Ser294Gly,0.9762033937192868,0.528425648476009,6.0,0.215728867627589,0.5533825827436041,1.39902420469497,1.0,3.0,missense,possibly_wt_like,294
urn:mavedb:00000013-a-1#2545,p.Ser294Lys,0.958907987733877,0.681604550832141,4.0,0.34080227541607,0.290947802069079,1.6268681733986698,0.0,3.0,missense,possibly_wt_like,294
urn:mavedb:00000013-a-1#2546,p.Leu25Tyr,0.934363836071874,0.197813193489374,3.0,0.11420750051035,0.7105212483072489,1.1582064238365,0.0,4.0,missense,wt_like,25
urn:mavedb:00000013-a-1#2547,p.Ser294Leu,0.9692792152513672,0.1735406774218409,7.0,0.0655922106874104,0.84072084463768,1.0978375858650502,0.0,4.0,missense,wt_like,294
urn:mavedb:00000013-a-1#2548,p.Ser294Arg,0.9242193153634972,0.203627176261854,6.0,0.0831304466008856,0.7612866340070309,1.08715199671996,1.0,4.0,missense,wt_like,294
urn:mavedb:00000013-a-1#2549,p.Ser294=,0.8243934436611,0.293033267239136,5.0,0.131048461043114,0.567543179787196,1.081243707535,0.0,3.0,synonymous,possibly_wt_like,294
urn:mavedb:00000013-a-1#2550,p.Ser294Thr,1.06159067173188,0.142715688717079,4.0,0.0713578443585394,0.9217318667747252,1.20144947668903,1.0,4.0,missense,wt_like,294
urn:mavedb:00000013-a-1#2551,p.Ser294Val,0.78599081835538,0.327705210442101,5.0,0.1465542254258819,0.4987498147384861,1.07323182197227,0.0,3.0,missense,possibly_wt_like,294
urn:mavedb:00000013-a-1#2552,p.Ser294Trp,1.05466060996834,0.151378081158046,4.0,0.0756890405790232,0.906312816409064,1.20300840352762,0.0,4.0,missense,wt_like,294
urn:mavedb:00000013-a-1#2553,p.Ser294Tyr,0.950080919753577,0.324417381274922,3.0,0.18730246240887,0.582974839216525,1.31718700029063,0.0,3.0,missense,possibly_wt_like,294
urn:mavedb:00000013-a-1#2554,p.Leu295Ala,1.0334773600348,0.239441944274854,8.0,0.0846555112486204,0.867555606894674,1.19939911317492,0.0,4.0,missense,wt_like,295
urn:mavedb:00000013-a-1#2555,p.Leu295Cys,0.948287552239905,0.210084966180713,8.0,0.0742762521058645,0.8027087732057941,1.09386633127402,0.0,4.0,missense,wt_like,295
urn:mavedb:00000013-a-1#2556,p.Leu295Asp,0.974849969483326,0.4025712117224289,7.0,0.152157615887354,0.6766265223706329,1.27307341659602,0.0,3.0,missense,possibly_wt_like,295
urn:mavedb:00000013-a-1#2557,p.Glu7Cys,0.588206538085869,0.1416414408804049,3.0,0.0817767240207086,0.427927104231609,0.74848597194013,0.0,2.0,missense,possibly_low,7
urn:mavedb:00000013-a-1#2558,p.Thr26Ala,0.779671300254878,0.10266428119058,8.0,0.0362973047077509,0.70852989029181,0.8508127102179459,1.0,4.0,missense,wt_like,26
urn:mavedb:00000013-a-1#2559,p.Leu295Glu,0.92785113239992,0.318777487078486,4.0,0.159388743539243,0.615454935521913,1.24024732927793,0.0,3.0,missense,possibly_wt_like,295
urn:mavedb:00000013-a-1#2560,p.Leu295Phe,0.877125149022678,0.262810073235303,4.0,0.131405036617651,0.619576009864914,1.13467428818044,0.0,3.0,missense,possibly_wt_like,295
urn:mavedb:00000013-a-1#2561,p.Leu295Gly,1.0535422223871,0.147703620705546,8.0,0.0522211159033486,0.951190715984043,1.1558937287901498,0.0,4.0,missense,wt_like,295
urn:mavedb:00000013-a-1#2562,p.Leu295His,1.15935016779341,0.0723242225321808,3.0,0.041756409347885,1.07750910934785,1.24119122623898,0.0,4.0,missense,wt_like,295
urn:mavedb:00000013-a-1#2563,p.Leu295Ile,1.15035776669198,0.0474774032389568,3.0,0.0274110915404361,1.09663301449579,1.20408251888816,1.0,4.0,missense,wt_like,295
urn:mavedb:00000013-a-1#2564,p.Leu295=,1.05586319776448,0.099734533567333,6.0,0.0407164528290745,0.976060416641265,1.13566597888769,0.0,4.0,synonymous,wt_like,295
urn:mavedb:00000013-a-1#2565,p.Leu295Met,1.0567016298769,0.124183726297624,8.0,0.0439055774890321,0.970648279277962,1.14275498047583,0.0,4.0,missense,wt_like,295
urn:mavedb:00000013-a-1#2566,p.Leu295Pro,0.7906989093906569,0.592431248404529,2.0,0.418912153133655,-0.0303538234374339,1.61175164221875,1.0,3.0,missense,possibly_wt_like,295
urn:mavedb:00000013-a-1#2567,p.Leu295Arg,1.01980419247168,0.0816205708481993,8.0,0.0288572295655394,0.963245061829619,1.07636332311374,1.0,4.0,missense,wt_like,295
urn:mavedb:00000013-a-1#2568,p.Leu295Ser,0.841945109239677,0.255591614057273,6.0,0.104344839495781,0.6374329818553339,1.04645723662402,0.0,3.0,missense,possibly_wt_like,295
urn:mavedb:00000013-a-1#2569,p.Thr26Cys,0.963216717709902,0.0807017511470238,5.0,0.0360909202936034,0.892479813765534,1.03395362165427,0.0,4.0,missense,wt_like,26
urn:mavedb:00000013-a-1#2570,p.Leu295Val,0.74309013596737,0.652617012364144,7.0,0.24666604515507,0.259633571254502,1.22654670068024,1.0,3.0,missense,possibly_wt_like,295
urn:mavedb:00000013-a-1#2571,p.Leu295Tyr,0.922578338458676,0.279380729773111,3.0,0.1613005395408999,0.606435090271634,1.23872158664572,0.0,3.0,missense,possibly_wt_like,295
urn:mavedb:00000013-a-1#2572,p.Cys296Ile,1.0035329813495302,0.12517464391347,5.0,0.0559798025699697,0.893814584450728,1.11325137824833,0.0,4.0,missense,wt_like,296
urn:mavedb:00000013-a-1#2573,p.Cys296Arg,0.936433530733162,0.151938073429802,4.0,0.0759690367149012,0.787536954831754,1.08533010663457,1.0,4.0,missense,wt_like,296
urn:mavedb:00000013-a-1#2574,p.Cys296Ser,0.8974601454280869,0.438877354856281,2.0,0.310333153728091,0.289218340912297,1.5057019499438795,1.0,3.0,missense,possibly_wt_like,296
urn:mavedb:00000013-a-1#2575,p.Cys296Thr,0.9632074455340792,0.228321691889977,7.0,0.0862974879517704,0.79406747719233,1.13234741387583,0.0,4.0,missense,wt_like,296
urn:mavedb:00000013-a-1#2576,p.Cys296Ter,0.0094922682639762,0.114191159245176,2.0,0.080745343053817,-0.148765696040836,0.167750232568789,1.0,1.0,nonsense,low,296
urn:mavedb:00000013-a-1#2577,p.Asp297Phe,0.9040393705373772,0.176606589226406,6.0,0.0720993381363339,0.762727264480987,1.04535147659377,0.0,4.0,missense,wt_like,297
urn:mavedb:00000013-a-1#2578,p.Asp297Gly,1.09446452954357,0.186175188840446,4.0,0.0930875944202232,0.912016197072458,1.27691286201468,1.0,4.0,missense,wt_like,297
urn:mavedb:00000013-a-1#2579,p.Asp297His,1.07733407224445,0.236688458324199,7.0,0.0894598284178723,0.901996030482289,1.2526721140066102,1.0,4.0,missense,wt_like,297
urn:mavedb:00000013-a-1#2580,p.Thr26Asp,0.67014417668323,0.080571109581244,2.0,0.056972377952622,0.558480367782487,0.7818079855839731,0.0,2.0,missense,possibly_low,26
urn:mavedb:00000013-a-1#2581,p.Asp297Ile,1.14228512098721,0.212558412378445,2.0,0.150301494791045,0.8476996043742241,1.43687063760019,0.0,4.0,missense,wt_like,297
urn:mavedb:00000013-a-1#2582,p.Asp297Leu,1.2369543189578898,0.180809595148743,4.0,0.0904047975743713,1.05976417168249,1.4141444662333,0.0,4.0,missense,wt_like,297
urn:mavedb:00000013-a-1#2583,p.Asp297Pro,0.948532867460711,0.252169567182552,6.0,0.102947794709289,0.746758897542681,1.15030683737874,0.0,4.0,missense,wt_like,297
urn:mavedb:00000013-a-1#2584,p.Asp297Val,1.04117571136974,0.207323608222122,6.0,0.0846395086294809,0.8752853227867899,1.20706609995269,1.0,4.0,missense,wt_like,297
urn:mavedb:00000013-a-1#2585,p.Gln298Ala,0.7968300864331209,0.24480570528455,7.0,0.092527859387527,0.615478814466982,0.97818135839926,0.0,3.0,missense,possibly_wt_like,298
urn:mavedb:00000013-a-1#2586,p.Gln298Cys,0.9849025425884852,0.275845915834734,6.0,0.112613623570969,0.764183896220835,1.20562118895614,0.0,4.0,missense,wt_like,298
urn:mavedb:00000013-a-1#2587,p.Gln298Glu,0.772931322570872,0.318968291347572,4.0,0.159484145673786,0.4603481409451121,1.08551450419663,1.0,3.0,missense,possibly_wt_like,298
urn:mavedb:00000013-a-1#2588,p.Gln298Phe,0.8801473202634291,0.095136629838895,5.0,0.0425463942940008,0.796757919775147,0.9635367207517108,0.0,4.0,missense,wt_like,298
urn:mavedb:00000013-a-1#2589,p.Gln298Gly,1.00545115616781,0.2406291834606929,8.0,0.0850752636882189,0.8387067033636529,1.1721956089719698,0.0,4.0,missense,wt_like,298
urn:mavedb:00000013-a-1#2590,p.Gln298Leu,0.5712084912794649,0.369707376862172,7.0,0.139736253863335,0.297330466372783,0.845086516186147,1.0,2.0,missense,possibly_low,298
urn:mavedb:00000013-a-1#2591,p.Thr26Glu,0.5358176580423589,0.371804213071237,2.0,0.262905280336399,0.0205327772376095,1.05110253884711,0.0,2.0,missense,possibly_low,26
urn:mavedb:00000013-a-1#2592,p.Gln298Met,0.96247383751784,0.314171295725099,8.0,0.111076326830691,0.7447682373946859,1.18017943764099,0.0,4.0,missense,wt_like,298
urn:mavedb:00000013-a-1#2593,p.Gln298Asn,1.06981376188724,0.0725992480776109,2.0,0.0513354206247232,0.969198186331568,1.17042933744291,0.0,4.0,missense,wt_like,298
urn:mavedb:00000013-a-1#2594,p.Gln298Pro,1.0217728684322,0.155056481941052,2.0,0.109641489847447,0.806879497119891,1.23666623974451,1.0,4.0,missense,wt_like,298
urn:mavedb:00000013-a-1#2595,p.Gln298=,1.23395123314079,0.391319226290013,3.0,0.2259282606376149,0.7911399792012891,1.6767624870803002,0.0,4.0,synonymous,wt_like,298
urn:mavedb:00000013-a-1#2596,p.Gln298Arg,1.06937804594966,0.1479786282101499,7.0,0.0559306642280776,0.959755958431222,1.1790001334680902,1.0,4.0,missense,wt_like,298
urn:mavedb:00000013-a-1#2597,p.Gln298Ser,0.9825489475358008,0.337451227453993,8.0,0.119307025626221,0.7487114742058109,1.2163864208657902,0.0,4.0,missense,wt_like,298
urn:mavedb:00000013-a-1#2598,p.Gln298Thr,0.953947110755044,0.354932910676057,7.0,0.1341520305373069,0.691013962449004,1.21688025906108,0.0,3.0,missense,possibly_wt_like,298
urn:mavedb:00000013-a-1#2599,p.Gln298Val,0.724168326507491,0.4196045917067949,6.0,0.171302857235086,0.388420895877916,1.05991575713707,0.0,3.0,missense,possibly_wt_like,298
urn:mavedb:00000013-a-1#2600,p.Gln298Trp,1.01021073967102,0.2542810398802629,6.0,0.103809799828491,0.8067472707648661,1.21367420857717,0.0,4.0,missense,wt_like,298
urn:mavedb:00000013-a-1#2601,p.Glu299Ala,0.9102303328477852,0.104183403780754,3.0,0.0601503162179096,0.792337879401986,1.02812278629358,1.0,4.0,missense,wt_like,299
urn:mavedb:00000013-a-1#2602,p.Thr26Gly,0.4266731903073271,0.122252199802019,8.0,0.0432226797474903,0.341958294686937,0.511388085927717,0.0,1.0,missense,low,26
urn:mavedb:00000013-a-1#2603,p.Glu299Cys,1.00420974485689,0.147210318009149,4.0,0.0736051590045744,0.8599462841315759,1.1484732055822,0.0,4.0,missense,wt_like,299
urn:mavedb:00000013-a-1#2604,p.Glu299Gly,0.849213232570376,0.256648439302022,7.0,0.0970039921094295,0.659088901679286,1.03933756346146,1.0,3.0,missense,possibly_wt_like,299
urn:mavedb:00000013-a-1#2605,p.Glu299Ile,0.929239362373982,0.1391734919318999,4.0,0.0695867459659501,0.7928518464793821,1.06562687826858,0.0,4.0,missense,wt_like,299
urn:mavedb:00000013-a-1#2606,p.Glu299Lys,1.02483519233062,0.11498916947666,7.0,0.0434618208430145,0.93965158877578,1.11001879588546,1.0,4.0,missense,wt_like,299
urn:mavedb:00000013-a-1#2607,p.Glu299Leu,0.859088221715284,0.110175214903513,5.0,0.0492718539919806,0.762517162439486,0.955659280991082,0.0,4.0,missense,wt_like,299
urn:mavedb:00000013-a-1#2608,p.Glu299Met,0.948678830628238,0.114189887894461,6.0,0.0466178265211738,0.8573095696092009,1.04004809164727,0.0,4.0,missense,wt_like,299
urn:mavedb:00000013-a-1#2609,p.Glu299Arg,0.644803787720266,0.3468123186811519,8.0,0.1226166711692359,0.404479528324372,0.8851280471161601,0.0,2.0,missense,possibly_low,299
urn:mavedb:00000013-a-1#2610,p.Glu299Ser,1.06801195756544,0.197833685072114,7.0,0.0747741045217549,0.921457405726565,1.21456650940431,0.0,4.0,missense,wt_like,299
urn:mavedb:00000013-a-1#2611,p.Glu299Thr,0.8001948296586558,0.139370856080549,4.0,0.0696854280402746,0.6636139004524599,0.936775758864852,0.0,3.0,missense,possibly_wt_like,299
urn:mavedb:00000013-a-1#2612,p.Glu299Val,0.652059655705643,0.335060616879363,7.0,0.126641009484955,0.403847838149336,0.90027147326195,1.0,2.0,missense,possibly_low,299
urn:mavedb:00000013-a-1#2613,p.Thr26Lys,0.62595598946623,0.132415456685554,8.0,0.0468159336781345,0.534198445554471,0.7177135333779899,0.0,2.0,missense,possibly_low,26
urn:mavedb:00000013-a-1#2614,p.Glu299Trp,1.04876213643689,0.405031600439262,4.0,0.202515800219631,0.6518384617061039,1.4456858111676698,0.0,3.0,missense,possibly_wt_like,299
urn:mavedb:00000013-a-1#2615,p.Glu299Ter,0.15695305851482,0.198500902274683,8.0,0.0701806670350382,0.0194014787151482,0.294504638314493,1.0,1.0,nonsense,low,299
urn:mavedb:00000013-a-1#2616,p.Glu299Tyr,1.13391133412484,0.0780155448052941,3.0,0.0450422957943119,1.04563005658699,1.2221926116626998,0.0,4.0,missense,wt_like,299
urn:mavedb:00000013-a-1#2617,p.Ile300Ala,1.28691019972051,0.113922452522164,2.0,0.0805553387078246,1.12902463709075,1.44479576235028,0.0,4.0,missense,wt_like,300
urn:mavedb:00000013-a-1#2618,p.Ile300Lys,1.19097183212933,0.407456365787072,3.0,0.2352450424701929,0.729900021346152,1.6520436429124998,0.0,4.0,missense,wt_like,300
urn:mavedb:00000013-a-1#2619,p.Ile300Val,0.329428114069465,0.7385779784190529,2.0,0.522253496975164,-0.694169930801954,1.35302615894088,1.0,2.0,missense,possibly_low,300
urn:mavedb:00000013-a-1#2620,p.Ser302=,0.9170485553387728,0.2667096989348661,2.0,0.1885922367250669,0.547414563593791,1.28668254708376,0.0,3.0,synonymous,possibly_wt_like,302
urn:mavedb:00000013-a-1#2621,p.Ile303Ala,0.90753691162495,0.0822107035279494,3.0,0.0474643718121301,0.814508452324357,1.00056537092554,0.0,4.0,missense,wt_like,303
urn:mavedb:00000013-a-1#2622,p.Ile303Cys,1.11709669347934,0.7670164512077141,2.0,0.542362533930615,0.0540856604114544,2.18010772654723,0.0,3.0,missense,possibly_wt_like,303
urn:mavedb:00000013-a-1#2623,p.Ile303Phe,0.8630853284279771,0.2832810127807669,4.0,0.141640506390384,0.5854750371508101,1.14069561970514,1.0,3.0,missense,possibly_wt_like,303
urn:mavedb:00000013-a-1#2624,p.Thr26Leu,0.486823664496591,0.0891276161324743,6.0,0.036386196919202,0.415508029000572,0.558139299992609,0.0,1.0,missense,low,26
urn:mavedb:00000013-a-1#2625,p.Ile303Gly,0.998417587134972,0.104859129873204,8.0,0.0370733009013318,0.925755252580345,1.0710799216896,0.0,4.0,missense,wt_like,303
urn:mavedb:00000013-a-1#2626,p.Ile303Lys,0.656194350376539,0.442668425310182,5.0,0.197967338097271,0.268185497590624,1.04420320316245,0.0,2.0,missense,possibly_low,303
urn:mavedb:00000013-a-1#2627,p.Ile303Leu,0.912401776060758,0.271364363721011,8.0,0.0959417908797498,0.724359321324175,1.10044423079734,1.0,4.0,missense,wt_like,303
urn:mavedb:00000013-a-1#2628,p.Ile303Met,1.2821728775426,0.1637996133095109,2.0,0.115823817326889,1.05516236702995,1.50918338805525,1.0,4.0,missense,wt_like,303
urn:mavedb:00000013-a-1#2629,p.Ile303Pro,1.0303562363211,0.218895723854694,8.0,0.0773913253551961,0.878672025909095,1.18204044673311,0.0,4.0,missense,wt_like,303
urn:mavedb:00000013-a-1#2630,p.Ile303Gln,1.0171505165225,0.261894678166977,6.0,0.106918054643252,0.807594980124643,1.2267060529203602,0.0,4.0,missense,wt_like,303
urn:mavedb:00000013-a-1#2631,p.Ile303Arg,1.09522974161105,0.155931946993025,8.0,0.0551302685611945,0.98717640077309,1.20328308244901,0.0,4.0,missense,wt_like,303
urn:mavedb:00000013-a-1#2632,p.Ile303Ser,1.06350238747879,0.205632627661968,6.0,0.0839491687065904,0.8989650402818,1.22803973467579,1.0,4.0,missense,wt_like,303
urn:mavedb:00000013-a-1#2633,p.Ile303Thr,0.983313906781942,0.119458342637192,5.0,0.0534233949232446,0.878605976800523,1.08802183676336,1.0,4.0,missense,wt_like,303
urn:mavedb:00000013-a-1#2634,p.Ile303Val,1.07577758457932,0.19044054683403,8.0,0.0673309010396084,0.94381144349506,1.20774372566359,1.0,4.0,missense,wt_like,303
urn:mavedb:00000013-a-1#2635,p.Thr26Met,0.706704568216981,0.132455101327531,4.0,0.0662275506637656,0.576900954131699,0.836508182302264,0.0,2.0,missense,possibly_low,26
urn:mavedb:00000013-a-1#2636,p.Ile303Trp,0.9525713772291752,0.25764590292957,7.0,0.0973809979237616,0.761708128520032,1.14343462593832,0.0,4.0,missense,wt_like,303
urn:mavedb:00000013-a-1#2637,p.Ile303Ter,0.0286361783868636,0.034854773385826,5.0,0.0155875285262115,-0.0019148161325016,0.0591871729062288,0.0,1.0,nonsense,low,303
urn:mavedb:00000013-a-1#2638,p.Ile303Tyr,1.0354695405311,0.0887883513444852,5.0,0.0397073578432808,0.9576445492370258,1.11329453182517,0.0,4.0,missense,wt_like,303
urn:mavedb:00000013-a-1#2639,p.Cys304Glu,1.33134399321327,0.125475278373253,3.0,0.0724431857454406,1.18935795822686,1.47333002819968,0.0,4.0,missense,wt_like,304
urn:mavedb:00000013-a-1#2640,p.Cys304Pro,0.8796055253005071,0.49835623951269,2.0,0.352391076406051,0.188931707071345,1.57027934352967,0.0,3.0,missense,possibly_wt_like,304
urn:mavedb:00000013-a-1#2641,p.Cys304Arg,0.958330195733241,0.450137633162985,6.0,0.183767919212238,0.598151692563388,1.31850869890309,1.0,3.0,missense,possibly_wt_like,304
urn:mavedb:00000013-a-1#2642,p.Ser305Ala,1.16929026467449,0.114486469235978,5.0,0.0511999055431171,1.06894029379813,1.26964023555085,0.0,4.0,missense,wt_like,305
urn:mavedb:00000013-a-1#2643,p.Ser305Cys,0.9425463353433008,0.183844094181391,7.0,0.0694865361731281,0.80635522703353,1.07873744365307,1.0,4.0,missense,wt_like,305
urn:mavedb:00000013-a-1#2644,p.Ser305Phe,0.949778579132932,0.205684335627386,8.0,0.0727203942529872,0.807249225455523,1.09230793281034,0.0,4.0,missense,wt_like,305
urn:mavedb:00000013-a-1#2645,p.Ser305Ile,1.12853976109162,0.100039447249925,2.0,0.0707385715365758,0.989894708562122,1.26718481362112,1.0,4.0,missense,wt_like,305
urn:mavedb:00000013-a-1#2646,p.Thr26Asn,0.42161733710288,0.0486238485279288,2.0,0.034382253021486,0.354229359473424,0.4890053147323361,1.0,1.0,missense,low,26
urn:mavedb:00000013-a-1#2647,p.Ser305Lys,1.15079891468064,0.137353273510746,4.0,0.0686766367553731,1.01619518006076,1.28540264930051,0.0,4.0,missense,wt_like,305
urn:mavedb:00000013-a-1#2648,p.Ser305Leu,0.8860687097890491,0.201182391387024,7.0,0.0760397965393325,0.7370334471802041,1.03510397239789,0.0,4.0,missense,wt_like,305
urn:mavedb:00000013-a-1#2649,p.Ser305Met,0.838758726616516,0.125062620575771,3.0,0.0722049376549812,0.6972396493067929,0.980277803926239,0.0,3.0,missense,possibly_wt_like,305
urn:mavedb:00000013-a-1#2650,p.Ser305Pro,1.17323613753245,0.182914777739665,7.0,0.0691352875739726,1.03773346382664,1.30873881123826,0.0,4.0,missense,wt_like,305
urn:mavedb:00000013-a-1#2651,p.Ser305Gln,1.06423492267599,0.0763424274936957,2.0,0.0539822481730345,0.958431660452341,1.17003818489964,0.0,4.0,missense,wt_like,305
urn:mavedb:00000013-a-1#2652,p.Ser305Arg,0.9065632092839788,0.327203645702121,7.0,0.1236713535145,0.6641718104762379,1.14895460809172,1.0,3.0,missense,possibly_wt_like,305
urn:mavedb:00000013-a-1#2653,p.Ser305Thr,1.09229107917664,0.097872784086365,7.0,0.0369924352591488,1.01978723836828,1.16479491998501,1.0,4.0,missense,wt_like,305
urn:mavedb:00000013-a-1#2654,p.Ser305Trp,0.8059604584583839,0.14479118982304,6.0,0.0591107557194849,0.6901055061492479,0.921815410767519,0.0,3.0,missense,possibly_wt_like,305
urn:mavedb:00000013-a-1#2655,p.Ile306Ala,0.8747751839699809,0.2061589694038469,4.0,0.103079484701924,0.6727431064092628,1.0768072615306998,0.0,3.0,missense,possibly_wt_like,306
urn:mavedb:00000013-a-1#2656,p.Ile306Cys,0.7751841528455301,0.5315311335864821,4.0,0.265765566793241,0.254293213599904,1.29607509209116,0.0,3.0,missense,possibly_wt_like,306
urn:mavedb:00000013-a-1#2657,p.Thr26Pro,0.13051033572119,0.078561578584885,3.0,0.0453575485439453,0.0416111741480304,0.21940949729435,1.0,1.0,missense,low,26
urn:mavedb:00000013-a-1#2658,p.Ile306Glu,1.04841204431775,0.201710327430863,8.0,0.071315370180861,0.908636487219124,1.18818760141638,0.0,4.0,missense,wt_like,306
urn:mavedb:00000013-a-1#2659,p.Ile306Phe,0.9361693556068572,0.224252673286336,8.0,0.0792852929899898,0.780773036842771,1.09156567437094,0.0,4.0,missense,wt_like,306
urn:mavedb:00000013-a-1#2660,p.Ile306Gly,0.810905262007576,0.357401180767306,8.0,0.1263603992623209,0.5632434303813261,1.05856709363383,0.0,3.0,missense,possibly_wt_like,306
urn:mavedb:00000013-a-1#2661,p.Ile306His,0.919513032061471,0.478898421208097,6.0,0.1955094617640489,0.536321528367125,1.30270453575582,0.0,3.0,missense,possibly_wt_like,306
urn:mavedb:00000013-a-1#2662,p.Ile306=,1.0853479243714,0.110936458926668,8.0,0.0392219611939348,1.00847429302826,1.16222155571454,0.0,4.0,synonymous,wt_like,306
urn:mavedb:00000013-a-1#2663,p.Ile306Leu,0.912944738926336,0.237511883936391,8.0,0.0839731318719072,0.748360424788365,1.07752905306431,1.0,4.0,missense,wt_like,306
urn:mavedb:00000013-a-1#2664,p.Ile306Met,0.399181664464231,0.503831763622168,3.0,0.290887404353542,-0.170947171625052,0.9693105005535128,1.0,2.0,missense,possibly_low,306
urn:mavedb:00000013-a-1#2665,p.Ile306Pro,1.02620305652246,0.156383893406496,7.0,0.0591075558585175,0.9103543758255792,1.14205173721935,0.0,4.0,missense,wt_like,306
urn:mavedb:00000013-a-1#2666,p.Ile306Ser,0.542853758002224,0.320450932468382,7.0,0.121119067815727,0.305464747242334,0.7802427687621141,0.0,2.0,missense,possibly_low,306
urn:mavedb:00000013-a-1#2667,p.Ile306Thr,0.7134704453012378,0.575449461368155,5.0,0.257348822646967,0.209076021449397,1.2178648691530802,1.0,3.0,missense,possibly_wt_like,306
urn:mavedb:00000013-a-1#2668,p.Glu7Asp,1.2213511481218,0.1289920657513359,3.0,0.07447360388486,1.07538556670858,1.36731672953503,1.0,4.0,missense,wt_like,7
urn:mavedb:00000013-a-1#2669,p.Thr26Gln,0.9261789194086892,0.142269133585344,4.0,0.0711345667926718,0.786757730439193,1.06560010837818,0.0,4.0,missense,wt_like,26
urn:mavedb:00000013-a-1#2670,p.Ile306Val,0.960866881196118,0.356613508655052,5.0,0.159482409409481,0.648287102585863,1.27344665980637,1.0,3.0,missense,possibly_wt_like,306
urn:mavedb:00000013-a-1#2671,p.Ile306Ter,0.214313653252059,0.1634006231837889,5.0,0.0730749802009562,0.0710893238872073,0.357537982616911,0.0,1.0,nonsense,low,306
urn:mavedb:00000013-a-1#2672,p.Ile306Tyr,0.8547120229124721,0.1991040034055249,5.0,0.0890420172414205,0.6801928760084929,1.0292311698164498,0.0,3.0,missense,possibly_wt_like,306
urn:mavedb:00000013-a-1#2673,p.Glu307Ala,0.7486612553337411,0.3330463905987529,4.0,0.1665231952993769,0.422281789956434,1.07504072071105,1.0,3.0,missense,possibly_wt_like,307
urn:mavedb:00000013-a-1#2674,p.Glu307Gly,0.9198247739319352,0.243989948963426,8.0,0.0862634737266989,0.7507514722462879,1.08889807561758,1.0,4.0,missense,wt_like,307
urn:mavedb:00000013-a-1#2675,p.Glu307Ile,1.06110859228902,0.1398192486896869,2.0,0.0988671388888861,0.8673325608122879,1.25488462376576,0.0,4.0,missense,wt_like,307
urn:mavedb:00000013-a-1#2676,p.Glu307Lys,1.02285256487864,0.266162896127664,6.0,0.108660547329029,0.809881805573329,1.23582332418394,1.0,4.0,missense,wt_like,307
urn:mavedb:00000013-a-1#2677,p.Glu307Leu,0.5147373352756279,0.34712733293147,7.0,0.131201799458542,0.25758653363004,0.771888136921217,0.0,2.0,missense,possibly_low,307
urn:mavedb:00000013-a-1#2678,p.Glu307Met,0.9771556258415172,0.0718444204505956,7.0,0.0271546385142627,0.923933512340358,1.03037773934268,0.0,4.0,missense,wt_like,307
urn:mavedb:00000013-a-1#2679,p.Glu307Asn,0.9483131229395728,0.448389413796131,5.0,0.200525841927886,0.5552896947913439,1.3413365510878,0.0,3.0,missense,possibly_wt_like,307
urn:mavedb:00000013-a-1#2680,p.Thr26Arg,0.604193828195795,0.25705566576299,8.0,0.0908829022017165,0.426066613069954,0.782321043321635,0.0,2.0,missense,possibly_low,26
urn:mavedb:00000013-a-1#2681,p.Glu307Pro,0.659247461744053,0.220098827775762,2.0,0.155633373651451,0.3542116545947429,0.964283268893362,0.0,2.0,missense,possibly_low,307
urn:mavedb:00000013-a-1#2682,p.Glu307Arg,0.912119428072822,0.244320576468147,8.0,0.0863803682020165,0.7428170174255601,1.08142183872008,0.0,4.0,missense,wt_like,307
urn:mavedb:00000013-a-1#2683,p.Glu307Ser,0.8304176623409849,0.5887113352563421,4.0,0.294355667628171,0.2534911551445269,1.40734416953744,0.0,3.0,missense,possibly_wt_like,307
urn:mavedb:00000013-a-1#2684,p.Glu307Thr,1.3848079784746798,0.245316264779013,3.0,0.1416334115067569,1.1072115929139,1.66240436403546,0.0,4.0,missense,wt_like,307
urn:mavedb:00000013-a-1#2685,p.Glu307Val,0.9995524615272758,0.0800420837348027,3.0,0.0462123185907869,0.908977981447242,1.09012694160731,1.0,4.0,missense,wt_like,307
urn:mavedb:00000013-a-1#2686,p.Glu307Trp,1.05516352135655,0.247073265920506,3.0,0.142647816588764,0.775578938369295,1.3347481043438,0.0,4.0,missense,wt_like,307
urn:mavedb:00000013-a-1#2687,p.Arg308Ala,0.944249123997385,0.259958309993336,7.0,0.0982550056410006,0.751672851640244,1.13682539635453,0.0,4.0,missense,wt_like,308
urn:mavedb:00000013-a-1#2688,p.Arg308Cys,1.24439848373776,0.0283158992917293,3.0,0.0163481920784263,1.2123566160517,1.27644035142382,1.0,4.0,missense,wt_like,308
urn:mavedb:00000013-a-1#2689,p.Arg308Gly,0.79336733315155,0.514261574269124,7.0,0.194372604907525,0.412404027951568,1.17433063835153,1.0,3.0,missense,possibly_wt_like,308
urn:mavedb:00000013-a-1#2690,p.Arg308His,0.571405550776024,0.418741322412142,3.0,0.24176041521547,0.097563844066254,1.04524725748579,1.0,2.0,missense,possibly_low,308
urn:mavedb:00000013-a-1#2691,p.Thr26Ser,1.00302921822502,0.134775830433226,7.0,0.0509404757240751,0.903187720450496,1.10287071599954,1.0,4.0,missense,wt_like,26
urn:mavedb:00000013-a-1#2692,p.Arg308Ile,1.10012039715652,0.150990162004857,8.0,0.053383083723045,0.995491475675669,1.20474931863738,0.0,4.0,missense,wt_like,308
urn:mavedb:00000013-a-1#2693,p.Arg308Lys,1.16477427234123,0.0983471225631338,4.0,0.0491735612815669,1.06839586323778,1.26115268144467,0.0,4.0,missense,wt_like,308
urn:mavedb:00000013-a-1#2694,p.Arg308Leu,0.9520950795636692,0.127394370025392,8.0,0.0450407114649715,0.863816907254265,1.04037325187307,1.0,4.0,missense,wt_like,308
urn:mavedb:00000013-a-1#2695,p.Arg308Met,0.7431117372274159,0.7024832941445429,5.0,0.3141600797530349,0.127369295531236,1.3588541789236,0.0,3.0,missense,possibly_wt_like,308
urn:mavedb:00000013-a-1#2696,p.Arg308Asn,0.9984670954796429,0.179369120846198,7.0,0.0677951552347616,0.8655910328932079,1.13134315806608,0.0,4.0,missense,wt_like,308
urn:mavedb:00000013-a-1#2697,p.Arg308Pro,1.06100351027962,0.190127482471656,7.0,0.0718614337169705,0.920157688316942,1.20184933224229,1.0,4.0,missense,wt_like,308
urn:mavedb:00000013-a-1#2698,p.Arg308=,0.9069010341051128,0.270569818525504,8.0,0.0956608767318987,0.7194091609810659,1.09439290722916,0.0,4.0,synonymous,wt_like,308
urn:mavedb:00000013-a-1#2699,p.Arg308Thr,0.8625584614754941,0.170469045859182,5.0,0.0762360749201321,0.713138500309338,1.01197842264165,0.0,4.0,missense,wt_like,308
urn:mavedb:00000013-a-1#2700,p.Arg308Val,0.913729264940097,0.202589736943875,8.0,0.0716262883959065,0.773344319337841,1.05411421054235,0.0,4.0,missense,wt_like,308
urn:mavedb:00000013-a-1#2701,p.Arg308Trp,0.864400291139919,0.195822133584185,6.0,0.0799440512707299,0.7077128298710649,1.02108775240877,0.0,4.0,missense,wt_like,308
urn:mavedb:00000013-a-1#2702,p.Thr26=,1.14513234041245,0.161442329605827,7.0,0.0610194650308485,1.0255363865960898,1.26472829422882,0.0,4.0,synonymous,wt_like,26
urn:mavedb:00000013-a-1#2703,p.Arg308Ter,0.0868315979644902,0.0894463753784932,8.0,0.031624069291345,0.024849561108855,0.148813634820126,0.0,1.0,nonsense,low,308
urn:mavedb:00000013-a-1#2704,p.Ala309Cys,1.02508739991118,0.152527517394139,2.0,0.107853241866945,0.8136989302360781,1.23647586958628,0.0,4.0,missense,wt_like,309
urn:mavedb:00000013-a-1#2705,p.Ala309Gly,1.17803717251437,0.142937034001408,4.0,0.0714685170007042,1.0379614531645,1.31811289186424,1.0,4.0,missense,wt_like,309
urn:mavedb:00000013-a-1#2706,p.Ala309His,0.599676335845744,0.6739213401462659,2.0,0.476534349603751,-0.334313826773827,1.53366649846531,0.0,2.0,missense,possibly_low,309
urn:mavedb:00000013-a-1#2707,p.Ala309Ile,1.24186777083593,0.0256680657371191,3.0,0.0148194646629027,1.21282215382647,1.2709133878453798,0.0,4.0,missense,wt_like,309
urn:mavedb:00000013-a-1#2708,p.Ala309Leu,0.719573346325208,0.420303581178488,4.0,0.210151790589244,0.307683405483687,1.13146328716673,0.0,3.0,missense,possibly_wt_like,309
urn:mavedb:00000013-a-1#2709,p.Ala309Asn,1.07445348763677,0.277835211770997,5.0,0.1242516840126,0.830924661953623,1.3179823133199198,0.0,4.0,missense,wt_like,309
urn:mavedb:00000013-a-1#2710,p.Ala309Pro,0.9322617697936352,0.190798904451966,7.0,0.0721152073719252,0.790918560607025,1.07360497898025,1.0,4.0,missense,wt_like,309
urn:mavedb:00000013-a-1#2711,p.Ala309Arg,1.0307798877709,0.102693704659353,5.0,0.0459260208959201,0.94076654086166,1.12079323468013,0.0,4.0,missense,wt_like,309
urn:mavedb:00000013-a-1#2712,p.Ala309Val,0.8997880947704101,0.159086711269558,8.0,0.0562456461676854,0.7895486539945641,1.01002753554626,1.0,4.0,missense,wt_like,309
urn:mavedb:00000013-a-1#2713,p.Thr26Val,0.6916531124075881,0.282893163580696,8.0,0.100017837159613,0.495621753763155,0.887684471052021,0.0,2.0,missense,possibly_low,26
urn:mavedb:00000013-a-1#2714,p.Asp310Glu,0.8436985412807758,0.396536763893756,6.0,0.1618854559656979,0.5264088779671621,1.16098820459439,1.0,3.0,missense,possibly_wt_like,310
urn:mavedb:00000013-a-1#2715,p.Asp310Gly,1.3121421948970802,0.128452853168916,3.0,0.0741622893552491,1.16678677874976,1.4574976110444098,1.0,4.0,missense,wt_like,310
urn:mavedb:00000013-a-1#2716,p.Asp310Leu,0.862914340914495,0.426386727361208,7.0,0.161159034705208,0.547048437109047,1.17878024471994,0.0,3.0,missense,possibly_wt_like,310
urn:mavedb:00000013-a-1#2717,p.Asp310Arg,1.24347075903871,0.324690377031739,2.0,0.22959076738516,0.7934811237808891,1.69346039429654,0.0,4.0,missense,wt_like,310
urn:mavedb:00000013-a-1#2718,p.Asp310Ser,1.03268481076135,0.121364686551104,3.0,0.0700699344503947,0.8953502628394889,1.1700193586832,0.0,4.0,missense,wt_like,310
urn:mavedb:00000013-a-1#2719,p.Asp310Val,1.03236157757006,0.129470537038365,2.0,0.0915494947036921,0.8529278651479828,1.21179528999214,1.0,4.0,missense,wt_like,310
urn:mavedb:00000013-a-1#2720,p.Asp310Trp,1.18206556086138,0.0984831107759616,2.0,0.0696380754620284,1.04557744100312,1.31855368071964,0.0,4.0,missense,wt_like,310
urn:mavedb:00000013-a-1#2721,p.Asn311Ala,0.799923530167628,0.207425615882263,4.0,0.1037128079411319,0.596650161867491,1.0031968984677702,0.0,3.0,missense,possibly_wt_like,311
urn:mavedb:00000013-a-1#2722,p.Asn311Cys,0.459839950262802,0.405565128162486,4.0,0.202782564081243,0.0623934279708804,0.8572864725547241,0.0,2.0,missense,possibly_low,311
urn:mavedb:00000013-a-1#2723,p.Asn311Asp,1.04638703947691,0.230543355080374,7.0,0.0871371977087329,0.875601270254049,1.21717280869977,1.0,4.0,missense,wt_like,311
urn:mavedb:00000013-a-1#2724,p.Thr26Ter,0.5279251246918351,0.324148904653439,4.0,0.16207445232672,0.21026503531741,0.845585214066259,0.0,2.0,nonsense,possibly_low,26
urn:mavedb:00000013-a-1#2725,p.Asn311Glu,0.930467776578065,0.255730162255731,6.0,0.104401401560948,0.7258447895831021,1.13509076357303,0.0,4.0,missense,wt_like,311
urn:mavedb:00000013-a-1#2726,p.Asn311Phe,0.9810994519423772,0.228634406389422,8.0,0.0808344695852605,0.8226668028458679,1.13953210103889,0.0,4.0,missense,wt_like,311
urn:mavedb:00000013-a-1#2727,p.Asn311Gly,0.946441025293436,0.1088571231909,8.0,0.0384868049943725,0.87100827362445,1.02187377696242,0.0,4.0,missense,wt_like,311
urn:mavedb:00000013-a-1#2728,p.Asn311Ile,0.7142334857739119,0.336596947442808,4.0,0.168298473721404,0.3843745386269,1.04409243292092,1.0,3.0,missense,possibly_wt_like,311
urn:mavedb:00000013-a-1#2729,p.Asn311Lys,1.0358955290992902,0.256261197085218,6.0,0.104618195622263,0.830847633552093,1.2409434246465,1.0,4.0,missense,wt_like,311
urn:mavedb:00000013-a-1#2730,p.Asn311Leu,0.929627819776922,0.400161843533331,6.0,0.16336538853135,0.6094375419350829,1.24981809761876,0.0,3.0,missense,possibly_wt_like,311
urn:mavedb:00000013-a-1#2731,p.Asn311Met,0.895968748313123,0.226915054252497,6.0,0.0926376829790967,0.714402226062854,1.07753527056339,0.0,4.0,missense,wt_like,311
urn:mavedb:00000013-a-1#2732,p.Asn311Pro,0.863392558109519,0.19332462998981,6.0,0.0789244496978989,0.7087034792019941,1.01808163701704,0.0,4.0,missense,wt_like,311
urn:mavedb:00000013-a-1#2733,p.Asn311Arg,1.01002478744561,0.110574608987091,8.0,0.0390940279209116,0.933401900710017,1.0866476741812,0.0,4.0,missense,wt_like,311
urn:mavedb:00000013-a-1#2734,p.Asn311Ser,1.04462209021309,0.210364948951945,7.0,0.079510477070235,0.888784418761827,1.20045976166434,1.0,4.0,missense,wt_like,311
urn:mavedb:00000013-a-1#2735,p.Tyr27Cys,0.3494593521983481,0.140031730799771,5.0,0.0626240938150478,0.226718383756397,0.472200320640299,1.0,1.0,missense,low,27
urn:mavedb:00000013-a-1#2736,p.Asp312Gly,0.956246277229154,0.213067445044735,8.0,0.075330717620612,0.8086007837631971,1.10389177069511,1.0,4.0,missense,wt_like,312
urn:mavedb:00000013-a-1#2737,p.Asp312Leu,0.770203000648244,0.236557277187978,8.0,0.0836356274193227,0.6062801830819611,0.9341258182145268,0.0,3.0,missense,possibly_wt_like,312
urn:mavedb:00000013-a-1#2738,p.Asp312Pro,1.115782617605,0.0710520171941355,2.0,0.0502413631749564,1.01731135524789,1.21425387996211,0.0,4.0,missense,wt_like,312
urn:mavedb:00000013-a-1#2739,p.Asp312Arg,0.948565770175057,0.11579243215539,7.0,0.0437654255980688,0.8627871122347741,1.03434442811534,0.0,4.0,missense,wt_like,312
urn:mavedb:00000013-a-1#2740,p.Asp312Thr,1.03438910485312,0.0403477678164422,3.0,0.0232947946100234,0.988732146390215,1.08004606331602,0.0,4.0,missense,wt_like,312
urn:mavedb:00000013-a-1#2741,p.Asp312Val,0.784320261182527,0.426131248089645,8.0,0.150660147599838,0.489031797981356,1.0796087243836998,1.0,3.0,missense,possibly_wt_like,312
urn:mavedb:00000013-a-1#2742,p.Asp312Trp,0.967647063541326,0.13268121276034,6.0,0.0541668782860809,0.861481932945642,1.07381219413701,0.0,4.0,missense,wt_like,312
urn:mavedb:00000013-a-1#2743,p.Lys313Phe,0.644707145243634,0.2804565414956589,7.0,0.106002608908397,0.436945849515891,0.8524684409713771,0.0,2.0,missense,possibly_low,313
urn:mavedb:00000013-a-1#2744,p.Lys313Gly,0.927150025383133,0.134796146810966,8.0,0.0476576347439259,0.8337427776966729,1.02055727306959,0.0,4.0,missense,wt_like,313
urn:mavedb:00000013-a-1#2745,p.Lys313Ile,1.06217504085137,0.162207959066219,3.0,0.0936508088315813,0.878622828418428,1.24572725328432,0.0,4.0,missense,wt_like,313
urn:mavedb:00000013-a-1#2746,p.Tyr27Glu,0.684512817638745,0.192520428947596,8.0,0.0680662504128939,0.5511054182667879,0.8179202170107011,0.0,2.0,missense,possibly_low,27
urn:mavedb:00000013-a-1#2747,p.Lys313Leu,0.8389309815616691,0.433199627652381,6.0,0.176853007418667,0.492305456463488,1.18555650665985,0.0,3.0,missense,possibly_wt_like,313
urn:mavedb:00000013-a-1#2748,p.Lys313Pro,1.04883960694665,0.141860642518741,7.0,0.0536182829903462,0.943749703372698,1.15392951052061,0.0,4.0,missense,wt_like,313
urn:mavedb:00000013-a-1#2749,p.Lys313Arg,0.9012745741981792,0.219008968732104,5.0,0.0979437883534223,0.709308276516058,1.0932408718803,1.0,4.0,missense,wt_like,313
urn:mavedb:00000013-a-1#2750,p.Lys313Ser,1.01356480539454,0.104929427076321,7.0,0.039659595608062,0.9358334263613192,1.09129618442777,0.0,4.0,missense,wt_like,313
urn:mavedb:00000013-a-1#2751,p.Lys313Val,0.75640285703797,0.219878696555591,2.0,0.155477717372918,0.4516721305885539,1.06113358348739,0.0,3.0,missense,possibly_wt_like,313
urn:mavedb:00000013-a-1#2752,p.Lys313Trp,0.969215167002086,0.0669676103248156,3.0,0.0386637678480182,0.8934355745133521,1.04499475949082,0.0,4.0,missense,wt_like,313
urn:mavedb:00000013-a-1#2753,p.Lys313Ter,0.0069853988604155,0.0832855143028635,2.0,0.058891751938164,-0.108440313924853,0.122411111645684,1.0,1.0,nonsense,low,313
urn:mavedb:00000013-a-1#2754,p.Lys313Tyr,0.9905539475353292,0.0043245892812913,2.0,0.0030579464066477,0.984560482711646,0.996547412359013,0.0,4.0,missense,wt_like,313
urn:mavedb:00000013-a-1#2755,p.Glu314Ala,0.837701749942971,0.2695661962267289,6.0,0.110049938776408,0.6220078334403729,1.05339566644557,1.0,3.0,missense,possibly_wt_like,314
urn:mavedb:00000013-a-1#2756,p.Glu314=,0.822066336808244,0.5322857492170959,6.0,0.217304747156156,0.396156858712596,1.24797581490389,0.0,3.0,synonymous,possibly_wt_like,314
urn:mavedb:00000013-a-1#2757,p.Tyr27Gly,0.274944310704277,0.0587903071898865,4.0,0.0293951535949433,0.217330868338165,0.332557753070389,0.0,1.0,missense,low,27
urn:mavedb:00000013-a-1#2758,p.Glu314Gly,0.7404491303095571,0.3357739543219039,8.0,0.11871402002342,0.507773926603687,0.973124334015427,1.0,3.0,missense,possibly_wt_like,314
urn:mavedb:00000013-a-1#2759,p.Glu314Pro,1.04584606995747,0.233277468697466,3.0,0.134682809348357,0.781872614298014,1.30981952561692,0.0,4.0,missense,wt_like,314
urn:mavedb:00000013-a-1#2760,p.Glu314Thr,1.05717645284771,0.2829330687933449,5.0,0.126531514980909,0.809179240575835,1.30517366511958,0.0,4.0,missense,wt_like,314
urn:mavedb:00000013-a-1#2761,p.Glu314Val,0.87069526902653,0.257419595455333,8.0,0.091011570778382,0.692315868124484,1.04907466992858,1.0,3.0,missense,possibly_wt_like,314
urn:mavedb:00000013-a-1#2762,p.Tyr315Ala,0.7449872532761891,0.199493410557212,6.0,0.0814428438187874,0.5853622125928449,0.904612293959533,0.0,3.0,missense,possibly_wt_like,315
urn:mavedb:00000013-a-1#2763,p.Tyr315Asp,0.626096867473785,0.124776786500622,5.0,0.055801875325874,0.516727201565278,0.735466533382292,1.0,2.0,missense,possibly_low,315
urn:mavedb:00000013-a-1#2764,p.Tyr315Glu,0.7838054041817869,0.181933502669283,4.0,0.0909667513346413,0.605513847775279,0.962096960588294,0.0,3.0,missense,possibly_wt_like,315
urn:mavedb:00000013-a-1#2765,p.Tyr315Gly,0.5944545902619829,0.1329940366524609,7.0,0.0502670209767171,0.495933039537498,0.6929761409864681,0.0,1.0,missense,low,315
urn:mavedb:00000013-a-1#2766,p.Tyr315Lys,0.7224756070826441,0.209217149522584,5.0,0.0935647536782473,0.539092059650918,0.90585915451437,0.0,3.0,missense,possibly_wt_like,315
urn:mavedb:00000013-a-1#2767,p.Tyr315Leu,0.8158662732733529,0.204231944799083,4.0,0.102115972399542,0.615722645123966,1.01600990142274,0.0,3.0,missense,possibly_wt_like,315
urn:mavedb:00000013-a-1#2768,p.Tyr27Lys,0.552845894320624,0.171549425655347,6.0,0.0700347597538532,0.4155802875371569,0.690111501104092,0.0,1.0,missense,low,27
urn:mavedb:00000013-a-1#2769,p.Tyr315Met,1.1235777656007802,0.107534638759915,8.0,0.0380192361397907,1.04906143204706,1.19809409915449,0.0,4.0,missense,wt_like,315
urn:mavedb:00000013-a-1#2770,p.Tyr315Pro,0.8968537703492739,0.206191681663976,5.0,0.0922117233191296,0.716122113691407,1.07758542700714,0.0,4.0,missense,wt_like,315
urn:mavedb:00000013-a-1#2771,p.Tyr315Arg,0.6955817584098589,0.261135512321132,6.0,0.106608126484507,0.486633670040935,0.904529846778784,0.0,2.0,missense,possibly_low,315
urn:mavedb:00000013-a-1#2772,p.Tyr315Thr,0.6870869759054921,0.287691035699509,6.0,0.117449373506103,0.456890433826738,0.917283517984246,0.0,2.0,missense,possibly_low,315
urn:mavedb:00000013-a-1#2773,p.Tyr315Val,0.815146947168601,0.166716782577101,7.0,0.063013020868548,0.691643695709176,0.938650198628026,0.0,3.0,missense,possibly_wt_like,315
urn:mavedb:00000013-a-1#2774,p.Leu316Ala,1.15045761053678,0.156691859441608,5.0,0.0700747298464556,1.01311366381136,1.28780155726221,0.0,4.0,missense,wt_like,316
urn:mavedb:00000013-a-1#2775,p.Leu316Glu,0.7717248603550841,0.0331970051183582,6.0,0.0135526205880898,0.745162212106292,0.798287508603876,0.0,4.0,missense,wt_like,316
urn:mavedb:00000013-a-1#2776,p.Leu316Phe,1.3835348717208502,0.151250162355674,2.0,0.106950015457263,1.17391669327861,1.5931530501630902,0.0,4.0,missense,wt_like,316
urn:mavedb:00000013-a-1#2777,p.Leu316=,1.06383189025967,0.1522980025103699,5.0,0.0681097372901243,0.9303392581745392,1.1973245223448,0.0,4.0,synonymous,wt_like,316
urn:mavedb:00000013-a-1#2778,p.Leu316Ser,1.118463786364,0.198607869895307,5.0,0.0888201395904681,0.9443795116648672,1.29254806106314,0.0,4.0,missense,wt_like,316
urn:mavedb:00000013-a-1#2779,p.Glu7Phe,0.5734367710370961,0.12275829407183,8.0,0.0434016110925418,0.4883711764247,0.658502365649492,0.0,1.0,missense,low,7
urn:mavedb:00000013-a-1#2780,p.Tyr27Leu,0.375397363355835,0.204061432522019,5.0,0.0912590469410444,0.196532918087938,0.554261808623732,0.0,1.0,missense,low,27
urn:mavedb:00000013-a-1#2781,p.Leu316Thr,0.8338679961781691,0.522724145389615,6.0,0.213401238739494,0.4156092539925271,1.25212673836381,0.0,3.0,missense,possibly_wt_like,316
urn:mavedb:00000013-a-1#2782,p.Leu318Ala,0.850129471886048,0.1696815915219469,8.0,0.0599915020038473,0.7325482885800451,0.9677106551920508,0.0,4.0,missense,wt_like,318
urn:mavedb:00000013-a-1#2783,p.Leu318Cys,0.893888134918842,0.149266266806897,8.0,0.0527735947307787,0.790453789911803,0.9973224799258812,0.0,4.0,missense,wt_like,318
urn:mavedb:00000013-a-1#2784,p.Leu318Asp,0.5688073597976689,0.746375471825899,3.0,0.430920079575217,-0.27578047638489,1.41339519598023,0.0,2.0,missense,possibly_low,318
urn:mavedb:00000013-a-1#2785,p.Leu318Glu,0.7818362120784169,0.310576878634648,4.0,0.155288439317324,0.477476463801028,1.08619596035581,0.0,3.0,missense,possibly_wt_like,318
urn:mavedb:00000013-a-1#2786,p.Leu318Phe,0.681823695145703,0.130799113974793,8.0,0.0462444702323842,0.591186199006095,0.772461191285311,1.0,2.0,missense,possibly_low,318
urn:mavedb:00000013-a-1#2787,p.Leu318Gly,0.449298321379151,0.110793785299031,8.0,0.0391715184491355,0.372523555999099,0.526073086759203,0.0,1.0,missense,low,318
urn:mavedb:00000013-a-1#2788,p.Leu318=,0.9220821036455128,0.2448736345259969,7.0,0.0925535342274725,0.740680509917772,1.10348369737325,0.0,4.0,synonymous,wt_like,318
urn:mavedb:00000013-a-1#2789,p.Leu318Met,0.8556831636154141,0.4275473265229289,7.0,0.161597699955743,0.538957491717649,1.17240883551318,0.0,3.0,missense,possibly_wt_like,318
urn:mavedb:00000013-a-1#2790,p.Leu318Asn,0.52543635995462,0.140110900585274,7.0,0.0529569427025614,0.421642659526248,0.629230060382991,0.0,1.0,missense,low,318
urn:mavedb:00000013-a-1#2791,p.Tyr27Gln,0.3145223727770789,0.229375870402572,5.0,0.102580007723667,0.113469252104852,0.5155754934493061,0.0,1.0,missense,low,27
urn:mavedb:00000013-a-1#2792,p.Leu318Pro,0.3567317183480309,0.208960160948466,4.0,0.104480080474233,0.151954523516688,0.561508913179375,1.0,1.0,missense,low,318
urn:mavedb:00000013-a-1#2793,p.Leu318Gln,0.85374236593199,0.288959800812613,8.0,0.102162717322456,0.6535071194172289,1.05397761244675,0.0,3.0,missense,possibly_wt_like,318
urn:mavedb:00000013-a-1#2794,p.Leu318Arg,0.6138272079827739,0.137785538587262,8.0,0.0487145443422468,0.518348455548691,0.7093059604168579,1.0,2.0,missense,possibly_low,318
urn:mavedb:00000013-a-1#2795,p.Leu318Ser,0.8498965513850629,0.194574656312744,5.0,0.0870164316427907,0.679347479302002,1.0204456234681198,0.0,3.0,missense,possibly_wt_like,318
urn:mavedb:00000013-a-1#2796,p.Leu318Thr,0.70701897586957,0.139046916352078,7.0,0.0525547944625714,0.604013471508025,0.810024480231115,0.0,3.0,missense,possibly_wt_like,318
urn:mavedb:00000013-a-1#2797,p.Leu318Val,0.903112263945604,0.203851701957567,7.0,0.0770487011024259,0.752099584729258,1.05412494316195,1.0,4.0,missense,wt_like,318
urn:mavedb:00000013-a-1#2798,p.Leu318Trp,0.5585546905482099,0.128937337438887,8.0,0.0455862328255874,0.469207316019201,0.647902065077219,0.0,1.0,missense,low,318
urn:mavedb:00000013-a-1#2799,p.Leu318Ter,-0.0734620936282006,0.1757444790366759,3.0,0.101466122280415,-0.272332038948752,0.12540785169235,0.0,1.0,nonsense,low,318
urn:mavedb:00000013-a-1#2800,p.Leu318Tyr,0.953541441008418,0.157093746277183,8.0,0.0555410266372975,0.844683029134935,1.0623998528819,0.0,4.0,missense,wt_like,318
urn:mavedb:00000013-a-1#2801,p.Thr319Cys,1.06443602226353,0.127602773914668,7.0,0.0482293151971732,0.969908301478042,1.15896374304902,0.0,4.0,missense,wt_like,319
urn:mavedb:00000013-a-1#2802,p.Tyr27Ser,0.5088289594896521,0.364800250661964,6.0,0.148929078693535,0.2169333289995909,0.800724589979713,1.0,2.0,missense,possibly_low,27
urn:mavedb:00000013-a-1#2803,p.Thr319Asp,0.644875509674516,0.139576636308209,4.0,0.0697883181541044,0.5080929195508479,0.781658099798183,0.0,2.0,missense,possibly_low,319
urn:mavedb:00000013-a-1#2804,p.Thr319Glu,0.9594589421817892,0.306050782513531,5.0,0.136870070853452,0.691198532747578,1.227719351616,0.0,3.0,missense,possibly_wt_like,319
urn:mavedb:00000013-a-1#2805,p.Thr319Phe,0.509712561097409,0.247144193032322,7.0,0.0934117246767524,0.326628944997203,0.6927961771976151,0.0,1.0,missense,low,319
urn:mavedb:00000013-a-1#2806,p.Thr319Gly,0.7418246078523292,0.0909574766304875,8.0,0.0321583242625173,0.678795450494635,0.8048537652100229,0.0,3.0,missense,possibly_wt_like,319
urn:mavedb:00000013-a-1#2807,p.Thr319His,0.632096312681855,0.314131080755863,6.0,0.128243476700147,0.380743717097366,0.8834489082663449,0.0,2.0,missense,possibly_low,319
urn:mavedb:00000013-a-1#2808,p.Thr319Ile,0.8274920435659301,0.158063876132066,5.0,0.0706883143636814,0.688945493285269,0.96603859384659,1.0,3.0,missense,possibly_wt_like,319
urn:mavedb:00000013-a-1#2809,p.Thr319Lys,0.853621212234713,0.282741208538908,5.0,0.126445712466688,0.605792169800496,1.10145025466893,0.0,3.0,missense,possibly_wt_like,319
urn:mavedb:00000013-a-1#2810,p.Thr319Leu,0.7443342840883249,0.265486522603311,8.0,0.0938636602232184,0.5603648905937121,0.928303677582938,0.0,3.0,missense,possibly_wt_like,319
urn:mavedb:00000013-a-1#2811,p.Thr319Met,1.03431479167888,0.124465947939565,6.0,0.0508130104672916,0.934723121216927,1.13390646214082,0.0,4.0,missense,wt_like,319
urn:mavedb:00000013-a-1#2812,p.Thr319Asn,0.633473422845564,0.179314323021827,7.0,0.0677744436039513,0.5006379543095779,0.76630889138155,1.0,2.0,missense,possibly_low,319
urn:mavedb:00000013-a-1#2813,p.Tyr27Val,0.400731691836378,0.223306715073704,7.0,0.084402004882254,0.2353068020441869,0.56615658162857,0.0,1.0,missense,low,27
urn:mavedb:00000013-a-1#2814,p.Thr319Pro,0.727899818156855,0.147645391314493,8.0,0.0522005287047097,0.625588661921674,0.8302109743920351,1.0,3.0,missense,possibly_wt_like,319
urn:mavedb:00000013-a-1#2815,p.Thr319Gln,1.05681111849949,0.0866296192757133,5.0,0.0387419435130842,0.980878304522762,1.13274393247622,0.0,4.0,missense,wt_like,319
urn:mavedb:00000013-a-1#2816,p.Thr319Arg,0.6362910891054371,0.2885005025498419,8.0,0.10200033086436,0.436374114200122,0.8362080640107521,0.0,2.0,missense,possibly_low,319
urn:mavedb:00000013-a-1#2817,p.Thr319Ser,0.8181394589573421,0.1810792600030349,8.0,0.064021186340194,0.6926602394830339,0.94361867843165,1.0,3.0,missense,possibly_wt_like,319
urn:mavedb:00000013-a-1#2818,p.Thr319=,0.8670593442208199,0.0792469660174535,3.0,0.0457532571626379,0.7773846080066508,0.95673408043499,0.0,4.0,synonymous,wt_like,319
urn:mavedb:00000013-a-1#2819,p.Thr319Val,0.896190423826103,0.186902136522205,7.0,0.0706423675349138,0.7577339276750301,1.0346469199771802,0.0,4.0,missense,wt_like,319
urn:mavedb:00000013-a-1#2820,p.Thr319Tyr,0.6823029376135961,0.166615693030343,7.0,0.0629748126112808,0.558874572962326,0.805731302264865,0.0,2.0,missense,possibly_low,319
urn:mavedb:00000013-a-1#2821,p.Leu320Ala,0.399493381813167,0.297491055623017,8.0,0.10517897138669,0.193346385964286,0.6056403776620479,0.0,1.0,missense,low,320
urn:mavedb:00000013-a-1#2822,p.Leu320Cys,0.51321490157002,0.307639073693805,5.0,0.137580376262883,0.243562319115299,0.78286748402474,0.0,2.0,missense,possibly_low,320
urn:mavedb:00000013-a-1#2823,p.Leu320Asp,0.388819180258406,0.124369146553862,7.0,0.0470071189358377,0.296686920127173,0.4809514403896379,0.0,1.0,missense,low,320
urn:mavedb:00000013-a-1#2824,p.Ile28Asp,0.195986826477525,0.148595503546686,6.0,0.0606638602935515,0.0770878451389949,0.314885807816056,0.0,1.0,missense,low,28
urn:mavedb:00000013-a-1#2825,p.Leu320Glu,0.228658991363171,0.217159292161204,4.0,0.108579646080602,0.0158467955910855,0.441471187135256,0.0,1.0,missense,low,320
urn:mavedb:00000013-a-1#2826,p.Leu320Phe,0.8021152848169809,0.122779587242308,8.0,0.0434091393651605,0.7170349350613872,0.887195634572576,1.0,4.0,missense,wt_like,320
urn:mavedb:00000013-a-1#2827,p.Leu320Gly,0.3392443710588669,0.168911669870668,7.0,0.0638426102877757,0.2141151542158,0.464373587901934,0.0,1.0,missense,low,320
urn:mavedb:00000013-a-1#2828,p.Leu320His,0.110649921925835,0.0499382239020949,2.0,0.0353116567615834,0.0414403464386917,0.1798594974129789,0.0,1.0,missense,low,320
urn:mavedb:00000013-a-1#2829,p.Leu320Ile,0.533193414078245,0.4331511259071021,4.0,0.216575562953551,0.108713110757798,0.957673717398692,1.0,2.0,missense,possibly_low,320
urn:mavedb:00000013-a-1#2830,p.Leu320=,1.13650056686183,0.1287689539933059,7.0,0.0486700898360295,1.04110894365889,1.23189219006478,0.0,4.0,synonymous,wt_like,320
urn:mavedb:00000013-a-1#2831,p.Leu320Met,0.9845800427773672,0.112433123976335,2.0,0.079502224393654,0.828758546274984,1.14040153927975,0.0,4.0,missense,wt_like,320
urn:mavedb:00000013-a-1#2832,p.Leu320Asn,0.2568851900936389,0.144668375256663,6.0,0.0590606168827171,0.141128508098795,0.372641872088483,0.0,1.0,missense,low,320
urn:mavedb:00000013-a-1#2833,p.Leu320Gln,0.401395325920823,0.486428411338053,5.0,0.217537398787823,-0.0249701409938373,0.827760792835484,0.0,2.0,missense,possibly_low,320
urn:mavedb:00000013-a-1#2834,p.Leu320Arg,0.39533122593485,0.18683479295524,6.0,0.0762749848231466,0.245835002760144,0.5448274491095569,0.0,1.0,missense,low,320
urn:mavedb:00000013-a-1#2835,p.Ile28Glu,0.201342301910482,0.269056429474344,7.0,0.101693771576015,0.0020261721694498,0.4006584316515129,0.0,1.0,missense,low,28
urn:mavedb:00000013-a-1#2836,p.Leu320Ser,0.279471748319076,0.119010825255448,8.0,0.0420766807863672,0.197002969388808,0.3619405272493449,1.0,1.0,missense,low,320
urn:mavedb:00000013-a-1#2837,p.Leu320Val,0.5763092599530729,0.352890512376594,4.0,0.176445256188297,0.230482912581068,0.922135607325078,1.0,2.0,missense,possibly_low,320
urn:mavedb:00000013-a-1#2838,p.Leu320Tyr,0.575172973780522,0.187807063910661,7.0,0.0709843979384032,0.436046110356992,0.7142998372040509,0.0,2.0,missense,possibly_low,320
urn:mavedb:00000013-a-1#2839,p.Thr321Ala,0.9553519766315792,0.130881282735089,7.0,0.0494684750557397,0.8583955471522109,1.05230840611095,1.0,4.0,missense,wt_like,321
urn:mavedb:00000013-a-1#2840,p.Thr321Cys,0.935582854793894,0.237112084129232,6.0,0.0968006029940825,0.7458571592437321,1.12530855034406,0.0,4.0,missense,wt_like,321
urn:mavedb:00000013-a-1#2841,p.Thr321Asp,1.00895247149609,0.170406338257553,4.0,0.0852031691287765,0.8419573286350129,1.17594761435717,0.0,4.0,missense,wt_like,321
urn:mavedb:00000013-a-1#2842,p.Thr321Glu,1.21814765152752,0.091423037091698,4.0,0.045711518545849,1.12855472149903,1.30774058155602,0.0,4.0,missense,wt_like,321
urn:mavedb:00000013-a-1#2843,p.Thr321Phe,0.8781919945821869,0.155779284932293,8.0,0.055076294372008,0.770244441211125,0.9861395479532492,0.0,4.0,missense,wt_like,321
urn:mavedb:00000013-a-1#2844,p.Thr321Gly,0.824734456894353,0.4400214507731589,6.0,0.179638005045571,0.472650436750409,1.1768184770383,0.0,3.0,missense,possibly_wt_like,321
urn:mavedb:00000013-a-1#2845,p.Thr321His,1.17416346617902,0.144250497729272,4.0,0.0721252488646358,1.03280057602835,1.3155263563297,0.0,4.0,missense,wt_like,321
urn:mavedb:00000013-a-1#2846,p.Ile28Phe,0.3654844597644241,0.2074367113528689,8.0,0.0733399526323249,0.221740793977194,0.509228125551655,1.0,1.0,missense,low,28
urn:mavedb:00000013-a-1#2847,p.Thr321Leu,0.9826096372151558,0.125905780577623,6.0,0.0514008196803329,0.881865881865866,1.0833533925644498,0.0,4.0,missense,wt_like,321
urn:mavedb:00000013-a-1#2848,p.Thr321Met,0.8481209817161809,0.392224334381207,7.0,0.148246863845788,0.557562467757424,1.13867949567494,0.0,3.0,missense,possibly_wt_like,321
urn:mavedb:00000013-a-1#2849,p.Thr321Asn,1.0038598776131,0.3143534744557019,6.0,0.128334268547916,0.7523293332768901,1.2553904219493,0.0,4.0,missense,wt_like,321
urn:mavedb:00000013-a-1#2850,p.Thr321Pro,0.932955760949432,0.229420940177538,5.0,0.102600163539778,0.731863135603549,1.13404838629532,1.0,4.0,missense,wt_like,321
urn:mavedb:00000013-a-1#2851,p.Thr321Gln,1.17433217464152,0.0992326438450257,4.0,0.0496163219225129,1.0770859706280502,1.27157837865499,0.0,4.0,missense,wt_like,321
urn:mavedb:00000013-a-1#2852,p.Thr321Arg,0.945026124732251,0.112931240320199,5.0,0.0505043860278661,0.8460393470563249,1.04401290240818,1.0,4.0,missense,wt_like,321
urn:mavedb:00000013-a-1#2853,p.Thr321Ser,0.806351268541068,0.553226099561829,6.0,0.225853609386107,0.363686328365919,1.24901620871622,1.0,3.0,missense,possibly_wt_like,321
urn:mavedb:00000013-a-1#2854,p.Thr321=,0.986833783006355,0.200784766657759,4.0,0.100392383328879,0.7900683273596129,1.1835992386531002,0.0,4.0,synonymous,wt_like,321
urn:mavedb:00000013-a-1#2855,p.Thr321Val,0.770416630716784,0.254786703425682,8.0,0.0900807028742327,0.5938616973812341,0.9469715640523342,0.0,3.0,missense,possibly_wt_like,321
urn:mavedb:00000013-a-1#2856,p.Thr321Trp,0.596297213130327,0.338025472598827,3.0,0.195159097597883,0.213792410583138,0.978802015677516,0.0,2.0,missense,possibly_low,321
urn:mavedb:00000013-a-1#2857,p.Ile28Gly,0.295384072654918,0.150787810724304,8.0,0.0533115417417146,0.190895370880854,0.3998727744289821,0.0,1.0,missense,low,28
urn:mavedb:00000013-a-1#2858,p.Thr321Tyr,1.07761890905298,0.169673246484918,8.0,0.0599885515877109,0.9600435084563448,1.19519430964962,0.0,4.0,missense,wt_like,321
urn:mavedb:00000013-a-1#2859,p.Lys322Ala,0.578619526443301,0.547847254806235,5.0,0.245004740606678,0.098419058812634,1.05881999407397,0.0,2.0,missense,possibly_low,322
urn:mavedb:00000013-a-1#2860,p.Lys322Phe,0.320733840865307,0.118891598242808,3.0,0.0686420962498699,0.18619780439223,0.4552698773383839,0.0,1.0,missense,low,322
urn:mavedb:00000013-a-1#2861,p.Lys322Gly,0.3919227319178621,0.128639525841621,6.0,0.0525168665109237,0.2889915649755539,0.49485389886017,0.0,1.0,missense,low,322
urn:mavedb:00000013-a-1#2862,p.Lys322Ile,0.532514710446602,0.282801422286729,7.0,0.106888890540864,0.323016334639066,0.7420130862541391,1.0,2.0,missense,possibly_low,322
urn:mavedb:00000013-a-1#2863,p.Lys322=,1.20901607592405,0.1101178658380719,2.0,0.0778650896638914,1.05640330452985,1.36162884731826,0.0,4.0,synonymous,wt_like,322
urn:mavedb:00000013-a-1#2864,p.Lys322Leu,0.8258762261839201,0.280522898572976,5.0,0.125453654090891,0.579991582436828,1.07176086993101,0.0,3.0,missense,possibly_wt_like,322
urn:mavedb:00000013-a-1#2865,p.Lys322Pro,0.32939726098902,0.271182585882582,5.0,0.121276539269526,0.091699611851092,0.567094910126948,0.0,1.0,missense,low,322
urn:mavedb:00000013-a-1#2866,p.Lys322Gln,0.773274433984436,0.187423386974826,4.0,0.0937116934874128,0.58960288981885,0.956945978150022,1.0,3.0,missense,possibly_wt_like,322
urn:mavedb:00000013-a-1#2867,p.Lys322Arg,0.688768450981198,0.043821350723589,7.0,0.0165629137327939,0.6563057365858779,0.7212311653765179,1.0,2.0,missense,possibly_low,322
urn:mavedb:00000013-a-1#2868,p.Ile28His,0.240580916254494,0.423204010326856,4.0,0.211602005163428,-0.174151392922283,0.6553132254312719,0.0,1.0,missense,low,28
urn:mavedb:00000013-a-1#2869,p.Lys322Ser,0.4587216719774079,0.307351431289778,7.0,0.116167921756073,0.231036729176638,0.686406614778177,0.0,1.0,missense,low,322
urn:mavedb:00000013-a-1#2870,p.Lys322Thr,0.6560825249027371,0.072482347790267,2.0,0.0512527596388195,0.5556289619023629,0.756536087903111,1.0,2.0,missense,possibly_low,322
urn:mavedb:00000013-a-1#2871,p.Lys322Val,0.6261622505908729,0.421251119053235,5.0,0.188389227560178,0.2569261494976039,0.995398351684142,0.0,2.0,missense,possibly_low,322
urn:mavedb:00000013-a-1#2872,p.Lys322Trp,0.387366305749926,0.33017695636812,4.0,0.16508847818406,0.0637988342466415,0.7109337772532099,0.0,2.0,missense,possibly_low,322
urn:mavedb:00000013-a-1#2873,p.Lys322Ter,0.17471899726415,0.120167298234567,6.0,0.049058094073923,0.0785668997290827,0.270871094799217,1.0,1.0,nonsense,low,322
urn:mavedb:00000013-a-1#2874,p.Leu325Ala,0.349862968290912,0.3290550176626989,4.0,0.16452750883135,0.0273949765153715,0.6723309600664531,0.0,1.0,missense,low,325
urn:mavedb:00000013-a-1#2875,p.Leu325Glu,0.3737255003613521,0.2604661730472249,7.0,0.0984469598325245,0.180773004702143,0.566677996020562,0.0,1.0,missense,low,325
urn:mavedb:00000013-a-1#2876,p.Leu325Phe,0.3779497910029041,0.160322135518233,5.0,0.0716982386633405,0.2374238254678,0.5184757565380089,1.0,1.0,missense,low,325
urn:mavedb:00000013-a-1#2877,p.Leu325Gly,0.202504279232018,0.180219128564792,8.0,0.0637170839538474,0.0776210894825625,0.327387468981474,0.0,1.0,missense,low,325
urn:mavedb:00000013-a-1#2878,p.Leu325Ile,0.790362657748025,0.213182135408581,2.0,0.150742533575236,0.494912721002242,1.0858125944938102,1.0,3.0,missense,possibly_wt_like,325
urn:mavedb:00000013-a-1#2879,p.Ile28Lys,0.3719564939329361,0.169922906592769,4.0,0.0849614532963845,0.20543510539784,0.538477882468031,0.0,1.0,missense,low,28
urn:mavedb:00000013-a-1#2880,p.Leu325=,0.4862200761790779,0.499889782731879,6.0,0.204079149220641,0.0862322937110458,0.8862078586471109,0.0,2.0,synonymous,possibly_low,325
urn:mavedb:00000013-a-1#2881,p.Leu325Met,0.410122205058788,0.0966777633377162,6.0,0.0394685316084926,0.332765304583462,0.487479105534114,0.0,1.0,missense,low,325
urn:mavedb:00000013-a-1#2882,p.Leu325Asn,0.369651229203428,0.147140380307218,4.0,0.0735701901536088,0.225456306166591,0.513846152240264,0.0,1.0,missense,low,325
urn:mavedb:00000013-a-1#2883,p.Leu325Pro,0.210270328182054,0.1607627547017329,7.0,0.0607626098603523,0.0911778012491047,0.329362855115003,1.0,1.0,missense,low,325
urn:mavedb:00000013-a-1#2884,p.Leu325Gln,0.347915507691866,0.439656141577951,5.0,0.196620203858714,-0.0374530105041366,0.73328402588787,0.0,2.0,missense,possibly_low,325
urn:mavedb:00000013-a-1#2885,p.Leu325Arg,0.234710831834181,0.0723454483748909,8.0,0.0255779785669333,0.184578915045655,0.284842748622708,1.0,1.0,missense,low,325
urn:mavedb:00000013-a-1#2886,p.Leu325Ser,0.254802772497559,0.372834463107457,7.0,0.140918181368088,-0.0213917877507778,0.530997332745895,0.0,1.0,missense,low,325
urn:mavedb:00000013-a-1#2887,p.Leu325Thr,0.411953527649451,0.384663589702796,6.0,0.157038252899859,0.104164207770635,0.719742847528268,0.0,2.0,missense,possibly_low,325
urn:mavedb:00000013-a-1#2888,p.Leu325Val,0.595291481431284,0.176838451214841,8.0,0.0625218340142703,0.4727509385159229,0.7178320243466451,1.0,2.0,missense,possibly_low,325
urn:mavedb:00000013-a-1#2889,p.Leu325Tyr,0.565113476409337,0.39221054461479,8.0,0.138667367874993,0.293330429543383,0.83689652327529,0.0,2.0,missense,possibly_low,325
urn:mavedb:00000013-a-1#2890,p.Glu7Gly,0.8714590169532191,0.119763367192911,7.0,0.0452662979668794,0.782738703224677,0.960179330681762,1.0,4.0,missense,wt_like,7
urn:mavedb:00000013-a-1#2891,p.Ile28Leu,0.8121736762258579,0.143983995500378,8.0,0.0509060298003252,0.712399691221298,0.911947661230418,1.0,4.0,missense,wt_like,28
urn:mavedb:00000013-a-1#2892,p.Asn329Ala,0.690134143937248,0.141684429581743,4.0,0.0708422147908714,0.5512859543620899,0.8289823335124069,0.0,2.0,missense,possibly_low,329
urn:mavedb:00000013-a-1#2893,p.Asn329Cys,0.566371070169384,0.384100082696859,5.0,0.171774779014693,0.2296986898482589,0.90304345049051,0.0,2.0,missense,possibly_low,329
urn:mavedb:00000013-a-1#2894,p.Asn329Asp,0.734009454583471,0.375079214366318,7.0,0.1417666175946799,0.456151989887835,1.01186691927911,1.0,3.0,missense,possibly_wt_like,329
urn:mavedb:00000013-a-1#2895,p.Asn329Phe,0.732664390873878,0.123111653512822,5.0,0.0550572052154142,0.624754251562235,0.8405745301855201,0.0,3.0,missense,possibly_wt_like,329
urn:mavedb:00000013-a-1#2896,p.Asn329Gly,0.5595157080354379,0.12975334176341,8.0,0.0458747339212613,0.469602881749408,0.6494285343214681,0.0,1.0,missense,low,329
urn:mavedb:00000013-a-1#2897,p.Asn329Leu,0.484039774448128,0.185148727750316,8.0,0.0654599604601552,0.3557406095168069,0.6123389393794479,0.0,1.0,missense,low,329
urn:mavedb:00000013-a-1#2898,p.Asn329Met,0.6391622084895451,0.215959682827561,5.0,0.0965801062403441,0.449868678635419,0.828455738343672,0.0,2.0,missense,possibly_low,329
urn:mavedb:00000013-a-1#2899,p.Asn329Pro,0.533661019582005,0.0554264701520237,6.0,0.02262776168601,0.48931142162667,0.578010617537339,0.0,1.0,missense,low,329
urn:mavedb:00000013-a-1#2900,p.Asn329Gln,0.725202702463654,0.0424671961480363,3.0,0.0245184471277974,0.677147429136322,0.773257975790987,0.0,3.0,missense,possibly_wt_like,329
urn:mavedb:00000013-a-1#2901,p.Asn329Arg,0.7029976906271259,0.196886224819444,6.0,0.0803784646984216,0.545458794685595,0.8605365865686558,0.0,2.0,missense,possibly_low,329
urn:mavedb:00000013-a-1#2902,p.Ile28Met,0.506604223523752,0.109014530039736,2.0,0.0770849134389618,0.355520569432,0.657687877615505,1.0,1.0,missense,low,28
urn:mavedb:00000013-a-1#2903,p.Asn329Ser,0.749898592594435,0.0851026666767562,5.0,0.0380590695511466,0.675304186989083,0.8244929981997869,1.0,3.0,missense,possibly_wt_like,329
urn:mavedb:00000013-a-1#2904,p.Asn329Val,0.70605846385443,0.179847238796958,8.0,0.0635856010655026,0.581432975830714,0.830683951878147,0.0,2.0,missense,possibly_low,329
urn:mavedb:00000013-a-1#2905,p.Asn329Trp,0.6232086828313511,0.342738046221086,7.0,0.129542805020165,0.369309450535533,0.877107915127169,0.0,2.0,missense,possibly_low,329
urn:mavedb:00000013-a-1#2906,p.Asn329Ter,0.181667757757237,0.117054344616076,5.0,0.0523482943246463,0.0790669862288277,0.284268529285646,0.0,1.0,nonsense,low,329
urn:mavedb:00000013-a-1#2907,p.Asn329Tyr,0.653121220456322,0.10286584666739,2.0,0.0727371377310072,0.510559050165019,0.795683390747626,1.0,2.0,missense,possibly_low,329
urn:mavedb:00000013-a-1#2908,p.Lys330Ala,0.667039794948328,0.147153049567935,8.0,0.0520264596108835,0.565069807867869,0.769009782028788,0.0,2.0,missense,possibly_low,330
urn:mavedb:00000013-a-1#2909,p.Lys330Glu,0.5070690334983879,0.4146084265966449,3.0,0.23937428670386,0.0379040527338571,0.9762340142629192,1.0,2.0,missense,possibly_low,330
urn:mavedb:00000013-a-1#2910,p.Lys330Phe,0.502102407960037,0.0484249106779308,2.0,0.0342415827187177,0.434990139057701,0.569214676862372,0.0,1.0,missense,low,330
urn:mavedb:00000013-a-1#2911,p.Lys330Gly,0.558225431124464,0.147174557368098,8.0,0.0520340637665553,0.456240540172755,0.660210322076173,0.0,1.0,missense,low,330
urn:mavedb:00000013-a-1#2912,p.Lys330Ile,0.6106271206393691,0.249587755716415,5.0,0.111619037626703,0.391857826902011,0.8293964143767281,1.0,2.0,missense,possibly_low,330
urn:mavedb:00000013-a-1#2913,p.Ile28Pro,0.132481857353196,0.267988172345207,2.0,0.189496253943085,-0.238923975580507,0.5038876902869001,0.0,1.0,missense,low,28
urn:mavedb:00000013-a-1#2914,p.Lys330=,1.11751923476602,0.134260820345767,6.0,0.0548117503824353,1.01009017808685,1.2249482914452,0.0,4.0,synonymous,wt_like,330
urn:mavedb:00000013-a-1#2915,p.Lys330Leu,0.8282978407041341,0.140483340430645,7.0,0.0530977117324446,0.724228238047052,0.932367443361215,0.0,4.0,missense,wt_like,330
urn:mavedb:00000013-a-1#2916,p.Lys330Met,0.6772298674116429,0.14335545327933,6.0,0.0585246187299586,0.5625237224919859,0.7919360123313001,0.0,2.0,missense,possibly_low,330
urn:mavedb:00000013-a-1#2917,p.Lys330Asn,0.7487676218704159,0.149880428976609,6.0,0.0611884289036909,0.628840504948592,0.86869473879224,1.0,3.0,missense,possibly_wt_like,330
urn:mavedb:00000013-a-1#2918,p.Lys330Pro,0.46927932467874,0.122728823621363,8.0,0.0433911917148567,0.384234151671348,0.554324497686132,0.0,1.0,missense,low,330
urn:mavedb:00000013-a-1#2919,p.Lys330Gln,0.5412645814299221,0.167428019481331,3.0,0.0966646121174326,0.3518054231002199,0.730723739759624,1.0,2.0,missense,possibly_low,330
urn:mavedb:00000013-a-1#2920,p.Lys330Arg,0.865930947108417,0.0775379761978846,8.0,0.0274138143845026,0.8122008582359259,0.919661035980908,1.0,4.0,missense,wt_like,330
urn:mavedb:00000013-a-1#2921,p.Lys330Ser,0.5791659941770151,0.87011124361177,2.0,0.615261560744542,-0.626724505954191,1.78505649430822,0.0,2.0,missense,possibly_low,330
urn:mavedb:00000013-a-1#2922,p.Lys330Thr,0.786965201420476,0.0694495665861109,7.0,0.0262494688354387,0.7355171878897092,0.8384132149512421,1.0,4.0,missense,wt_like,330
urn:mavedb:00000013-a-1#2923,p.Lys330Val,0.557982260052656,0.137073858294532,7.0,0.0518090486136341,0.4564383906966489,0.659526129408664,0.0,1.0,missense,low,330
urn:mavedb:00000013-a-1#2924,p.Ile28Gln,0.279772324419931,0.1538425317881009,8.0,0.0543915487311368,0.1731668478435469,0.386377800996314,0.0,1.0,missense,low,28
urn:mavedb:00000013-a-1#2925,p.Lys330Trp,0.45145133856741,0.2597699318221749,7.0,0.0981838053848113,0.25901461614809,0.64388806098673,0.0,1.0,missense,low,330
urn:mavedb:00000013-a-1#2926,p.Lys330Ter,0.214584236238196,0.339002216384877,5.0,0.151606400071936,-0.0825588477285681,0.51172732020496,1.0,1.0,nonsense,low,330
urn:mavedb:00000013-a-1#2927,p.Lys330Tyr,0.6252064080372429,0.207360000771727,5.0,0.0927342115079982,0.4434506933468471,0.8069621227276391,0.0,2.0,missense,possibly_low,330
urn:mavedb:00000013-a-1#2928,p.Asp331Ala,0.448733936733307,0.190429034572344,5.0,0.0851624532386839,0.2818185955504099,0.6156492779162029,1.0,1.0,missense,low,331
urn:mavedb:00000013-a-1#2929,p.Asp331Cys,0.437496305396576,0.10121895692037,4.0,0.0506094784601849,0.338303550338258,0.536689060454894,0.0,1.0,missense,low,331
urn:mavedb:00000013-a-1#2930,p.Asp331=,0.8158179032247679,0.3420607604942829,8.0,0.120936741661667,0.578786245160275,1.05284956128926,0.0,3.0,synonymous,possibly_wt_like,331
urn:mavedb:00000013-a-1#2931,p.Asp331Glu,0.504845869254376,0.182107832734705,5.0,0.0814410986459923,0.345224249046858,0.664467489461895,1.0,1.0,missense,low,331
urn:mavedb:00000013-a-1#2932,p.Asp331Gly,0.4335779926963521,0.0652379288283949,8.0,0.0230650909325617,0.3883712451683901,0.4787847402243139,1.0,1.0,missense,low,331
urn:mavedb:00000013-a-1#2933,p.Asp331Ile,0.427978108126211,0.0771986439167009,5.0,0.0345242831137088,0.360311756631277,0.495644459621144,0.0,1.0,missense,low,331
urn:mavedb:00000013-a-1#2934,p.Asp331Lys,0.756745183132822,0.2382314242397749,6.0,0.0972575716806596,0.566123845414907,0.947366520850738,0.0,3.0,missense,possibly_wt_like,331
urn:mavedb:00000013-a-1#2935,p.Ile28Arg,0.277164103661491,0.117795921228612,7.0,0.0445226732898087,0.189901267518023,0.3644269398049601,0.0,1.0,missense,low,28
urn:mavedb:00000013-a-1#2936,p.Asp331Leu,0.331813980369354,0.190215845232506,8.0,0.0672514570265179,0.200003546689536,0.463624414049172,0.0,1.0,missense,low,331
urn:mavedb:00000013-a-1#2937,p.Asp331Met,0.503989479132723,0.334537113799,3.0,0.193145092705773,0.125432053638758,0.882546904626688,0.0,2.0,missense,possibly_low,331
urn:mavedb:00000013-a-1#2938,p.Asp331Pro,-0.0388265460981176,0.300134430761865,2.0,0.212227091259279,-0.45478400151,0.377130909313764,0.0,1.0,missense,low,331
urn:mavedb:00000013-a-1#2939,p.Asp331Arg,0.67006833458036,0.282985887022944,4.0,0.141492943511472,0.3927472612313139,0.9473894079294058,0.0,2.0,missense,possibly_low,331
urn:mavedb:00000013-a-1#2940,p.Asp331Ser,0.419452292820452,0.198730535586147,8.0,0.0702618546708995,0.281741588178501,0.5571629974624019,0.0,1.0,missense,low,331
urn:mavedb:00000013-a-1#2941,p.Asp331Thr,0.12970658186651,0.2836061598457,4.0,0.14180307992285,-0.1482223476791309,0.407635511412151,0.0,1.0,missense,low,331
urn:mavedb:00000013-a-1#2942,p.Asp331Val,0.456352242861818,0.12687889752719,8.0,0.0448584644154747,0.368431268205716,0.54427321751792,1.0,1.0,missense,low,331
urn:mavedb:00000013-a-1#2943,p.Asp331Ter,0.0702751304168732,0.0764249794267047,3.0,0.0441239824448196,-0.0162062860294507,0.1567565468631969,0.0,1.0,nonsense,low,331
urn:mavedb:00000013-a-1#2944,p.Lys332Ala,0.767308993227104,0.208226401345189,7.0,0.078702182051042,0.6130555509023471,0.9215624355518608,0.0,3.0,missense,possibly_wt_like,332
urn:mavedb:00000013-a-1#2945,p.Lys332Asp,0.8288373907628042,0.0594505390306182,3.0,0.0343237847127958,0.7615640089126171,0.89611077261299,0.0,4.0,missense,wt_like,332
urn:mavedb:00000013-a-1#2946,p.Ile28Ser,0.234566174343512,0.185032793749785,7.0,0.0699358223790626,0.0974944812513591,0.3716378674356649,1.0,1.0,missense,low,28
urn:mavedb:00000013-a-1#2947,p.Lys332Glu,0.596136086976113,0.358360792024571,3.0,0.206899699742393,0.190620127068871,1.00165204688336,1.0,2.0,missense,possibly_low,332
urn:mavedb:00000013-a-1#2948,p.Lys332Gly,0.808065706980733,0.234631087000842,7.0,0.0886822151498554,0.634251759217784,0.981879654743681,0.0,3.0,missense,possibly_wt_like,332
urn:mavedb:00000013-a-1#2949,p.Lys332=,0.8774765054268241,0.308591786577704,6.0,0.125982069321537,0.630556186858784,1.12439682399486,0.0,3.0,synonymous,possibly_wt_like,332
urn:mavedb:00000013-a-1#2950,p.Lys332Leu,0.890679937712097,0.2909636841102489,6.0,0.118785426625077,0.657864779638721,1.12349509578547,0.0,3.0,missense,possibly_wt_like,332
urn:mavedb:00000013-a-1#2951,p.Lys332Asn,0.6613733586404289,0.141107091608811,5.0,0.0631050097889182,0.537689812210101,0.785056905070756,1.0,2.0,missense,possibly_low,332
urn:mavedb:00000013-a-1#2952,p.Lys332Gln,0.5998445758126519,0.22048202770081,3.0,0.1272953580445369,0.350350258646229,0.8493388929790759,1.0,2.0,missense,possibly_low,332
urn:mavedb:00000013-a-1#2953,p.Lys332Arg,0.8474361002625559,0.312472496513282,8.0,0.110475710609416,0.630907686301631,1.06396451422348,1.0,3.0,missense,possibly_wt_like,332
urn:mavedb:00000013-a-1#2954,p.Lys332Ser,0.9058736367139052,0.209233622768592,8.0,0.0739752567559498,0.7608847977251411,1.05086247570267,0.0,4.0,missense,wt_like,332
urn:mavedb:00000013-a-1#2955,p.Lys332Thr,1.11456566375912,0.1998234482791769,4.0,0.0999117241395887,0.91874228281222,1.31038904470601,1.0,4.0,missense,wt_like,332
urn:mavedb:00000013-a-1#2956,p.Lys332Val,1.0300039090176198,0.112751187983203,5.0,0.0504238641748598,0.931174951273554,1.12883286676168,0.0,4.0,missense,wt_like,332
urn:mavedb:00000013-a-1#2957,p.Ile28Val,1.0142934153102,0.252871619157475,8.0,0.0894036183379364,0.8390655432802759,1.18952128734012,1.0,4.0,missense,wt_like,28
urn:mavedb:00000013-a-1#2958,p.Lys332Trp,0.915707593140245,0.0853587401465071,8.0,0.0301788719955678,0.856558090934888,0.974857095345602,0.0,4.0,missense,wt_like,332
urn:mavedb:00000013-a-1#2959,p.Ala333Asp,1.01605270821917,0.295275052602082,6.0,0.120545535441427,0.7797878002568801,1.25231761618147,1.0,4.0,missense,wt_like,333
urn:mavedb:00000013-a-1#2960,p.Ala333Glu,1.0600360786306,0.100983588853125,4.0,0.0504917944265623,0.961073980039736,1.15899817722146,0.0,4.0,missense,wt_like,333
urn:mavedb:00000013-a-1#2961,p.Ala333Phe,1.06579986807803,0.3593972588617439,3.0,0.207498104149842,0.659111057083996,1.47248867907206,0.0,3.0,missense,possibly_wt_like,333
urn:mavedb:00000013-a-1#2962,p.Ala333Gly,1.03869906922278,0.108257946352741,8.0,0.0382749639916762,0.9636815182895292,1.11371662015603,1.0,4.0,missense,wt_like,333
urn:mavedb:00000013-a-1#2963,p.Ala333Ile,0.8476738434954609,0.24651370532415,7.0,0.0931734227223941,0.6650572906432429,1.0302903963476802,0.0,3.0,missense,possibly_wt_like,333
urn:mavedb:00000013-a-1#2964,p.Ala333Lys,0.631764929218119,0.57585002484701,3.0,0.332467166858274,-0.0198587438661667,1.2833886023024,0.0,2.0,missense,possibly_low,333
urn:mavedb:00000013-a-1#2965,p.Ala333Leu,0.886630001702107,0.297403483698839,7.0,0.11240795098734,0.666314466190977,1.10694553721324,0.0,3.0,missense,possibly_wt_like,333
urn:mavedb:00000013-a-1#2966,p.Ala333Met,0.8613447665918771,0.2628007317840189,6.0,0.107287949483478,0.651064249629107,1.07162528355465,0.0,3.0,missense,possibly_wt_like,333
urn:mavedb:00000013-a-1#2967,p.Ala333Asn,1.00882607139514,0.122916759614822,2.0,0.0869152742451172,0.838475264168289,1.1791768786219898,0.0,4.0,missense,wt_like,333
urn:mavedb:00000013-a-1#2968,p.Tyr29Ala,0.787979280275278,0.2347937908663299,8.0,0.0830121408510391,0.625278473927676,0.950680086622881,0.0,3.0,missense,possibly_wt_like,29
urn:mavedb:00000013-a-1#2969,p.Ala333Pro,0.65493112899912,0.217638087252192,7.0,0.0822594649550111,0.493705540299764,0.8161567176984771,1.0,2.0,missense,possibly_low,333
urn:mavedb:00000013-a-1#2970,p.Ala333Gln,0.5869586752028,0.528492393088141,4.0,0.26424619654407,0.06904564692473,1.1048717034808702,0.0,2.0,missense,possibly_low,333
urn:mavedb:00000013-a-1#2971,p.Ala333Arg,0.5674076328803879,0.147310567912431,5.0,0.0658792887312588,0.438286599640005,0.696528666120771,0.0,1.0,missense,low,333
urn:mavedb:00000013-a-1#2972,p.Ala333Ser,0.954226935538272,0.245907352950475,6.0,0.100391256454525,0.757463688524678,1.15099018255187,1.0,4.0,missense,wt_like,333
urn:mavedb:00000013-a-1#2973,p.Ala333Thr,1.02857607609032,0.0721681406449861,7.0,0.027276993246938,0.975114151719777,1.08203800046086,1.0,4.0,missense,wt_like,333
urn:mavedb:00000013-a-1#2974,p.Ala333Val,0.982188436850946,0.160438617818081,8.0,0.0567236173116809,0.8710121898472192,1.09336468385467,1.0,4.0,missense,wt_like,333
urn:mavedb:00000013-a-1#2975,p.Asn334Ala,0.721561682828328,0.1596386124389069,6.0,0.0651721906202068,0.5938265364191441,0.8492968292375129,0.0,3.0,missense,possibly_wt_like,334
urn:mavedb:00000013-a-1#2976,p.Asn334Asp,0.817327236334725,0.394729722951389,6.0,0.161147734590179,0.501483480347755,1.1331709923217,1.0,3.0,missense,possibly_wt_like,334
urn:mavedb:00000013-a-1#2977,p.Asn334Glu,0.681679911771228,0.174973681700209,8.0,0.0618625384296971,0.5604315644567961,0.8029282590856591,0.0,2.0,missense,possibly_low,334
urn:mavedb:00000013-a-1#2978,p.Asn334Phe,0.6593917530532559,0.230956363739648,7.0,0.0872933003089834,0.488300028356009,0.8304834777505021,0.0,2.0,missense,possibly_low,334
urn:mavedb:00000013-a-1#2979,p.Tyr29Cys,0.7287216649051079,0.6696382744000671,3.0,0.386615837984555,-0.0290314533973925,1.4864747832076102,1.0,3.0,missense,possibly_wt_like,29
urn:mavedb:00000013-a-1#2980,p.Asn334Gly,0.8570212837293929,0.232634111013972,8.0,0.0822485787166417,0.695817031665168,1.01822553579362,0.0,3.0,missense,possibly_wt_like,334
urn:mavedb:00000013-a-1#2981,p.Asn334Ile,0.530441174989745,0.110161910433535,6.0,0.0449734116087237,0.4422949079747511,0.618587442004739,1.0,1.0,missense,low,334
urn:mavedb:00000013-a-1#2982,p.Asn334Lys,0.5834599078491679,0.125182542964144,8.0,0.0442587125080614,0.496714425331255,0.6702053903670799,1.0,1.0,missense,low,334
urn:mavedb:00000013-a-1#2983,p.Asn334Leu,0.501716543122622,0.0688089750276861,7.0,0.0260073479846445,0.450743077739318,0.552690008505925,0.0,1.0,missense,low,334
urn:mavedb:00000013-a-1#2984,p.Asn334Met,0.6493155611675601,0.191180744387289,7.0,0.0722595293018533,0.507689486196111,0.79094163613901,0.0,2.0,missense,possibly_low,334
urn:mavedb:00000013-a-1#2985,p.Asn334Pro,0.343190115378163,0.18478963148094,8.0,0.065333000756568,0.215139786893362,0.471240443862964,0.0,1.0,missense,low,334
urn:mavedb:00000013-a-1#2986,p.Asn334Gln,0.56313667320894,0.0978591453578617,5.0,0.0437639402480424,0.477360926501215,0.648912419916666,0.0,1.0,missense,low,334
urn:mavedb:00000013-a-1#2987,p.Asn334Arg,0.509259093630352,0.15652649011792,8.0,0.0553404712988553,0.400793762997124,0.617724424263581,0.0,1.0,missense,low,334
urn:mavedb:00000013-a-1#2988,p.Asn334Ser,0.9111384121626048,0.15173975282516,8.0,0.0536481040991207,0.8059900602894731,1.01628676403574,1.0,4.0,missense,wt_like,334
urn:mavedb:00000013-a-1#2989,p.Asn334Thr,0.561270597404109,0.2409627157599369,8.0,0.0851931851634891,0.394295022755418,0.7282461720528001,1.0,2.0,missense,possibly_low,334
urn:mavedb:00000013-a-1#2990,p.Tyr29Asp,0.0242108788976218,0.0556051894188094,2.0,0.0393188065072026,-0.0528525657715943,0.101274323566838,1.0,1.0,missense,low,29
urn:mavedb:00000013-a-1#2991,p.Asn334Val,0.465450242996928,0.2349734726000489,8.0,0.0830756679372231,0.302624925848362,0.628275560145494,0.0,1.0,missense,low,334
urn:mavedb:00000013-a-1#2992,p.Asn334Trp,0.499583138756768,0.0926822715788709,8.0,0.0327681313645964,0.4353587814414821,0.5638074960720539,0.0,1.0,missense,low,334
urn:mavedb:00000013-a-1#2993,p.Asn334Ter,0.461493285957239,0.32847695543477,6.0,0.134100155513019,0.198661810830501,0.7243247610839779,0.0,2.0,nonsense,possibly_low,334
urn:mavedb:00000013-a-1#2994,p.Asn334Tyr,0.6800213542553369,0.148068698636111,7.0,0.0559647076491596,0.570332542857671,0.7897101656530029,1.0,2.0,missense,possibly_low,334
urn:mavedb:00000013-a-1#2995,p.Arg335Glu,1.01320196878833,0.239416149285969,4.0,0.119708074642984,0.778578453829447,1.2478254837472098,0.0,4.0,missense,wt_like,335
urn:mavedb:00000013-a-1#2996,p.Arg335Gly,0.8521420100028381,0.204449753045589,7.0,0.0772747431667427,0.700686296481439,1.00359772352424,1.0,3.0,missense,possibly_wt_like,335
urn:mavedb:00000013-a-1#2997,p.Arg335Leu,0.981700494842477,0.1849849978711089,4.0,0.0924924989355547,0.8004185280886801,1.16298246159627,1.0,4.0,missense,wt_like,335
urn:mavedb:00000013-a-1#2998,p.Tyr336Ala,0.714067820472588,0.268395242921903,4.0,0.134197621460952,0.451045315598183,0.9770903253469928,0.0,3.0,missense,possibly_wt_like,336
urn:mavedb:00000013-a-1#2999,p.Tyr336Ser,0.6723722143202541,0.1013254756228,2.0,0.071647930919834,0.531944850150566,0.812799578489942,1.0,2.0,missense,possibly_low,336
urn:mavedb:00000013-a-1#3000,p.Tyr336Ter,0.106999617825399,0.103630486886506,5.0,0.0463449626439257,0.0161651601784502,0.197834075472347,1.0,1.0,nonsense,low,336
urn:mavedb:00000013-a-1#3001,p.Glu7His,0.682055621789771,0.155884455762738,4.0,0.077942227881369,0.529291662267474,0.8348195813120679,0.0,2.0,missense,possibly_low,7
urn:mavedb:00000013-a-1#3002,p.Tyr29Phe,0.881937408977753,0.555958187997685,7.0,0.21013244354171,0.470085387652605,1.2937894303028998,1.0,3.0,missense,possibly_wt_like,29
urn:mavedb:00000013-a-1#3003,p.Tyr336=,1.00090881866416,0.222313404618104,3.0,0.128352704000725,0.749342141504414,1.25247549582391,0.0,4.0,synonymous,wt_like,336
urn:mavedb:00000013-a-1#3004,p.Phe337Ala,0.3658106510910329,0.112341946029998,6.0,0.0458634074141303,0.275920024351051,0.455701277831016,0.0,1.0,missense,low,337
urn:mavedb:00000013-a-1#3005,p.Phe337Cys,0.3146269587085969,0.144126326776951,8.0,0.0509563515057452,0.214754344973773,0.414499572443421,1.0,1.0,missense,low,337
urn:mavedb:00000013-a-1#3006,p.Phe337Glu,0.3009540514291889,0.1398520164712799,7.0,0.052859093704845,0.197352131512265,0.404555971346113,0.0,1.0,missense,low,337
urn:mavedb:00000013-a-1#3007,p.Phe337Gly,0.250596145320554,0.0529146114006118,8.0,0.0187081402726118,0.213928864168512,0.287263426472596,0.0,1.0,missense,low,337
urn:mavedb:00000013-a-1#3008,p.Phe337Ile,0.554717458980589,0.101882501027218,5.0,0.0455632396029103,0.465415150339916,0.6440197676212621,1.0,1.0,missense,low,337
urn:mavedb:00000013-a-1#3009,p.Phe337Lys,0.337568396064981,0.287499677228165,7.0,0.108664663993866,0.124589568244856,0.5505472238851049,0.0,1.0,missense,low,337
urn:mavedb:00000013-a-1#3010,p.Phe337Leu,0.506332348946305,0.150685782127711,6.0,0.061517212950848,0.3857608271333621,0.6269038707592479,1.0,1.0,missense,low,337
urn:mavedb:00000013-a-1#3011,p.Phe337Met,0.450711725400299,0.206352090260399,8.0,0.0729564811675734,0.30771964987308,0.5937038009275171,0.0,1.0,missense,low,337
urn:mavedb:00000013-a-1#3012,p.Phe337Pro,0.239049873339043,0.206725893967029,6.0,0.0843954928066536,0.0736377469804928,0.4044619996975929,0.0,1.0,missense,low,337
urn:mavedb:00000013-a-1#3013,p.Tyr29Gly,0.8503665283856541,0.0836598435817311,8.0,0.029578221354824,0.7923942798034449,0.908338776967862,0.0,4.0,missense,wt_like,29
urn:mavedb:00000013-a-1#3014,p.Phe337Gln,0.423246212217997,0.0299669520010757,2.0,0.0211898349714524,0.381714898835603,0.4647775256003909,0.0,1.0,missense,low,337
urn:mavedb:00000013-a-1#3015,p.Phe337Arg,0.243857771664925,0.22828531937039,8.0,0.0807110486860698,0.0856670230857692,0.4020485202440801,0.0,1.0,missense,low,337
urn:mavedb:00000013-a-1#3016,p.Phe337Ser,0.282165307075425,0.324189638532903,6.0,0.132349865717155,0.0227643369110882,0.541566277239761,1.0,1.0,missense,low,337
urn:mavedb:00000013-a-1#3017,p.Phe337Thr,0.264077833821711,0.125352048590054,8.0,0.0443186417968264,0.1772148920561989,0.350940775587222,0.0,1.0,missense,low,337
urn:mavedb:00000013-a-1#3018,p.Phe337Val,0.563869810538395,0.521557485113835,7.0,0.1971302000050689,0.177501718263283,0.9502379028135072,1.0,2.0,missense,possibly_low,337
urn:mavedb:00000013-a-1#3019,p.Phe337Trp,0.484504284081688,0.118792621998055,3.0,0.0685849522883184,0.350080247715186,0.61892832044819,0.0,1.0,missense,low,337
urn:mavedb:00000013-a-1#3020,p.Phe337Ter,0.152833065313586,0.129114848034143,7.0,0.0488008254948912,0.0571852049277749,0.248480925699397,0.0,1.0,nonsense,low,337
urn:mavedb:00000013-a-1#3021,p.Ser338Phe,0.6426565786028261,0.0146973302791279,2.0,0.0103925819057097,0.6222874923612529,0.6630256648444,1.0,1.0,missense,low,338
urn:mavedb:00000013-a-1#3022,p.Pro339Gly,0.714313540305569,0.0657154487516171,5.0,0.0293888421161039,0.656712468210672,0.7719146124004671,0.0,3.0,missense,possibly_wt_like,339
urn:mavedb:00000013-a-1#3023,p.Pro339Val,0.7636609592613309,0.103688442682109,7.0,0.039190547595491,0.686848897439766,0.840473021082897,0.0,3.0,missense,possibly_wt_like,339
urn:mavedb:00000013-a-1#3024,p.Tyr29Ile,0.490620608936198,0.513769880985002,4.0,0.256884940492501,-0.0128646225998189,0.994105840472215,0.0,2.0,missense,possibly_low,29
urn:mavedb:00000013-a-1#3025,p.Asn340Gly,1.1290835908897598,0.2186174101448,5.0,0.0977686780297451,0.9374605031353628,1.32070667864415,0.0,4.0,missense,wt_like,340
urn:mavedb:00000013-a-1#3026,p.Asn340Lys,1.07688197153853,0.0636696388046889,3.0,0.0367596831030934,1.00483431657336,1.1489296265037,1.0,4.0,missense,wt_like,340
urn:mavedb:00000013-a-1#3027,p.Asn340Leu,0.8505535726141271,0.201386136293281,8.0,0.0712007513049688,0.7110026643841949,0.9901044808440592,0.0,4.0,missense,wt_like,340
urn:mavedb:00000013-a-1#3028,p.Asn340Arg,0.9361096274257272,0.092747559633401,4.0,0.0463737798167005,0.8452186891580029,1.02700056569345,0.0,4.0,missense,wt_like,340
urn:mavedb:00000013-a-1#3029,p.Phe341Cys,0.459690684466863,0.363823394973381,5.0,0.162706768593047,0.140791277983599,0.778590090950128,1.0,2.0,missense,possibly_low,341
urn:mavedb:00000013-a-1#3030,p.Phe341Glu,0.341100046469746,0.0568224799085525,3.0,0.0328064740712249,0.276800538830398,0.405399554109094,0.0,1.0,missense,low,341
urn:mavedb:00000013-a-1#3031,p.Phe341Gly,0.2792333176741889,0.123784486526,8.0,0.0437644249141146,0.193456621038417,0.365010014309961,0.0,1.0,missense,low,341
urn:mavedb:00000013-a-1#3032,p.Phe341Leu,0.4091631869636261,0.129627266306093,8.0,0.0458301595158565,0.319337724906822,0.4989886490204311,1.0,1.0,missense,low,341
urn:mavedb:00000013-a-1#3033,p.Phe341Met,0.566836747739885,0.0751994432029171,4.0,0.0375997216014586,0.493142647572293,0.640530847907476,0.0,1.0,missense,low,341
urn:mavedb:00000013-a-1#3034,p.Phe341Pro,0.27979327320469,0.059405129978124,3.0,0.0342975677841146,0.212571275590504,0.347015270818876,0.0,1.0,missense,low,341
urn:mavedb:00000013-a-1#3035,p.Tyr29Lys,0.825138611794961,0.246575522720061,4.0,0.12328776136003,0.5834990397947329,1.06677818379519,0.0,3.0,missense,possibly_wt_like,29
urn:mavedb:00000013-a-1#3036,p.Phe341Ser,0.197387644490131,0.269656839767938,7.0,0.1019207053362219,-0.0023732672477841,0.3971485562280471,1.0,1.0,missense,low,341
urn:mavedb:00000013-a-1#3037,p.Phe341Val,0.733375888684029,0.1721731329070919,2.0,0.121744789816738,0.494760485337824,0.9719912920302328,1.0,3.0,missense,possibly_wt_like,341
urn:mavedb:00000013-a-1#3038,p.Phe341Tyr,0.413877794711843,0.0992233205323808,6.0,0.0405077509814924,0.334484061693401,0.493271527730285,1.0,1.0,missense,low,341
urn:mavedb:00000013-a-1#3039,p.Lys342Ala,0.961273894122312,0.30529588259657,5.0,0.136532469347345,0.693675171481196,1.2288726167634298,0.0,3.0,missense,possibly_wt_like,342
urn:mavedb:00000013-a-1#3040,p.Lys342Gly,0.50687172433632,0.3965997048027571,4.0,0.198299852401378,0.11821115549001,0.89553229318263,0.0,2.0,missense,possibly_low,342
urn:mavedb:00000013-a-1#3041,p.Lys342His,1.0690947183529,0.8349014954522229,2.0,0.5903645090570561,-0.0879984571495982,2.2261878938554,0.0,3.0,missense,possibly_wt_like,342
urn:mavedb:00000013-a-1#3042,p.Lys342Ile,0.520012047945448,0.208624627844524,6.0,0.0851706476661866,0.353080645979771,0.686943449911124,0.0,1.0,missense,low,342
urn:mavedb:00000013-a-1#3043,p.Lys342Leu,0.985996296301974,0.1312583889755089,5.0,0.0587005360732694,0.870945359725172,1.10104723287878,0.0,4.0,missense,wt_like,342
urn:mavedb:00000013-a-1#3044,p.Lys342Asn,0.971595592390556,0.141234514290064,8.0,0.0499339413960462,0.8737268656481708,1.0694643191329398,1.0,4.0,missense,wt_like,342
urn:mavedb:00000013-a-1#3045,p.Lys342Gln,0.7487948654085571,0.379784645542247,4.0,0.189892322771124,0.3766127518365,1.12097697898061,1.0,3.0,missense,possibly_wt_like,342
urn:mavedb:00000013-a-1#3046,p.Tyr29Leu,0.9800443433171928,0.194218426381956,8.0,0.0686665831630306,0.845460313376229,1.11462837325816,0.0,4.0,missense,wt_like,29
urn:mavedb:00000013-a-1#3047,p.Lys342Arg,0.9761751716352092,0.2048876200567789,3.0,0.118291922593403,0.7443272636901399,1.20802307958028,1.0,4.0,missense,wt_like,342
urn:mavedb:00000013-a-1#3048,p.Lys342Thr,0.748371732109288,0.281800334351593,5.0,0.126024940738466,0.5013673871081,0.995376077110476,1.0,3.0,missense,possibly_wt_like,342
urn:mavedb:00000013-a-1#3049,p.Lys342Val,0.662578380838626,0.173200441276265,2.0,0.122471206530949,0.422539226894799,0.902617534782452,0.0,2.0,missense,possibly_low,342
urn:mavedb:00000013-a-1#3050,p.Val343Ala,0.456176152289561,0.174350464120075,7.0,0.0658982812900584,0.327017894317956,0.5853344102611651,1.0,1.0,missense,low,343
urn:mavedb:00000013-a-1#3051,p.Val343Cys,0.962139523207664,0.209977529034942,6.0,0.0857229672643414,0.794125594721649,1.13015345169368,0.0,4.0,missense,wt_like,343
urn:mavedb:00000013-a-1#3052,p.Val343Asp,0.379379284402361,0.240259346198627,7.0,0.0908094971715056,0.201395940492018,0.557362628312704,0.0,1.0,missense,low,343
urn:mavedb:00000013-a-1#3053,p.Val343Glu,0.211358005441246,0.120661482483998,8.0,0.0426602762462286,0.127745400428109,0.294970610454384,1.0,1.0,missense,low,343
urn:mavedb:00000013-a-1#3054,p.Val343Phe,0.132908938062953,0.165378042485354,3.0,0.0954810573469724,-0.0542304955429166,0.320048371668822,0.0,1.0,missense,low,343
urn:mavedb:00000013-a-1#3055,p.Val343Gly,0.272373138901874,0.140385968989149,8.0,0.0496339353278359,0.175092413248326,0.369653864555423,1.0,1.0,missense,low,343
urn:mavedb:00000013-a-1#3056,p.Val343His,0.265420914443037,0.224473886861281,4.0,0.112236943430641,0.0454405475841221,0.485401281301952,0.0,1.0,missense,low,343
urn:mavedb:00000013-a-1#3057,p.Tyr29Met,0.9750354681582232,0.267354454325583,8.0,0.0945240738170243,0.7897716878048501,1.1602992485116002,0.0,4.0,missense,wt_like,29
urn:mavedb:00000013-a-1#3058,p.Val343Lys,0.3887159012677521,0.260033240065706,5.0,0.116290400239288,0.160790905050999,0.616640897484505,0.0,1.0,missense,low,343
urn:mavedb:00000013-a-1#3059,p.Val343Leu,0.973962768143082,0.1166620574275809,8.0,0.0412462659571085,0.8931215723703891,1.05480396391577,1.0,4.0,missense,wt_like,343
urn:mavedb:00000013-a-1#3060,p.Val343Asn,0.271247181033957,0.0829593016803589,6.0,0.0338679930890824,0.204867134350704,0.33762722771721,0.0,1.0,missense,low,343
urn:mavedb:00000013-a-1#3061,p.Val343Pro,0.4345162460410621,0.110255248226504,7.0,0.0416725667924323,0.352839515984555,0.516192976097569,0.0,1.0,missense,low,343
urn:mavedb:00000013-a-1#3062,p.Val343Gln,0.249949353801057,0.136081760620657,6.0,0.0555551461366957,0.141063268217274,0.3588354393848401,0.0,1.0,missense,low,343
urn:mavedb:00000013-a-1#3063,p.Val343Arg,0.318629162406075,0.174481698223961,8.0,0.0616885960035539,0.197721735982268,0.439536588829882,0.0,1.0,missense,low,343
urn:mavedb:00000013-a-1#3064,p.Val343Ser,0.319936433681216,0.125104206830767,8.0,0.0442310165024998,0.2332452343367189,0.4066276330257121,0.0,1.0,missense,low,343
urn:mavedb:00000013-a-1#3065,p.Val343Thr,0.60597541851284,0.215202524201174,4.0,0.107601262100587,0.3950808201046349,0.8168700169210441,0.0,2.0,missense,possibly_low,343
urn:mavedb:00000013-a-1#3066,p.Val343=,0.926812794421032,0.2608643517892789,5.0,0.116662084701449,0.69815931004483,1.15546627879723,0.0,3.0,synonymous,possibly_wt_like,343
urn:mavedb:00000013-a-1#3067,p.Val343Trp,0.2375410773833589,0.151675076195318,8.0,0.0536252374573478,0.132437543304549,0.342644611462169,0.0,1.0,missense,low,343
urn:mavedb:00000013-a-1#3068,p.Tyr29Asn,0.7410462949158131,0.4027161401959339,5.0,0.1801001330228889,0.388056520580077,1.09403606925155,1.0,3.0,missense,possibly_wt_like,29
urn:mavedb:00000013-a-1#3069,p.Val343Ter,0.298687062236106,0.253839327126632,6.0,0.103629471351945,0.0955770306493689,0.501797093822844,0.0,1.0,nonsense,low,343
urn:mavedb:00000013-a-1#3070,p.Val343Tyr,0.241793704244227,0.0877228611661759,4.0,0.043861430583088,0.155826879990971,0.327760528497483,0.0,1.0,missense,low,343
urn:mavedb:00000013-a-1#3071,p.Lys344Ala,0.4097505868662261,0.5044283936097871,8.0,0.1783423688722589,0.0602059669590418,0.75929520677341,0.0,2.0,missense,possibly_low,344
urn:mavedb:00000013-a-1#3072,p.Lys344Cys,0.862575321664446,0.2433838548976289,7.0,0.0919904504553368,0.68227735185037,1.04287329147852,0.0,3.0,missense,possibly_wt_like,344
urn:mavedb:00000013-a-1#3073,p.Lys344Asp,0.33864642595621,0.0257645381558592,3.0,0.0148751630398317,0.309491642133978,0.367801209778441,0.0,1.0,missense,low,344
urn:mavedb:00000013-a-1#3074,p.Lys344Glu,0.6797218084826488,0.119855778185504,6.0,0.048930916546448,0.5838189743210761,0.775624642644222,1.0,2.0,missense,possibly_low,344
urn:mavedb:00000013-a-1#3075,p.Lys344Gly,0.54630793578046,0.0347324448250762,7.0,0.013127630204632,0.520578253377021,0.572037618183899,0.0,1.0,missense,low,344
urn:mavedb:00000013-a-1#3076,p.Lys344His,0.976436164908275,0.1866734672286329,7.0,0.0705559386658754,0.8381490662277421,1.11472326358881,0.0,4.0,missense,wt_like,344
urn:mavedb:00000013-a-1#3077,p.Lys344Ile,1.12450141447187,0.0684368096797615,4.0,0.0342184048398808,1.05743457337729,1.19156825556645,0.0,4.0,missense,wt_like,344
urn:mavedb:00000013-a-1#3078,p.Lys344Leu,0.947400785944933,0.0886943869492388,8.0,0.0313582012324952,0.885939840909283,1.00886173098058,0.0,4.0,missense,wt_like,344
urn:mavedb:00000013-a-1#3079,p.Tyr29Pro,0.4502163037046729,0.25481859557686,8.0,0.0900919784524149,0.273639270641981,0.6267933367673649,0.0,1.0,missense,low,29
urn:mavedb:00000013-a-1#3080,p.Lys344Met,1.1027492906495,0.103338784869598,2.0,0.0730715555408705,0.95953167349508,1.24596690780393,1.0,4.0,missense,wt_like,344
urn:mavedb:00000013-a-1#3081,p.Lys344Pro,0.306639759572953,0.274259612706995,7.0,0.103660389984514,0.103469128579929,0.509810390565977,0.0,1.0,missense,low,344
urn:mavedb:00000013-a-1#3082,p.Lys344Gln,0.8969555149595579,0.175642604438593,6.0,0.071705792994676,0.7564147432071079,1.03749628671201,1.0,4.0,missense,wt_like,344
urn:mavedb:00000013-a-1#3083,p.Lys344Arg,1.07949997075628,0.133602248752866,8.0,0.0472355280374617,0.986920037012124,1.17207990450044,1.0,4.0,missense,wt_like,344
urn:mavedb:00000013-a-1#3084,p.Lys344Ser,0.898629915317418,0.191065790807265,8.0,0.0675519581662937,0.7662305102263259,1.03102932040851,0.0,4.0,missense,wt_like,344
urn:mavedb:00000013-a-1#3085,p.Lys344Thr,0.9952362744107192,0.236622570373592,4.0,0.1183112851867959,0.763350416479952,1.22712213234149,1.0,4.0,missense,wt_like,344
urn:mavedb:00000013-a-1#3086,p.Lys344Val,0.9035089496318192,0.329121424098599,8.0,0.116361995406946,0.675443629464989,1.13157426979865,0.0,3.0,missense,possibly_wt_like,344
urn:mavedb:00000013-a-1#3087,p.Lys344Trp,0.950760875555463,0.1012843041470669,5.0,0.0452957178253212,0.861982899963945,1.03953885114698,0.0,4.0,missense,wt_like,344
urn:mavedb:00000013-a-1#3088,p.Lys344Ter,0.246717350551865,0.1579674411924249,7.0,0.0597060806629111,0.1296955827945159,0.363739118309214,1.0,1.0,nonsense,low,344
urn:mavedb:00000013-a-1#3089,p.Lys344Tyr,1.03448274063546,0.142396676569361,4.0,0.0711983382846805,0.8949365618383861,1.17402891943253,0.0,4.0,missense,wt_like,344
urn:mavedb:00000013-a-1#3090,p.Tyr29Arg,0.841368879373928,0.2195028305478,8.0,0.0776059699849955,0.6892639732180411,0.9934737855298158,0.0,3.0,missense,possibly_wt_like,29
urn:mavedb:00000013-a-1#3091,p.Leu345Ala,0.863269789863234,0.2555642049058889,6.0,0.104333649756586,0.65877959396471,1.06775998576176,0.0,3.0,missense,possibly_wt_like,345
urn:mavedb:00000013-a-1#3092,p.Leu345Asp,0.2477550890044289,0.145419261417207,7.0,0.0549633145069457,0.140028972099868,0.355481205908991,0.0,1.0,missense,low,345
urn:mavedb:00000013-a-1#3093,p.Leu345Glu,0.2739588617386689,0.122561844856857,7.0,0.0463240231023608,0.183165444839041,0.364752278638298,0.0,1.0,missense,low,345
urn:mavedb:00000013-a-1#3094,p.Leu345Gly,0.7791583715711509,0.0479521581432823,8.0,0.0169536480978223,0.7459298318928531,0.8123869112494491,0.0,4.0,missense,wt_like,345
urn:mavedb:00000013-a-1#3095,p.Leu345Lys,0.305155912901502,0.181479464315268,6.0,0.074088681061006,0.1599447663598559,0.450367059443149,0.0,1.0,missense,low,345
urn:mavedb:00000013-a-1#3096,p.Leu345=,1.03644324967046,0.239766783761684,8.0,0.0847703593505876,0.870296398386788,1.2025901009541298,0.0,4.0,synonymous,wt_like,345
urn:mavedb:00000013-a-1#3097,p.Leu345Met,0.9934743241945648,0.0548977602183877,3.0,0.0316952366399937,0.931352801898703,1.05559584649043,1.0,4.0,missense,wt_like,345
urn:mavedb:00000013-a-1#3098,p.Leu345Asn,0.719861098804889,0.137279448656823,7.0,0.0518867544665734,0.618164928775732,0.8215572688340451,0.0,3.0,missense,possibly_wt_like,345
urn:mavedb:00000013-a-1#3099,p.Leu345Pro,0.190994040937337,0.120759523677539,8.0,0.0426949390426227,0.107313498091663,0.27467458378301,1.0,1.0,missense,low,345
urn:mavedb:00000013-a-1#3100,p.Leu345Arg,0.232655303011966,0.16161740410141,8.0,0.0571403811989367,0.120662213799161,0.3446483922247719,1.0,1.0,missense,low,345
urn:mavedb:00000013-a-1#3101,p.Tyr29Ser,0.861129727846938,0.188823864448001,8.0,0.0667593175005155,0.7302838699134531,0.991975585780422,1.0,4.0,missense,wt_like,29
urn:mavedb:00000013-a-1#3102,p.Leu345Ser,0.834954212781889,0.196304272921872,8.0,0.0694040412794752,0.698924791492586,0.9709836340711908,0.0,3.0,missense,possibly_wt_like,345
urn:mavedb:00000013-a-1#3103,p.Leu345Thr,0.801720296346692,0.0551514057790192,8.0,0.0194989665091577,0.76350302425299,0.8399375684403941,0.0,4.0,missense,wt_like,345
urn:mavedb:00000013-a-1#3104,p.Leu345Val,0.8633564533144699,0.146292891243965,8.0,0.051722347718997,0.7619825145893779,0.964730392039561,1.0,4.0,missense,wt_like,345
urn:mavedb:00000013-a-1#3105,p.Leu345Trp,0.307126287122237,0.175248502583389,7.0,0.0662377079245869,0.177302765171563,0.436949809072911,0.0,1.0,missense,low,345
urn:mavedb:00000013-a-1#3106,p.Leu345Ter,0.575647760800722,0.459528741730091,4.0,0.229764370865045,0.125317868974729,1.02597765262671,0.0,2.0,nonsense,possibly_low,345
urn:mavedb:00000013-a-1#3107,p.Leu345Tyr,0.169947387840614,0.292451437692092,4.0,0.146225718846046,-0.116649754711116,0.456544530392344,0.0,1.0,missense,low,345
urn:mavedb:00000013-a-1#3108,p.Tyr346Ala,0.392016988505603,0.192109650465699,7.0,0.0726106227982547,0.2497027829260009,0.534331194085205,0.0,1.0,missense,low,346
urn:mavedb:00000013-a-1#3109,p.Tyr346Cys,0.524993218379736,0.121424229929042,5.0,0.0543025664473804,0.4185621438747779,0.6314242928846949,1.0,1.0,missense,low,346
urn:mavedb:00000013-a-1#3110,p.Tyr346Glu,0.285186737728275,0.16321549255526,5.0,0.0729921872669344,0.142124679532281,0.42824879592427,0.0,1.0,missense,low,346
urn:mavedb:00000013-a-1#3111,p.Tyr346Gly,0.222964415264023,0.0956752626749714,8.0,0.0338263135146382,0.156666059045572,0.289262771482475,0.0,1.0,missense,low,346
urn:mavedb:00000013-a-1#3112,p.Glu7Leu,0.603116682973052,0.234684817278148,6.0,0.0958096754516279,0.4153331697173901,0.7909001962287141,0.0,2.0,missense,possibly_low,7
urn:mavedb:00000013-a-1#3113,p.Tyr29Thr,0.3905586134709189,0.471924066158695,4.0,0.235962033079348,-0.0719184730834507,0.8530357000252901,0.0,2.0,missense,possibly_low,29
urn:mavedb:00000013-a-1#3114,p.Tyr346His,0.626843569672063,0.3905379908478929,4.0,0.195268995423946,0.244123371343812,1.00956376800031,1.0,2.0,missense,possibly_low,346
urn:mavedb:00000013-a-1#3115,p.Tyr346Ile,0.533742443902108,0.0791771129093484,4.0,0.0395885564546742,0.456150299051016,0.6113345887531999,0.0,1.0,missense,low,346
urn:mavedb:00000013-a-1#3116,p.Tyr346Lys,0.145718222818553,0.1731380803225199,5.0,0.0774297034189947,-0.0060412072162948,0.2974776528534,0.0,1.0,missense,low,346
urn:mavedb:00000013-a-1#3117,p.Tyr346Met,0.6256203333453499,0.130430009652342,4.0,0.0652150048261712,0.497801272634448,0.753439394056251,0.0,2.0,missense,possibly_low,346
urn:mavedb:00000013-a-1#3118,p.Tyr346Pro,0.291963716716002,0.14883303463839,5.0,0.0665601565498042,0.161508207073038,0.422419226358966,0.0,1.0,missense,low,346
urn:mavedb:00000013-a-1#3119,p.Tyr346Gln,0.3103890451421261,0.179603955437148,3.0,0.103694392019159,0.107151771385797,0.513626318898456,0.0,1.0,missense,low,346
urn:mavedb:00000013-a-1#3120,p.Tyr346Arg,0.228649491190684,0.196336183694825,6.0,0.0801539113496114,0.0715507117254296,0.385748270655939,0.0,1.0,missense,low,346
urn:mavedb:00000013-a-1#3121,p.Tyr346Ser,0.513751858999666,0.168820793316169,7.0,0.0638082621787456,0.388689963213235,0.638813754786097,1.0,1.0,missense,low,346
urn:mavedb:00000013-a-1#3122,p.Tyr346Thr,0.456285235785251,0.30616365700607,7.0,0.115718985274877,0.229480192318971,0.6830902792515311,0.0,1.0,missense,low,346
urn:mavedb:00000013-a-1#3123,p.Tyr346Val,0.488865566943974,0.2317149939677789,7.0,0.0875800355833679,0.317211851435836,0.660519282452111,0.0,1.0,missense,low,346
urn:mavedb:00000013-a-1#3124,p.Tyr29Val,0.8403946442670849,0.419838297921904,7.0,0.158683961023143,0.5293797957375661,1.1514094927966,0.0,3.0,missense,possibly_wt_like,29
urn:mavedb:00000013-a-1#3125,p.Tyr346Trp,0.6241529166696109,0.0533262346436464,2.0,0.0377073421316674,0.550247884138813,0.698057949200408,0.0,1.0,missense,low,346
urn:mavedb:00000013-a-1#3126,p.Phe347Ala,0.337742865846048,0.215523503994274,8.0,0.0761990655897186,0.188395441634594,0.487090290057501,0.0,1.0,missense,low,347
urn:mavedb:00000013-a-1#3127,p.Phe347Cys,0.476020089452938,0.305761150911681,6.0,0.124826467149957,0.231364709521651,0.7206754693842259,1.0,2.0,missense,possibly_low,347
urn:mavedb:00000013-a-1#3128,p.Phe347Glu,0.24280525331759,0.14605435731187,3.0,0.0843245225103262,0.0775322261838138,0.4080782804513669,0.0,1.0,missense,low,347
urn:mavedb:00000013-a-1#3129,p.Phe347Gly,0.278923049647174,0.120283320592647,8.0,0.0425265758273482,0.19557249263976,0.362273606654588,0.0,1.0,missense,low,347
urn:mavedb:00000013-a-1#3130,p.Phe347His,0.2956627184718549,0.105122078222801,6.0,0.0429159087244669,0.211549083008092,0.3797763539356189,0.0,1.0,missense,low,347
urn:mavedb:00000013-a-1#3131,p.Phe347Ile,0.391825682548386,0.0323474511337197,4.0,0.0161737255668598,0.3601257629415061,0.423525602155266,1.0,1.0,missense,low,347
urn:mavedb:00000013-a-1#3132,p.Phe347Lys,0.331731595604186,0.0938638043194246,6.0,0.0383197376498396,0.256626289913476,0.406836901294895,0.0,1.0,missense,low,347
urn:mavedb:00000013-a-1#3133,p.Phe347Leu,0.6069293073563979,0.18947288767266,6.0,0.077351982481615,0.45532220755966,0.7585364071531371,1.0,2.0,missense,possibly_low,347
urn:mavedb:00000013-a-1#3134,p.Phe347Met,0.4470906413838549,0.323763459522757,7.0,0.122371085358163,0.207247721332778,0.686933561434931,0.0,1.0,missense,low,347
urn:mavedb:00000013-a-1#3135,p.Tyr29Ter,0.168891762455647,0.121479851729604,6.0,0.0495939417944143,0.0716894226872195,0.266094102224075,1.0,1.0,nonsense,low,29
urn:mavedb:00000013-a-1#3136,p.Phe347Asn,0.257321303728654,0.140391595010384,4.0,0.0701957975051918,0.119740068752411,0.394902538704896,0.0,1.0,missense,low,347
urn:mavedb:00000013-a-1#3137,p.Phe347Pro,0.418394353692584,0.169905712736012,2.0,0.120141481637968,0.182921376632887,0.6538673307522801,0.0,1.0,missense,low,347
urn:mavedb:00000013-a-1#3138,p.Phe347Gln,0.152298571389066,0.0925587606074922,7.0,0.0349839231753979,0.0837313419273696,0.220865800850762,0.0,1.0,missense,low,347
urn:mavedb:00000013-a-1#3139,p.Phe347Arg,0.290893077765346,0.1434082201110409,8.0,0.0507024624592051,0.19151807741781,0.390268078112882,0.0,1.0,missense,low,347
urn:mavedb:00000013-a-1#3140,p.Phe347Val,0.354694323000546,0.142882368019105,8.0,0.0505165456691506,0.255683712865638,0.453704933135454,1.0,1.0,missense,low,347
urn:mavedb:00000013-a-1#3141,p.Phe347Trp,0.443512880142118,0.133841134317396,6.0,0.0546404142788211,0.336419636055281,0.5506061242289549,0.0,1.0,missense,low,347
urn:mavedb:00000013-a-1#3142,p.Phe347Ter,0.0881342666313141,0.179058665051707,6.0,0.0731003939001007,-0.0551398726685747,0.231408405931203,0.0,1.0,nonsense,low,347
urn:mavedb:00000013-a-1#3143,p.Phe347Tyr,0.435061533388402,0.315670129646746,3.0,0.182252234326673,0.0778537180061685,0.7922693487706349,1.0,2.0,missense,possibly_low,347
urn:mavedb:00000013-a-1#3144,p.Thr348Asp,0.280842001572572,0.159389069796035,6.0,0.0650703152628566,0.153306527194706,0.408377475950438,0.0,1.0,missense,low,348
urn:mavedb:00000013-a-1#3145,p.Thr348Phe,0.286906652742366,0.221475891369663,5.0,0.0990470296959849,0.0927780417625662,0.481035263722165,0.0,1.0,missense,low,348
urn:mavedb:00000013-a-1#3146,p.Pro30Ala,0.6951514713990021,0.299100269002835,8.0,0.105747914233312,0.487889368061479,0.902413574736525,1.0,2.0,missense,possibly_low,30
urn:mavedb:00000013-a-1#3147,p.Thr348Arg,0.6644442257312929,0.0219015425613444,3.0,0.0126448614934603,0.639660752614614,0.6892276988479731,1.0,1.0,missense,low,348
urn:mavedb:00000013-a-1#3148,p.Thr348Val,0.112771759282194,0.1689570059620939,2.0,0.119470644644772,-0.121386401431343,0.346929919995731,0.0,1.0,missense,low,348
urn:mavedb:00000013-a-1#3149,p.Lys349Gly,0.999502331682917,0.121358455268343,4.0,0.0606792276341716,0.880573230910233,1.1184314324556,0.0,4.0,missense,wt_like,349
urn:mavedb:00000013-a-1#3150,p.Lys349Ser,0.8813519102447379,0.10563605487734,7.0,0.0399266758124875,0.803097063629856,0.95960675685962,0.0,4.0,missense,wt_like,349
urn:mavedb:00000013-a-1#3151,p.Lys349Thr,0.69083530432878,0.223759523652942,2.0,0.158221876530067,0.3807261247635049,1.0009444838940502,1.0,2.0,missense,possibly_low,349
urn:mavedb:00000013-a-1#3152,p.Val351Asp,0.9637447433127592,0.420973236128088,4.0,0.210486618064044,0.5511985526795949,1.37629093394592,0.0,3.0,missense,possibly_wt_like,351
urn:mavedb:00000013-a-1#3153,p.Val351Gly,1.13328306328096,0.171011662998848,2.0,0.120923506568474,0.8962773455224571,1.37028878103946,1.0,4.0,missense,wt_like,351
urn:mavedb:00000013-a-1#3154,p.Val351Ile,1.19004665068005,0.246246024690644,4.0,0.123123012345322,0.9487299808151348,1.4313633205449598,1.0,4.0,missense,wt_like,351
urn:mavedb:00000013-a-1#3155,p.Val351Lys,0.8010156282254091,0.118675618586208,3.0,0.0685174003369925,0.666723991250591,0.935307265200227,0.0,3.0,missense,possibly_wt_like,351
urn:mavedb:00000013-a-1#3156,p.Val351Leu,0.886054940683064,0.350511162982507,8.0,0.123924410113257,0.643167560055709,1.12894232131042,1.0,3.0,missense,possibly_wt_like,351
urn:mavedb:00000013-a-1#3157,p.Pro30Cys,0.5294258267967971,0.168101207811759,7.0,0.0635362844227862,0.4048969976166429,0.653954655976951,0.0,1.0,missense,low,30
urn:mavedb:00000013-a-1#3158,p.Val351Pro,1.16268186693299,0.176275239638276,4.0,0.088137619819138,0.989935306404399,1.33542842746159,0.0,4.0,missense,wt_like,351
urn:mavedb:00000013-a-1#3159,p.Val351Gln,1.18551940244244,0.11184766821483,7.0,0.0422744449741289,1.10266301282673,1.2683757920581498,0.0,4.0,missense,wt_like,351
urn:mavedb:00000013-a-1#3160,p.Val351Ser,0.99098835857265,0.126780793958542,8.0,0.0448237795661498,0.903135364972034,1.07884135217327,0.0,4.0,missense,wt_like,351
urn:mavedb:00000013-a-1#3161,p.Val351Ter,0.8252446704283571,0.6209571189791341,2.0,0.439082989656207,-0.0353421755219816,1.6858315163787,0.0,3.0,nonsense,possibly_wt_like,351
urn:mavedb:00000013-a-1#3162,p.Pro354Ala,1.06832778101133,0.100616091389638,8.0,0.0355731602590491,0.998605668087318,1.13804989393533,1.0,4.0,missense,wt_like,354
urn:mavedb:00000013-a-1#3163,p.Pro354Cys,1.1310419496501798,0.0082495805045371,2.0,0.0058333343167025,1.11960882447967,1.1424750748207,0.0,4.0,missense,wt_like,354
urn:mavedb:00000013-a-1#3164,p.Pro354Asp,0.961723050537503,0.299743695974616,4.0,0.149871847987308,0.667979626185917,1.25546647488909,0.0,3.0,missense,possibly_wt_like,354
urn:mavedb:00000013-a-1#3165,p.Pro354Glu,0.6606500203808361,0.305500118248447,7.0,0.115468191198031,0.4343365242727109,0.886963516488962,0.0,2.0,missense,possibly_low,354
urn:mavedb:00000013-a-1#3166,p.Pro354Phe,1.09648693847985,0.190520599365941,5.0,0.0852034022592495,0.929491338691444,1.26348253826826,0.0,4.0,missense,wt_like,354
urn:mavedb:00000013-a-1#3167,p.Pro354Gly,0.886169101191283,0.225262717881706,8.0,0.0796423976813332,0.7300728700934529,1.04226533228911,0.0,4.0,missense,wt_like,354
urn:mavedb:00000013-a-1#3168,p.Pro30Asp,0.7927212843489909,0.377127220593906,6.0,0.15396154309485,0.490962204878873,1.0944803638191098,0.0,3.0,missense,possibly_wt_like,30
urn:mavedb:00000013-a-1#3169,p.Pro354His,0.907497728108398,0.276810388242913,8.0,0.0978672513147224,0.715681440265612,1.09931401595118,0.0,4.0,missense,wt_like,354
urn:mavedb:00000013-a-1#3170,p.Pro354Ile,1.02948476811416,0.5114546686366911,6.0,0.208800494120691,0.620243319683436,1.43872621654488,0.0,3.0,missense,possibly_wt_like,354
urn:mavedb:00000013-a-1#3171,p.Pro354Lys,1.18432003966278,0.6662043333522111,2.0,0.471077601769211,0.2610249062716189,2.10761517305393,0.0,3.0,missense,possibly_wt_like,354
urn:mavedb:00000013-a-1#3172,p.Pro354Leu,0.734344246245763,0.128898150154351,5.0,0.0576450051838206,0.62136211219685,0.847326380294676,1.0,3.0,missense,possibly_wt_like,354
urn:mavedb:00000013-a-1#3173,p.Pro354Met,0.765497854352606,0.2898045069648969,6.0,0.118312194537142,0.533610214127911,0.9973854945773,0.0,3.0,missense,possibly_wt_like,354
urn:mavedb:00000013-a-1#3174,p.Pro354=,0.903426553459997,0.244168242083182,7.0,0.0922869209445594,0.7225475121645659,1.08430559475543,0.0,4.0,synonymous,wt_like,354
urn:mavedb:00000013-a-1#3175,p.Pro354Gln,1.1960479534968402,0.0623594073343524,7.0,0.0235696405302962,1.14985230692891,1.24224360006478,1.0,4.0,missense,wt_like,354
urn:mavedb:00000013-a-1#3176,p.Pro354Arg,0.952042265790708,0.183597119493742,8.0,0.064911384100171,0.8248182907677271,1.07926624081369,1.0,4.0,missense,wt_like,354
urn:mavedb:00000013-a-1#3177,p.Pro354Ser,0.6824720356882751,0.421763032680035,7.0,0.159411442381683,0.370031349896595,0.994912721479956,1.0,2.0,missense,possibly_low,354
urn:mavedb:00000013-a-1#3178,p.Pro354Thr,0.8894163652365759,0.632659669645185,4.0,0.316329834822593,0.26942128174879,1.5094114487243602,1.0,3.0,missense,possibly_wt_like,354
urn:mavedb:00000013-a-1#3179,p.Pro30Glu,0.86635706466546,0.173456736498323,8.0,0.0613262173102262,0.7461598874293391,0.98655424190158,0.0,4.0,missense,wt_like,30
urn:mavedb:00000013-a-1#3180,p.Pro354Val,0.6921636260626669,0.373170506548264,8.0,0.131935697859548,0.433574409982794,0.95075284214254,0.0,2.0,missense,possibly_low,354
urn:mavedb:00000013-a-1#3181,p.Pro354Trp,0.7860210188689271,0.464722338659977,6.0,0.189722100298304,0.414172535212956,1.1578695025248995,0.0,3.0,missense,possibly_wt_like,354
urn:mavedb:00000013-a-1#3182,p.Pro354Tyr,0.873161874301751,0.195908609540056,3.0,0.113107888454517,0.6514744865635239,1.09484926203998,0.0,3.0,missense,possibly_wt_like,354
urn:mavedb:00000013-a-1#3183,p.Ser355Ala,1.0258447494380798,0.255994067932951,6.0,0.104509140602517,0.8210105978019171,1.23067890107425,1.0,4.0,missense,wt_like,355
urn:mavedb:00000013-a-1#3184,p.Ser355Cys,1.15577453568136,0.317257115816778,8.0,0.112167328986865,0.935930610625053,1.37561846073767,0.0,4.0,missense,wt_like,355
urn:mavedb:00000013-a-1#3185,p.Ser355Asp,1.16079025969314,0.115708587548577,6.0,0.0472378330586948,1.06820580819039,1.2533747111959,0.0,4.0,missense,wt_like,355
urn:mavedb:00000013-a-1#3186,p.Ser355Glu,0.759828707540591,0.305168809223522,6.0,0.124584644668396,0.515647290963815,1.00401012411737,0.0,3.0,missense,possibly_wt_like,355
urn:mavedb:00000013-a-1#3187,p.Ser355Gly,0.957178805757598,0.210010774160558,8.0,0.0742500212655837,0.811651438225721,1.1027061732894798,0.0,4.0,missense,wt_like,355
urn:mavedb:00000013-a-1#3188,p.Ser355Ile,0.961676049501803,0.11648468688161,7.0,0.0440270732908524,0.875384571507027,1.0479675274965798,0.0,4.0,missense,wt_like,355
urn:mavedb:00000013-a-1#3189,p.Ser355Leu,0.93211204439033,0.456907451991209,4.0,0.228453725995605,0.484350969304963,1.3798731194757,1.0,3.0,missense,possibly_wt_like,355
urn:mavedb:00000013-a-1#3190,p.Pro30Phe,0.494959260834684,0.0839374787038855,8.0,0.0296763801936094,0.436794624463692,0.553123897205676,0.0,1.0,missense,low,30
urn:mavedb:00000013-a-1#3191,p.Ser355Pro,0.9290275131723952,0.0851019534037702,4.0,0.0425509767018851,0.8456291313296971,1.01242589501509,1.0,4.0,missense,wt_like,355
urn:mavedb:00000013-a-1#3192,p.Ser355Arg,0.919709850831519,0.471944414186369,5.0,0.211059958344408,0.5060399338979571,1.33337976776508,0.0,3.0,missense,possibly_wt_like,355
urn:mavedb:00000013-a-1#3193,p.Ser355=,0.8284560913214621,0.4197512085744721,7.0,0.158651044343837,0.517505758297875,1.13940642434505,0.0,3.0,synonymous,possibly_wt_like,355
urn:mavedb:00000013-a-1#3194,p.Ser355Thr,0.8501124965011391,0.204359860340136,4.0,0.102179930170068,0.6498435134249879,1.05038147957729,1.0,3.0,missense,possibly_wt_like,355
urn:mavedb:00000013-a-1#3195,p.Ser355Trp,1.20895947567195,0.166356528854622,4.0,0.0831782644273109,1.04593307309787,1.37198587824603,0.0,4.0,missense,wt_like,355
urn:mavedb:00000013-a-1#3196,p.Asn356Glu,1.03309902500103,0.0654766578662622,4.0,0.0327383289331311,0.968933079378063,1.09726497062399,0.0,4.0,missense,wt_like,356
urn:mavedb:00000013-a-1#3197,p.Asn356Phe,0.7999923657108801,0.7698554724947521,3.0,0.444476264281952,-0.0711651042646522,1.6711498356864098,0.0,3.0,missense,possibly_wt_like,356
urn:mavedb:00000013-a-1#3198,p.Asn356Arg,0.8380723770392801,0.248080713089752,6.0,0.101278527015947,0.6395701116807571,1.0365746423978002,0.0,3.0,missense,possibly_wt_like,356
urn:mavedb:00000013-a-1#3199,p.Asn356Thr,1.05500087136034,0.2275480343475369,8.0,0.0804503790664064,0.8973210258475841,1.2126807168730902,1.0,4.0,missense,wt_like,356
urn:mavedb:00000013-a-1#3200,p.Pro357Ala,0.835857891568072,0.601451070808529,4.0,0.300725535404265,0.246446672944188,1.42526911019196,1.0,3.0,missense,possibly_wt_like,357
urn:mavedb:00000013-a-1#3201,p.Pro30Gly,0.814705086018216,0.0882351148277004,8.0,0.0311958240167203,0.753562394477394,0.8758477775590371,0.0,4.0,missense,wt_like,30
urn:mavedb:00000013-a-1#3202,p.Pro357Gly,0.855357178236668,0.268754678897553,5.0,0.120190746257211,0.619787644297541,1.0909267121757902,0.0,3.0,missense,possibly_wt_like,357
urn:mavedb:00000013-a-1#3203,p.Pro357Leu,1.0429849709836898,0.208895436896887,8.0,0.0738556899943577,0.898230478541397,1.18773946342599,1.0,4.0,missense,wt_like,357
urn:mavedb:00000013-a-1#3204,p.Pro357Gln,0.4743838939963739,0.2588298162463689,4.0,0.129414908123185,0.220735335012372,0.728032452980376,1.0,2.0,missense,possibly_low,357
urn:mavedb:00000013-a-1#3205,p.Pro357Arg,1.06078320397077,0.120439282499429,3.0,0.0695356521720506,0.9244958300720442,1.19707057786949,1.0,4.0,missense,wt_like,357
urn:mavedb:00000013-a-1#3206,p.Pro357Ser,0.7403901002614071,0.295368689017037,7.0,0.1116388708877509,0.521581934046698,0.959198266476115,1.0,3.0,missense,possibly_wt_like,357
urn:mavedb:00000013-a-1#3207,p.Pro357Val,1.14050045252875,0.19132168714117,6.0,0.0781067517040446,0.987414032239412,1.29358687281809,0.0,4.0,missense,wt_like,357
urn:mavedb:00000013-a-1#3208,p.Glu358Gly,1.16739776687126,0.1953795428514849,4.0,0.0976897714257427,0.975929333218859,1.35886620052367,1.0,4.0,missense,wt_like,358
urn:mavedb:00000013-a-1#3209,p.Glu358His,0.8458666411606429,0.4347644120833401,2.0,0.307424864002712,0.243324979763204,1.44840830255808,0.0,3.0,missense,possibly_wt_like,358
urn:mavedb:00000013-a-1#3210,p.Glu358Leu,1.09364517408692,0.1629134092703439,6.0,0.0665091208282575,0.96328969262011,1.22400065555372,0.0,4.0,missense,wt_like,358
urn:mavedb:00000013-a-1#3211,p.Glu358Met,1.0649886882659,0.428856829826321,2.0,0.303247572528357,0.470634367711118,1.65934300882067,0.0,3.0,missense,possibly_wt_like,358
urn:mavedb:00000013-a-1#3212,p.Pro30His,1.04170423246769,0.138208472212087,6.0,0.0564233725082068,0.931116454465313,1.15229201047006,0.0,4.0,missense,wt_like,30
urn:mavedb:00000013-a-1#3213,p.Glu358Ser,1.0201606410134398,0.0955165141509438,4.0,0.0477582570754719,0.926556177181112,1.11376510484577,0.0,4.0,missense,wt_like,358
urn:mavedb:00000013-a-1#3214,p.Glu358Val,0.945935975493,0.160995959505876,7.0,0.0608507529912533,0.826670691198,1.065201259788,1.0,4.0,missense,wt_like,358
urn:mavedb:00000013-a-1#3215,p.Ser360Glu,1.24241218539031,0.0929761087517923,6.0,0.0379573374519014,1.16801717103555,1.31680719974507,0.0,4.0,missense,wt_like,360
urn:mavedb:00000013-a-1#3216,p.Ser360Gly,0.978379891675762,0.284998553665138,6.0,0.116350172318466,0.7503377443365391,1.20642203901499,1.0,4.0,missense,wt_like,360
urn:mavedb:00000013-a-1#3217,p.Ser360Lys,0.911621935127062,0.248297958307613,7.0,0.0938478069610039,0.727683613455427,1.0955602567987,0.0,4.0,missense,wt_like,360
urn:mavedb:00000013-a-1#3218,p.Ser360Leu,1.09742995745493,0.176029314703182,7.0,0.0665328271659636,0.9670280124200092,1.22783190248984,0.0,4.0,missense,wt_like,360
urn:mavedb:00000013-a-1#3219,p.Ser360Met,0.941753963289774,0.176225096963514,3.0,0.101743607169853,0.7423401575796709,1.14116776899988,0.0,4.0,missense,wt_like,360
urn:mavedb:00000013-a-1#3220,p.Ser360Asn,1.30734284931409,0.133807780990822,6.0,0.0546267978402659,1.20027629295641,1.4144094056717602,1.0,4.0,missense,wt_like,360
urn:mavedb:00000013-a-1#3221,p.Ser360Pro,0.417336740446875,1.01122347016914,2.0,0.715042973051593,-0.984121734132692,1.81879521502644,0.0,2.0,missense,possibly_low,360
urn:mavedb:00000013-a-1#3222,p.Ser360Arg,0.903788582745596,0.235172923651649,6.0,0.0960089440441745,0.715614510225293,1.0919626552659,1.0,4.0,missense,wt_like,360
urn:mavedb:00000013-a-1#3223,p.Glu7Met,0.5716512625709279,0.539919882704896,2.0,0.3817810103580779,-0.1766257677122169,1.31992829285407,0.0,2.0,missense,possibly_low,7
urn:mavedb:00000013-a-1#3224,p.Pro30Ile,0.205142805565585,0.32447275619881,2.0,0.229436886218468,-0.244545228147625,0.654830839278796,0.0,1.0,missense,low,30
urn:mavedb:00000013-a-1#3225,p.Ser360=,1.03637143895943,0.0381181555548448,2.0,0.0269536062791544,0.983543341398819,1.08919953652005,0.0,4.0,synonymous,wt_like,360
urn:mavedb:00000013-a-1#3226,p.Ser360Trp,1.0820745924291,0.0850215640379362,7.0,0.0321351306460188,1.01909089372442,1.14505829113379,0.0,4.0,missense,wt_like,360
urn:mavedb:00000013-a-1#3227,p.Ser361Ala,0.911139310157716,0.3579037679341829,3.0,0.2066358367607819,0.506140512191286,1.31613810812415,0.0,3.0,missense,possibly_wt_like,361
urn:mavedb:00000013-a-1#3228,p.Ser361Cys,0.810689875661802,0.35305094279747,7.0,0.1334407135398569,0.549150883052357,1.07222886827125,1.0,3.0,missense,possibly_wt_like,361
urn:mavedb:00000013-a-1#3229,p.Ser361Phe,0.796954234764223,0.4351701543050879,7.0,0.164478858041267,0.474581596785064,1.1193268727433798,0.0,3.0,missense,possibly_wt_like,361
urn:mavedb:00000013-a-1#3230,p.Ser361Gly,1.07303251168917,0.194556096071723,8.0,0.0687859674267483,0.938214492891001,1.20785053048734,1.0,4.0,missense,wt_like,361
urn:mavedb:00000013-a-1#3231,p.Ser361His,1.08740944210224,0.109515091507245,5.0,0.0489766378344621,0.9914169958628328,1.18340188834165,0.0,4.0,missense,wt_like,361
urn:mavedb:00000013-a-1#3232,p.Ser361Ile,1.10522554140386,0.2068335702591729,4.0,0.103416785129586,0.902532367152958,1.30791871565477,1.0,4.0,missense,wt_like,361
urn:mavedb:00000013-a-1#3233,p.Ser361Lys,1.10602250744783,0.154472840161137,5.0,0.0690823542555522,0.97062358113971,1.24142143375595,0.0,4.0,missense,wt_like,361
urn:mavedb:00000013-a-1#3234,p.Ser361Leu,0.9124197874572528,0.225201329200367,7.0,0.0851181017121942,0.745591373668935,1.07924820124557,0.0,4.0,missense,wt_like,361
urn:mavedb:00000013-a-1#3235,p.Pro30Lys,0.911266876724201,0.133197106573175,8.0,0.0470922886461598,0.8189676870281629,1.00356606642024,0.0,4.0,missense,wt_like,30
urn:mavedb:00000013-a-1#3236,p.Ser361Met,1.01890602468178,0.198593946030267,7.0,0.0750614561541527,0.871788273992504,1.16602377537105,0.0,4.0,missense,wt_like,361
urn:mavedb:00000013-a-1#3237,p.Ser361Pro,1.2468503806733,0.0837012928125351,3.0,0.0483249639368368,1.1521351918029,1.3415655695437,0.0,4.0,missense,wt_like,361
urn:mavedb:00000013-a-1#3238,p.Ser361Gln,1.326397791274,0.311363845932596,3.0,0.179766000265101,0.9740629051095792,1.67873267743841,0.0,4.0,missense,wt_like,361
urn:mavedb:00000013-a-1#3239,p.Ser361Arg,0.914542730248498,0.186073386207091,8.0,0.0657868765926888,0.785602821471447,1.04348263902555,1.0,4.0,missense,wt_like,361
urn:mavedb:00000013-a-1#3240,p.Ser361=,1.03154255069485,0.211931109747631,5.0,0.094778473588534,0.845780155951647,1.21730494543806,0.0,4.0,synonymous,wt_like,361
urn:mavedb:00000013-a-1#3241,p.Ser361Thr,1.09395793712768,0.419284788910848,4.0,0.209642394455424,0.6830663943623139,1.50484947989306,1.0,3.0,missense,possibly_wt_like,361
urn:mavedb:00000013-a-1#3242,p.Ser361Val,0.920491862390174,0.14487661653543,7.0,0.0547582140201735,0.8131677350528971,1.02781598972745,0.0,4.0,missense,wt_like,361
urn:mavedb:00000013-a-1#3243,p.Ser361Trp,0.6847837740659809,0.4056616718373279,8.0,0.143423059511823,0.4036797428702629,0.9658878052616992,0.0,2.0,missense,possibly_low,361
urn:mavedb:00000013-a-1#3244,p.Ser362Cys,0.936853291147179,0.107546058817031,4.0,0.0537730294085156,0.831460090166876,1.04224649212748,0.0,4.0,missense,wt_like,362
urn:mavedb:00000013-a-1#3245,p.Ser362Glu,1.19858464992033,0.030753588129287,2.0,0.0217460707120369,1.15596313451947,1.24120616532118,0.0,4.0,missense,wt_like,362
urn:mavedb:00000013-a-1#3246,p.Pro30Leu,0.3159476950399489,0.162306423944488,8.0,0.0573839865006429,0.203477148209356,0.428418241870542,1.0,1.0,missense,low,30
urn:mavedb:00000013-a-1#3247,p.Ser362Gly,0.944931240074432,0.322021587881407,5.0,0.144012432145049,0.662672059744117,1.22719042040475,0.0,3.0,missense,possibly_wt_like,362
urn:mavedb:00000013-a-1#3248,p.Ser362Leu,0.9028506321255892,0.33372976853694,8.0,0.117991291208144,0.67159195086825,1.13410931338293,1.0,3.0,missense,possibly_wt_like,362
urn:mavedb:00000013-a-1#3249,p.Ser362Arg,0.980827542180945,0.15386619756078,5.0,0.0688110554370635,0.8459603517861121,1.11569473257578,0.0,4.0,missense,wt_like,362
urn:mavedb:00000013-a-1#3250,p.Ser362Thr,0.909884101864116,0.148464677673198,8.0,0.0524901901746966,0.807005219580052,1.01276298414818,1.0,4.0,missense,wt_like,362
urn:mavedb:00000013-a-1#3251,p.Ser362Val,1.0866878041642,0.16264507901573,6.0,0.0663995754605316,0.9565470276728052,1.21682858065559,0.0,4.0,missense,wt_like,362
urn:mavedb:00000013-a-1#3252,p.Thr363Cys,1.28110945186521,0.163004420643887,4.0,0.0815022103219437,1.1213680549738,1.4408508487566298,0.0,4.0,missense,wt_like,363
urn:mavedb:00000013-a-1#3253,p.Thr363Asp,0.68844152173105,0.0378901445613205,3.0,0.0218758851621123,0.6455655746833759,0.7313174687787241,0.0,2.0,missense,possibly_low,363
urn:mavedb:00000013-a-1#3254,p.Thr363Glu,1.18596667292735,0.0544151580655721,8.0,0.0192386636337519,1.14825958509452,1.22367376076019,0.0,4.0,missense,wt_like,363
urn:mavedb:00000013-a-1#3255,p.Thr363Phe,1.16262157073961,0.0924939536094183,7.0,0.0349594284325237,1.09410235009176,1.23114079138746,0.0,4.0,missense,wt_like,363
urn:mavedb:00000013-a-1#3256,p.Thr363Gly,1.02351640299137,0.24849731017149,8.0,0.0878570665644385,0.851319716737728,1.195713089245,0.0,4.0,missense,wt_like,363
urn:mavedb:00000013-a-1#3257,p.Pro30Met,0.4364000065747899,0.194519141094988,6.0,0.079412106814528,0.280755137281867,0.592044875867712,0.0,1.0,missense,low,30
urn:mavedb:00000013-a-1#3258,p.Thr363Ile,1.07577894447233,0.103629114871894,6.0,0.0423064089887342,0.992859906539187,1.15869798240547,1.0,4.0,missense,wt_like,363
urn:mavedb:00000013-a-1#3259,p.Thr363Leu,0.8711897948552091,0.2219645042531,8.0,0.0784763030700388,0.717379067198083,1.02500052251234,0.0,4.0,missense,wt_like,363
urn:mavedb:00000013-a-1#3260,p.Thr363Pro,0.879434899579169,0.463824286887406,4.0,0.231912143443703,0.424895450852025,1.33397434830631,1.0,3.0,missense,possibly_wt_like,363
urn:mavedb:00000013-a-1#3261,p.Thr363Arg,0.922791520767022,0.3648162851794249,8.0,0.128982034568828,0.669991378359418,1.17559166317463,0.0,3.0,missense,possibly_wt_like,363
urn:mavedb:00000013-a-1#3262,p.Thr363Ser,1.20399392750074,0.1724037394776859,8.0,0.0609539266432953,1.08452642656359,1.3234614284379,1.0,4.0,missense,wt_like,363
urn:mavedb:00000013-a-1#3263,p.Thr363=,0.8580767544936371,0.1805798317728389,8.0,0.0638446117960501,0.732943614766438,0.9832098942208358,0.0,4.0,synonymous,wt_like,363
urn:mavedb:00000013-a-1#3264,p.Thr363Val,0.954240478646156,0.133683415154636,7.0,0.0505275815589957,0.855208238564614,1.0532727187277,0.0,4.0,missense,wt_like,363
urn:mavedb:00000013-a-1#3265,p.Thr363Ter,0.457907175515084,0.267822982776268,7.0,0.101227572544791,0.259504779084877,0.65630957194529,0.0,1.0,nonsense,low,363
urn:mavedb:00000013-a-1#3266,p.Thr363Tyr,1.10658634450925,0.131808957041288,4.0,0.0659044785206438,0.977415940188891,1.2357567488296,0.0,4.0,missense,wt_like,363
urn:mavedb:00000013-a-1#3267,p.Ser364Ala,0.733838875987859,0.377070330733406,6.0,0.153938317906556,0.4321253170503321,1.03555243492539,1.0,3.0,missense,possibly_wt_like,364
urn:mavedb:00000013-a-1#3268,p.Pro30Asn,0.8547187526114659,0.2222610743278889,6.0,0.0907377036310224,0.6768761214547929,1.03256138376814,0.0,3.0,missense,possibly_wt_like,30
urn:mavedb:00000013-a-1#3269,p.Ser364Cys,1.07039058843541,0.226734483472073,3.0,0.1309052150671719,0.8138210815152779,1.32696009535553,1.0,4.0,missense,wt_like,364
urn:mavedb:00000013-a-1#3270,p.Ser364Asp,1.1496763873016598,0.110293854692676,4.0,0.0551469273463379,1.04159039584479,1.25776237875853,0.0,4.0,missense,wt_like,364
urn:mavedb:00000013-a-1#3271,p.Ser364Glu,1.1378446271969298,0.0862855572869662,3.0,0.0498169897268068,1.04020512151418,1.23548413287967,0.0,4.0,missense,wt_like,364
urn:mavedb:00000013-a-1#3272,p.Ser364Gly,1.10947044215989,0.117889545921812,5.0,0.0527218077035508,1.00613759786108,1.2128032864587,0.0,4.0,missense,wt_like,364
urn:mavedb:00000013-a-1#3273,p.Ser364His,0.8030424914348909,0.522886200458494,6.0,0.213467397444325,0.384654080570517,1.22143090229927,0.0,3.0,missense,possibly_wt_like,364
urn:mavedb:00000013-a-1#3274,p.Ser364Lys,0.6855131072636309,0.484051786403205,6.0,0.197613314295088,0.298198128379665,1.0728280861476,0.0,2.0,missense,possibly_low,364
urn:mavedb:00000013-a-1#3275,p.Ser364Leu,1.0416301121527,0.097104687234928,5.0,0.043426536318231,0.956515664995648,1.12674455930975,0.0,4.0,missense,wt_like,364
urn:mavedb:00000013-a-1#3276,p.Ser364Met,1.00370969071216,0.208036624669933,8.0,0.073552054019635,0.8595503138447329,1.1478690675795902,0.0,4.0,missense,wt_like,364
urn:mavedb:00000013-a-1#3277,p.Ser364Pro,1.09416141501805,0.302723732562598,7.0,0.114418816045408,0.8699046564153381,1.31841817362077,1.0,4.0,missense,wt_like,364
urn:mavedb:00000013-a-1#3278,p.Ser364Gln,0.920235988198485,0.6984290846982572,4.0,0.349214542349128,0.235788062316556,1.60468391408041,0.0,3.0,missense,possibly_wt_like,364
urn:mavedb:00000013-a-1#3279,p.Pro30=,0.9441525373046628,0.256176066446737,8.0,0.0905719168810915,0.7666348422069681,1.1216702324023602,0.0,4.0,synonymous,wt_like,30
urn:mavedb:00000013-a-1#3280,p.Ser364Arg,1.10192381458715,0.119637466700665,2.0,0.0845964639880198,0.9361177919511868,1.2677298372231,0.0,4.0,missense,wt_like,364
urn:mavedb:00000013-a-1#3281,p.Ser364Thr,1.1492930794693,0.188621182669022,7.0,0.0712921059058739,1.00956311951177,1.28902303942683,1.0,4.0,missense,wt_like,364
urn:mavedb:00000013-a-1#3282,p.Ser364Val,0.708761834337134,0.482983827663859,8.0,0.170760569872275,0.37407726740794,1.0434464012663298,0.0,3.0,missense,possibly_wt_like,364
urn:mavedb:00000013-a-1#3283,p.Ser364Tyr,1.0335903057118,0.27751036417012,6.0,0.1132931317584559,0.8115398477694771,1.25564076365412,1.0,4.0,missense,wt_like,364
urn:mavedb:00000013-a-1#3284,p.Val365Ala,1.08185566976877,0.38403241930326,4.0,0.19201620965163,0.705510814403687,1.45820052513386,1.0,3.0,missense,possibly_wt_like,365
urn:mavedb:00000013-a-1#3285,p.Val365Cys,0.951021328506148,0.107805506985528,3.0,0.0622415384782187,0.829030154746476,1.07301250226582,0.0,4.0,missense,wt_like,365
urn:mavedb:00000013-a-1#3286,p.Val365Asp,0.8240591322194891,0.0115989748218184,2.0,0.0082017137513197,0.807984068655396,0.8401341957835831,0.0,4.0,missense,wt_like,365
urn:mavedb:00000013-a-1#3287,p.Val365Phe,0.923789981252913,0.259014799324344,3.0,0.1495422641140069,0.6306925294228829,1.21688743308294,0.0,3.0,missense,possibly_wt_like,365
urn:mavedb:00000013-a-1#3288,p.Val365Ile,1.1409142543574,0.0537856817317152,4.0,0.0268928408658576,1.0882052548183498,1.19362325389644,1.0,4.0,missense,wt_like,365
urn:mavedb:00000013-a-1#3289,p.Val365Lys,0.9491492881460628,0.247772319520343,8.0,0.0876007436615774,0.7774549855504459,1.12084359074168,0.0,4.0,missense,wt_like,365
urn:mavedb:00000013-a-1#3290,p.Pro30Gln,0.811433910465838,0.188322116438728,7.0,0.0711790694957462,0.6719254978011021,0.950942323130574,1.0,3.0,missense,possibly_wt_like,30
urn:mavedb:00000013-a-1#3291,p.Val365Leu,0.916678762766264,0.31986487461282,7.0,0.120897558767197,0.6797239017637441,1.15363362376878,1.0,3.0,missense,possibly_wt_like,365
urn:mavedb:00000013-a-1#3292,p.Val365Pro,1.1127240533184,0.1833719242582089,4.0,0.0916859621291044,0.9330228696574472,1.29242523697934,0.0,4.0,missense,wt_like,365
urn:mavedb:00000013-a-1#3293,p.Val365Arg,0.917348498708865,0.0224280433428502,4.0,0.0112140216714251,0.89536942011102,0.93932757730671,0.0,4.0,missense,wt_like,365
urn:mavedb:00000013-a-1#3294,p.Val365Thr,0.814149137959165,0.266473531311801,6.0,0.108787363611911,0.6009298233067549,1.0273684526115698,0.0,3.0,missense,possibly_wt_like,365
urn:mavedb:00000013-a-1#3295,p.Val365=,1.07830389087176,0.208388008547035,7.0,0.0787632638319226,0.923930730456361,1.23267705128715,0.0,4.0,synonymous,wt_like,365
urn:mavedb:00000013-a-1#3296,p.Val365Trp,0.809438126387436,0.5226178874288271,5.0,0.233721824509638,0.3513517679475549,1.2675244848273202,0.0,3.0,missense,possibly_wt_like,365
urn:mavedb:00000013-a-1#3297,p.Val365Ter,0.430412121122537,0.0997415776204829,2.0,0.0705279459016878,0.292179887251639,0.5686443549934339,0.0,1.0,nonsense,low,365
urn:mavedb:00000013-a-1#3298,p.Thr366Asp,1.20981968678134,0.0912916438575438,5.0,0.0408268642886338,1.12980050317391,1.28983887038877,0.0,4.0,missense,wt_like,366
urn:mavedb:00000013-a-1#3299,p.Thr366Glu,1.15452516745349,0.102194154344189,4.0,0.0510970771720947,1.05437673648092,1.2546735984260602,0.0,4.0,missense,wt_like,366
urn:mavedb:00000013-a-1#3300,p.Thr366Gly,0.954587503143391,0.18177921158987,7.0,0.0687060839125981,0.819926053155912,1.08924895313087,0.0,4.0,missense,wt_like,366
urn:mavedb:00000013-a-1#3301,p.Pro30Arg,0.515693369851473,0.281636146003098,8.0,0.0995734143330177,0.320533063941074,0.7108536757618721,1.0,2.0,missense,possibly_low,30
urn:mavedb:00000013-a-1#3302,p.Thr366Lys,0.580247214684084,0.483374832822205,8.0,0.1708988110717469,0.2452916999827449,0.915202729385424,1.0,2.0,missense,possibly_low,366
urn:mavedb:00000013-a-1#3303,p.Thr366Leu,1.13671409754958,0.214135834368093,5.0,0.0957644564131383,0.949019211980772,1.3244089831183898,0.0,4.0,missense,wt_like,366
urn:mavedb:00000013-a-1#3304,p.Thr366Asn,0.7378987300304181,0.0877420305265674,3.0,0.0506578849437581,0.638611100007679,0.8371863600531579,0.0,3.0,missense,possibly_wt_like,366
urn:mavedb:00000013-a-1#3305,p.Thr366Arg,1.00721771190338,0.0697989617013337,7.0,0.0263815277760358,0.9555108676052092,1.05892455620156,1.0,4.0,missense,wt_like,366
urn:mavedb:00000013-a-1#3306,p.Thr366Ser,1.00134460920165,0.264438636827773,8.0,0.0934931766543225,0.818101350158932,1.18458786824436,1.0,4.0,missense,wt_like,366
urn:mavedb:00000013-a-1#3307,p.Thr366=,1.07670829905956,0.117061618439823,2.0,0.0827750642154714,0.914472154379241,1.2389444437398702,0.0,4.0,synonymous,wt_like,366
urn:mavedb:00000013-a-1#3308,p.Thr366Val,0.9707190718057248,0.204166135885872,4.0,0.102083067942936,0.770639935206215,1.17079820840524,0.0,4.0,missense,wt_like,366
urn:mavedb:00000013-a-1#3309,p.Thr366Trp,1.0865476095704398,0.2073814775221749,8.0,0.0733204245242078,0.942842218171808,1.23025300096908,0.0,4.0,missense,wt_like,366
urn:mavedb:00000013-a-1#3310,p.Thr366Tyr,0.985328548715039,0.165817576855808,7.0,0.0626731530519724,0.8624914259356071,1.10816567149447,0.0,4.0,missense,wt_like,366
urn:mavedb:00000013-a-1#3311,p.Pro367Cys,1.06178325685935,0.314458673287222,5.0,0.140630193916925,0.786153141643292,1.3374133720754098,0.0,4.0,missense,wt_like,367
urn:mavedb:00000013-a-1#3312,p.Pro30Ser,0.51579984390907,0.291001300174747,8.0,0.102884496343833,0.314149936507615,0.7174497513105251,1.0,2.0,missense,possibly_low,30
urn:mavedb:00000013-a-1#3313,p.Pro367Glu,1.23694747671438,0.0357719569862759,4.0,0.0178859784931379,1.20189160303957,1.27200335038919,0.0,4.0,missense,wt_like,367
urn:mavedb:00000013-a-1#3314,p.Pro367Gly,0.939889308670315,0.0958274858934245,4.0,0.0479137429467123,0.8459800981302491,1.03379851921038,0.0,4.0,missense,wt_like,367
urn:mavedb:00000013-a-1#3315,p.Pro367Lys,0.8730961790880201,0.3415014171360729,3.0,0.197165935112151,0.486658047290044,1.259534310886,0.0,3.0,missense,possibly_wt_like,367
urn:mavedb:00000013-a-1#3316,p.Pro367Leu,0.813818432197346,0.371051318881073,8.0,0.131186451874509,0.5566977112637099,1.07093915313098,1.0,3.0,missense,possibly_wt_like,367
urn:mavedb:00000013-a-1#3317,p.Pro367Met,1.26013247011232,0.151193846961279,3.0,0.0872918082429095,1.08904366981084,1.4312212704138,0.0,4.0,missense,wt_like,367
urn:mavedb:00000013-a-1#3318,p.Pro367=,0.7104339472381109,0.3919299463543751,7.0,0.148135595630366,0.420093514974205,1.00077437950202,0.0,3.0,synonymous,possibly_wt_like,367
urn:mavedb:00000013-a-1#3319,p.Pro367Gln,0.9540403623915292,0.0898815670902892,2.0,0.0635558655932171,0.829473154822555,1.0786075699605,1.0,4.0,missense,wt_like,367
urn:mavedb:00000013-a-1#3320,p.Pro367Arg,0.8650443716320001,0.2110958696016069,8.0,0.0746336604378836,0.718765085139357,1.01132365812464,1.0,4.0,missense,wt_like,367
urn:mavedb:00000013-a-1#3321,p.Pro367Ser,0.844786324267701,0.269317749605603,6.0,0.109948510868062,0.6292912028124891,1.06028144572291,1.0,3.0,missense,possibly_wt_like,367
urn:mavedb:00000013-a-1#3322,p.Pro367Thr,1.0861295663785602,0.154492113832783,5.0,0.0690909737035479,0.950713746262806,1.22154538649432,1.0,4.0,missense,wt_like,367
urn:mavedb:00000013-a-1#3323,p.Pro30Thr,0.7151539642668471,0.100127458231334,7.0,0.0378446219841597,0.640979868169361,0.7893280603643329,1.0,3.0,missense,possibly_wt_like,30
urn:mavedb:00000013-a-1#3324,p.Pro367Val,1.0729722332188,0.3062158727704669,8.0,0.108263660071477,0.8607793586442151,1.28516510779338,0.0,4.0,missense,wt_like,367
urn:mavedb:00000013-a-1#3325,p.Pro367Trp,1.00130337938233,0.170024240775558,4.0,0.0850121203877789,0.8346826851729029,1.16792407359176,0.0,4.0,missense,wt_like,367
urn:mavedb:00000013-a-1#3326,p.Asp368Ala,1.04405435553305,0.155486191299937,5.0,0.0695355386618391,0.907767204110249,1.18034150695584,1.0,4.0,missense,wt_like,368
urn:mavedb:00000013-a-1#3327,p.Asp368Glu,0.991835008125155,0.0636268414058661,5.0,0.028454788515423,0.9360646474472232,1.04760536880309,1.0,4.0,missense,wt_like,368
urn:mavedb:00000013-a-1#3328,p.Asp368Gly,0.989320088057932,0.1741042185242559,8.0,0.0615551367758429,0.868674236913843,1.10996593920202,1.0,4.0,missense,wt_like,368
urn:mavedb:00000013-a-1#3329,p.Asp368His,0.739986538118539,0.178519360225166,4.0,0.0892596801125829,0.5650407798263111,0.914932296410768,1.0,3.0,missense,possibly_wt_like,368
urn:mavedb:00000013-a-1#3330,p.Asp368Ile,0.776131965563533,0.637089338189702,3.0,0.3678237009016649,0.055210759136037,1.49705317199103,0.0,3.0,missense,possibly_wt_like,368
urn:mavedb:00000013-a-1#3331,p.Asp368Leu,0.824771859815713,0.296205467668728,2.0,0.20944889481309,0.414259569380339,1.23528415025109,0.0,3.0,missense,possibly_wt_like,368
urn:mavedb:00000013-a-1#3332,p.Asp368Arg,1.05236513386479,0.127902358163594,3.0,0.0738444609157387,0.907632650012163,1.19709761771741,0.0,4.0,missense,wt_like,368
urn:mavedb:00000013-a-1#3333,p.Asp368Ser,0.7061496116924709,0.423529516585951,4.0,0.211764758292976,0.291098312243409,1.12120091114153,0.0,2.0,missense,possibly_low,368
urn:mavedb:00000013-a-1#3334,p.Thr2Glu,0.6665916773217769,0.529072895021952,7.0,0.199970757950438,0.274656193777741,1.05852716086581,0.0,2.0,missense,possibly_low,2
urn:mavedb:00000013-a-1#3335,p.Glu7Pro,0.877318712437865,0.159447887959274,2.0,0.112746682821875,0.656339274730629,1.0982981501451,0.0,3.0,missense,possibly_wt_like,7
urn:mavedb:00000013-a-1#3336,p.Pro30Val,0.306205999218019,0.106484292474725,8.0,0.0376478826493648,0.2324175051310739,0.3799944933049649,0.0,1.0,missense,low,30
urn:mavedb:00000013-a-1#3337,p.Asp368Val,0.9198520049516528,0.23079116652417,8.0,0.0815969994435971,0.759924824795668,1.07977918510764,1.0,4.0,missense,wt_like,368
urn:mavedb:00000013-a-1#3338,p.Val369Glu,0.742856237415192,0.565801501117367,2.0,0.400082078245618,-0.0412902268061555,1.52700270163654,0.0,3.0,missense,possibly_wt_like,369
urn:mavedb:00000013-a-1#3339,p.Val369Phe,1.09048488909494,0.204493066193544,7.0,0.0772911139978839,0.938997089334105,1.24197268885577,1.0,4.0,missense,wt_like,369
urn:mavedb:00000013-a-1#3340,p.Val369Gly,1.10023108744797,0.113193912133333,8.0,0.0400200914292572,1.02179314958862,1.17866902530731,1.0,4.0,missense,wt_like,369
urn:mavedb:00000013-a-1#3341,p.Val369Leu,0.6908469497520799,0.393159050265636,8.0,0.1390027152638469,0.418406634081664,0.963287265422496,1.0,2.0,missense,possibly_low,369
urn:mavedb:00000013-a-1#3342,p.Val369Met,0.848089794736155,0.159418926730827,4.0,0.0797094633654137,0.6918621173129301,1.00431747215938,0.0,3.0,missense,possibly_wt_like,369
urn:mavedb:00000013-a-1#3343,p.Val369Pro,1.03286249739511,0.0159247317513475,2.0,0.0112604858099545,1.01079235075917,1.05493264403104,0.0,4.0,missense,wt_like,369
urn:mavedb:00000013-a-1#3344,p.Val369Arg,0.217625651820748,0.4978571424066961,3.0,0.287437955186484,-0.345742388134598,0.7809936917760941,0.0,2.0,missense,possibly_low,369
urn:mavedb:00000013-a-1#3345,p.Val369Ser,0.397141422694447,0.3698061018122379,5.0,0.165382316429274,0.0729980388132622,0.7212848065756321,0.0,2.0,missense,possibly_low,369
urn:mavedb:00000013-a-1#3346,p.Val369Thr,1.07361870604968,0.194303363552964,5.0,0.0868951058322565,0.903307428185662,1.2439299839137,0.0,4.0,missense,wt_like,369
urn:mavedb:00000013-a-1#3347,p.Pro30Trp,0.482717434755324,0.2536286398031689,7.0,0.0958626151832517,0.294830161532328,0.67060470797832,0.0,1.0,missense,low,30
urn:mavedb:00000013-a-1#3348,p.Val369=,1.0133489972141,0.201403393740778,6.0,0.0822225911882927,0.852195679769481,1.17450231465871,0.0,4.0,synonymous,wt_like,369
urn:mavedb:00000013-a-1#3349,p.Val369Trp,0.648760043583925,0.69218921273187,2.0,0.489451686186883,-0.310547633514766,1.6080677206826202,0.0,2.0,missense,possibly_low,369
urn:mavedb:00000013-a-1#3350,p.Val369Ter,0.346763932945848,0.0123855301297103,2.0,0.0087578923433084,0.329598779372484,0.363929086519211,0.0,1.0,nonsense,low,369
urn:mavedb:00000013-a-1#3351,p.Ser370Ala,0.805402467078341,0.239888669435901,4.0,0.119944334717951,0.57031589088154,1.04048904327514,0.0,3.0,missense,possibly_wt_like,370
urn:mavedb:00000013-a-1#3352,p.Ser370Cys,0.787571564095869,0.226466952231708,5.0,0.101279099969459,0.5890681757690971,0.98607495242264,1.0,3.0,missense,possibly_wt_like,370
urn:mavedb:00000013-a-1#3353,p.Ser370Phe,0.897594114478112,0.279536683079798,6.0,0.114120372989266,0.6739222935168729,1.1212659354393502,0.0,3.0,missense,possibly_wt_like,370
urn:mavedb:00000013-a-1#3354,p.Ser370Gly,1.02947609330566,0.06469061288266,8.0,0.0228715855242213,0.984648609408854,1.07430357720246,1.0,4.0,missense,wt_like,370
urn:mavedb:00000013-a-1#3355,p.Ser370Lys,0.872301001730982,0.2047222100572889,3.0,0.118196423085671,0.640640269381609,1.10396173408036,0.0,3.0,missense,possibly_wt_like,370
urn:mavedb:00000013-a-1#3356,p.Ser370Leu,1.07215587831771,0.158810735035993,8.0,0.0561480738345855,0.96210767580063,1.1822040808348,0.0,4.0,missense,wt_like,370
urn:mavedb:00000013-a-1#3357,p.Ser370Met,0.8272616810550071,0.148682856982821,8.0,0.0525673282093713,0.724231611001143,0.930291751108871,0.0,4.0,missense,wt_like,370
urn:mavedb:00000013-a-1#3358,p.Pro30Tyr,0.545779530579021,0.358613215476726,8.0,0.126788918243353,0.297277817183256,0.7942812439747859,0.0,2.0,missense,possibly_low,30
urn:mavedb:00000013-a-1#3359,p.Ser370Pro,0.753954349405598,0.361243738465677,6.0,0.147477138669387,0.46490446907058,1.04300422974062,0.0,3.0,missense,possibly_wt_like,370
urn:mavedb:00000013-a-1#3360,p.Ser370Gln,1.05428518431396,0.11180972818634,8.0,0.0395307085015929,0.976806419367491,1.13176394926044,0.0,4.0,missense,wt_like,370
urn:mavedb:00000013-a-1#3361,p.Ser370Arg,0.833561931826351,0.108855693202839,8.0,0.038486299417245,0.758130171070326,0.908993692582377,1.0,4.0,missense,wt_like,370
urn:mavedb:00000013-a-1#3362,p.Ser370=,1.03365356998029,0.275948182704062,4.0,0.137974091352031,0.763229320130668,1.30407781982991,0.0,4.0,synonymous,wt_like,370
urn:mavedb:00000013-a-1#3363,p.Ser370Thr,0.8368818983635959,0.233484259682559,8.0,0.0825491516609292,0.67508853415384,0.998675262573352,1.0,3.0,missense,possibly_wt_like,370
urn:mavedb:00000013-a-1#3364,p.Ser370Val,0.853525171266672,0.0875963070100032,7.0,0.0331082920165903,0.78863411132452,0.918416231208824,0.0,4.0,missense,wt_like,370
urn:mavedb:00000013-a-1#3365,p.Asp371Ala,0.7821441180512309,0.4503516075145909,7.0,0.1702169080031109,0.448525108805366,1.1157631272971,1.0,3.0,missense,possibly_wt_like,371
urn:mavedb:00000013-a-1#3366,p.Asp371=,1.04512213885286,0.271442596398265,7.0,0.102595657899927,0.8440383443988141,1.24620593330691,0.0,4.0,synonymous,wt_like,371
urn:mavedb:00000013-a-1#3367,p.Asp371Phe,0.966420873264636,0.393731985232975,3.0,0.227321267662824,0.520879375725512,1.41196237080376,0.0,3.0,missense,possibly_wt_like,371
urn:mavedb:00000013-a-1#3368,p.Asp371Gly,0.8081682164847142,0.133215959808929,8.0,0.0470989542715843,0.7158559624029099,0.900480470566518,1.0,4.0,missense,wt_like,371
urn:mavedb:00000013-a-1#3369,p.Asn31Ala,0.312024050030419,0.163745088820392,7.0,0.0618898262038484,0.190722219661433,0.433325880399405,0.0,1.0,missense,low,31
urn:mavedb:00000013-a-1#3370,p.Asp371Leu,0.600996237741602,0.332049236198613,6.0,0.1355585330279149,0.3353063952098039,0.8666860802733991,0.0,2.0,missense,possibly_low,371
urn:mavedb:00000013-a-1#3371,p.Asp371Met,0.8593490544917559,0.300192621687428,8.0,0.106134119228674,0.6513300032726751,1.06736810571084,0.0,3.0,missense,possibly_wt_like,371
urn:mavedb:00000013-a-1#3372,p.Asp371Asn,0.752910765501065,0.0650394201533401,2.0,0.0459898150348678,0.6627723843770661,0.8430491466250649,1.0,3.0,missense,possibly_wt_like,371
urn:mavedb:00000013-a-1#3373,p.Asp371Pro,0.845864108955013,0.357592964694107,2.0,0.252856410239804,0.350274651624911,1.34145356628511,0.0,3.0,missense,possibly_wt_like,371
urn:mavedb:00000013-a-1#3374,p.Asp371Gln,1.14147010060873,0.251494515932122,2.0,0.177833477646832,0.7929228891754291,1.49001731204203,0.0,4.0,missense,wt_like,371
urn:mavedb:00000013-a-1#3375,p.Asp371Arg,0.468894693933304,0.234791890150794,6.0,0.0958533877688406,0.281025506110224,0.656763881756384,0.0,1.0,missense,low,371
urn:mavedb:00000013-a-1#3376,p.Asp371Ser,0.897198987472966,0.229100588099576,8.0,0.0809992897095181,0.7384432968689839,1.05595467807695,0.0,4.0,missense,wt_like,371
urn:mavedb:00000013-a-1#3377,p.Asp371Thr,0.952693035800862,0.1822912685988889,3.0,0.105245912996487,0.7464148368077109,1.15897123479401,0.0,4.0,missense,wt_like,371
urn:mavedb:00000013-a-1#3378,p.Asp371Val,0.963020875161858,0.0491482333639397,3.0,0.0283757457628652,0.907405435432177,1.01863631489154,1.0,4.0,missense,wt_like,371
urn:mavedb:00000013-a-1#3379,p.Asp371Trp,0.98671822877732,0.0105689380762554,2.0,0.0074733677836608,0.972070697078123,1.00136576047652,0.0,4.0,missense,wt_like,371
urn:mavedb:00000013-a-1#3380,p.Asn31Cys,0.621920700514229,0.529248132303609,6.0,0.216064645244141,0.19844177750329,1.04539962352517,0.0,2.0,missense,possibly_low,31
urn:mavedb:00000013-a-1#3381,p.Asp371Ter,0.358778184918118,0.264460463847805,6.0,0.107965532261147,0.147169630114573,0.570386739721662,0.0,1.0,nonsense,low,371
urn:mavedb:00000013-a-1#3382,p.Asn372Ala,0.947073932168236,0.213437047910041,6.0,0.0871353099309279,0.7762918629218821,1.11785600141459,0.0,4.0,missense,wt_like,372
urn:mavedb:00000013-a-1#3383,p.Asn372Ile,0.7673910212927509,0.274829737306317,5.0,0.122907594971067,0.526496561723023,1.00828548086248,1.0,3.0,missense,possibly_wt_like,372
urn:mavedb:00000013-a-1#3384,p.Asn372Leu,1.048017965168,0.230506258124879,8.0,0.0814962691130194,0.8882882128320959,1.2077477175039,0.0,4.0,missense,wt_like,372
urn:mavedb:00000013-a-1#3385,p.Asn372Pro,1.07023192158788,0.0580831312400089,3.0,0.0335343114567955,1.00450587888621,1.13595796428955,0.0,4.0,missense,wt_like,372
urn:mavedb:00000013-a-1#3386,p.Asn372Arg,0.612157655766354,0.263553246396142,6.0,0.107595162287426,0.401275012772257,0.8230402987604519,0.0,2.0,missense,possibly_low,372
urn:mavedb:00000013-a-1#3387,p.Asn372Ser,1.18007098140506,0.12653126877095,8.0,0.0447355590900383,1.09239089676032,1.2677510660498,1.0,4.0,missense,wt_like,372
urn:mavedb:00000013-a-1#3388,p.Asn372Thr,0.8228196596329191,0.7454933453199859,3.0,0.430410783599568,-0.0207699747798979,1.66640929404574,1.0,3.0,missense,possibly_wt_like,372
urn:mavedb:00000013-a-1#3389,p.Asn372Val,0.651654637052199,0.205233774349695,4.0,0.102616887174848,0.450529233983888,0.852780040120511,0.0,2.0,missense,possibly_low,372
urn:mavedb:00000013-a-1#3390,p.Asn372Trp,0.7296689823097071,0.4341074806004029,8.0,0.1534801716481759,0.4288533735382561,1.03048459108116,0.0,3.0,missense,possibly_wt_like,372
urn:mavedb:00000013-a-1#3391,p.Asn31Asp,0.262646186425402,0.364056621925053,4.0,0.1820283109625269,-0.0941227472278073,0.619415120078612,1.0,1.0,missense,low,31
urn:mavedb:00000013-a-1#3392,p.Asn372Ter,0.4654613808146,0.0918028020587768,2.0,0.0649143838676874,0.338231526355325,0.592691235273875,0.0,1.0,nonsense,low,372
urn:mavedb:00000013-a-1#3393,p.Asn372Tyr,0.973983414369028,0.289352184013113,6.0,0.118127534465339,0.7424577012344499,1.20550912750361,1.0,4.0,missense,wt_like,372
urn:mavedb:00000013-a-1#3394,p.Asp375Ala,0.624890669091212,0.485780030144753,4.0,0.242890015072376,0.148834987344963,1.10094635083746,1.0,2.0,missense,possibly_low,375
urn:mavedb:00000013-a-1#3395,p.Asp375Glu,1.02389082964816,0.0723207935307829,7.0,0.0273346906144715,0.970315820515252,1.07746583878107,1.0,4.0,missense,wt_like,375
urn:mavedb:00000013-a-1#3396,p.Asp375Gly,0.5893951033461701,0.123366895419031,7.0,0.0466283036138385,0.498005307602848,0.6807848990894921,1.0,1.0,missense,low,375
urn:mavedb:00000013-a-1#3397,p.Asp375Leu,0.550677389005199,0.265845148152268,7.0,0.100480021323432,0.353740166045456,0.747614611964942,0.0,2.0,missense,possibly_low,375
urn:mavedb:00000013-a-1#3398,p.Asp375Met,0.6137957171882,0.225320502237152,3.0,0.130088852620561,0.358826251261761,0.8687651831146391,0.0,2.0,missense,possibly_low,375
urn:mavedb:00000013-a-1#3399,p.Asp375Asn,0.416215591069451,0.38351840043473,3.0,0.221424451730166,-0.0177683596182021,0.8501995417571031,1.0,2.0,missense,possibly_low,375
urn:mavedb:00000013-a-1#3400,p.Asp375Pro,1.16782237978447,0.189947527294252,3.0,0.10966625601524,0.9528804676752508,1.38276429189369,0.0,4.0,missense,wt_like,375
urn:mavedb:00000013-a-1#3401,p.Asp375Arg,0.5065268169967561,0.153290437967341,8.0,0.0541963540888811,0.400303914889169,0.612749719104343,0.0,1.0,missense,low,375
urn:mavedb:00000013-a-1#3402,p.Asn31Glu,0.5250543156665589,0.153665796520968,7.0,0.0580802118015906,0.411219192320983,0.638889439012135,0.0,1.0,missense,low,31
urn:mavedb:00000013-a-1#3403,p.Asp375Thr,0.339157504770684,0.2213459977712769,3.0,0.127794171397293,0.0886855313978508,0.589629478143516,0.0,1.0,missense,low,375
urn:mavedb:00000013-a-1#3404,p.Asp375Val,0.3439574888003689,0.177558158323608,4.0,0.088779079161804,0.169953691062602,0.517961286538135,1.0,1.0,missense,low,375
urn:mavedb:00000013-a-1#3405,p.Asp375Ter,0.3395889173638449,0.0812648287705109,2.0,0.0574629114955919,0.226963680385672,0.4522141543420179,0.0,1.0,nonsense,low,375
urn:mavedb:00000013-a-1#3406,p.His376Ala,0.975374839602488,0.246056637713441,7.0,0.0930006674037831,0.793096880952885,1.15765279825209,0.0,4.0,missense,wt_like,376
urn:mavedb:00000013-a-1#3407,p.His376Asp,1.08044996808559,0.0914098486101307,4.0,0.0457049243050654,0.990869962531534,1.17002997363965,1.0,4.0,missense,wt_like,376
urn:mavedb:00000013-a-1#3408,p.His376Glu,1.30755049851032,0.0510470760914189,3.0,0.029472043122724,1.24978635543897,1.3653146415816702,0.0,4.0,missense,wt_like,376
urn:mavedb:00000013-a-1#3409,p.His376Phe,1.0910006608236,0.258521208040119,5.0,0.115614198960614,0.8644009947593511,1.3176003268878502,0.0,4.0,missense,wt_like,376
urn:mavedb:00000013-a-1#3410,p.His376Gly,0.863728595276102,0.255365303878412,7.0,0.0965190125052453,0.67455480694245,1.05290238360975,0.0,3.0,missense,possibly_wt_like,376
urn:mavedb:00000013-a-1#3411,p.His376Ile,0.986105230481294,0.155319961743186,6.0,0.0634091088565683,0.86182566083064,1.1103848001319498,0.0,4.0,missense,wt_like,376
urn:mavedb:00000013-a-1#3412,p.His376Lys,0.7833268216510479,0.23316893182077,8.0,0.0824376664262452,0.6217519644860799,0.944901678816015,0.0,3.0,missense,possibly_wt_like,376
urn:mavedb:00000013-a-1#3413,p.Asn31Phe,0.326835413795987,0.1676252201106619,8.0,0.0592644649190684,0.210679196991576,0.442991630600399,0.0,1.0,missense,low,31
urn:mavedb:00000013-a-1#3414,p.His376Leu,0.9114729506186328,0.163542036412706,7.0,0.0618130796075841,0.790321540814261,1.03262436042301,1.0,4.0,missense,wt_like,376
urn:mavedb:00000013-a-1#3415,p.His376Met,0.850372588188624,0.373304187923968,8.0,0.131982961363188,0.5916907373438349,1.10905443903341,0.0,3.0,missense,possibly_wt_like,376
urn:mavedb:00000013-a-1#3416,p.His376Pro,0.7981007251560129,0.238421099932114,8.0,0.0842945882699766,0.632886368055226,0.9633150822567992,1.0,3.0,missense,possibly_wt_like,376
urn:mavedb:00000013-a-1#3417,p.His376Gln,0.962442823675529,0.1541801974616919,2.0,0.109021863149843,0.7487638983743821,1.17612174897668,1.0,4.0,missense,wt_like,376
urn:mavedb:00000013-a-1#3418,p.His376Arg,0.923511053769409,0.14463845659,8.0,0.0511374167375725,0.823283558701351,1.02373854883747,1.0,4.0,missense,wt_like,376
urn:mavedb:00000013-a-1#3419,p.His376Ser,1.1265885440715,0.0945268916028729,2.0,0.0668406060568771,0.995583363495188,1.25759372464781,0.0,4.0,missense,wt_like,376
urn:mavedb:00000013-a-1#3420,p.His376Thr,1.0471622831935898,0.251241583456322,7.0,0.0949603926890724,0.8610433335652259,1.23328123282195,0.0,4.0,missense,wt_like,376
urn:mavedb:00000013-a-1#3421,p.His376Val,1.06497524868157,0.183190052670107,7.0,0.0692393317179896,0.929268652200688,1.20068184516245,0.0,4.0,missense,wt_like,376
urn:mavedb:00000013-a-1#3422,p.His376Trp,0.754484310069603,0.18519183519398,5.0,0.0828203064743355,0.5921594921913361,0.91680912794787,0.0,3.0,missense,possibly_wt_like,376
urn:mavedb:00000013-a-1#3423,p.His376Tyr,0.726711134164885,0.225079860668371,4.0,0.112539930334185,0.506136923887235,0.947285344442536,1.0,3.0,missense,possibly_wt_like,376
urn:mavedb:00000013-a-1#3424,p.Asn31Gly,0.588536315738235,0.168984354651257,8.0,0.0597449915441682,0.471438284055016,0.7056343474214549,0.0,1.0,missense,low,31
urn:mavedb:00000013-a-1#3425,p.Tyr377Ala,0.635440967411331,0.144815972212493,8.0,0.0512001779877881,0.535090462553226,0.735791472269436,0.0,2.0,missense,possibly_low,377
urn:mavedb:00000013-a-1#3426,p.Tyr377Cys,0.7213240343286559,0.101588429897928,5.0,0.0454317269958479,0.6322794856613381,0.8103685829959741,1.0,3.0,missense,possibly_wt_like,377
urn:mavedb:00000013-a-1#3427,p.Tyr377Asp,0.72174481208594,0.13117848856145,7.0,0.0495808082992756,0.6245682134949749,0.818921410676905,1.0,3.0,missense,possibly_wt_like,377
urn:mavedb:00000013-a-1#3428,p.Tyr377Glu,0.6267641294263671,0.2554988562127,7.0,0.0965694905428934,0.437491405956914,0.8160368528958191,0.0,2.0,missense,possibly_low,377
urn:mavedb:00000013-a-1#3429,p.Tyr377Phe,0.8040138810189951,0.19124222053036,8.0,0.0676143354930953,0.67149221861392,0.93653554342407,1.0,3.0,missense,possibly_wt_like,377
urn:mavedb:00000013-a-1#3430,p.Tyr377Gly,0.671625627171537,0.239954994778153,7.0,0.0906944631472566,0.493867745805719,0.8493835085373549,0.0,2.0,missense,possibly_low,377
urn:mavedb:00000013-a-1#3431,p.Tyr377His,0.876975887139864,0.189182667755762,4.0,0.094591333877881,0.6915802794896141,1.06237149479011,1.0,3.0,missense,possibly_wt_like,377
urn:mavedb:00000013-a-1#3432,p.Tyr377Ile,0.585582550247302,0.105312523005983,7.0,0.0398043922592286,0.507567374992709,0.663597725501895,0.0,1.0,missense,low,377
urn:mavedb:00000013-a-1#3433,p.Tyr377Lys,0.623952215102894,0.227965037214912,6.0,0.0930663367285186,0.441545546941921,0.806358883263868,0.0,2.0,missense,possibly_low,377
urn:mavedb:00000013-a-1#3434,p.Tyr377Leu,0.560034487445999,0.12709680723957,8.0,0.0449355071331297,0.4719625118380229,0.6481064630539761,0.0,1.0,missense,low,377
urn:mavedb:00000013-a-1#3435,p.Asn31His,0.69428868495458,0.272939641176191,3.0,0.157581775305593,0.3854340807357341,1.00314328917343,1.0,2.0,missense,possibly_low,31
urn:mavedb:00000013-a-1#3436,p.Tyr377Met,0.239585593386977,0.0710797669361082,3.0,0.041037922574498,0.159152743140617,0.320018443633336,0.0,1.0,missense,low,377
urn:mavedb:00000013-a-1#3437,p.Tyr377Asn,0.5499425605903481,0.100580154143298,7.0,0.0380157249559583,0.475433108830489,0.6244520123502061,1.0,1.0,missense,low,377
urn:mavedb:00000013-a-1#3438,p.Tyr377Pro,0.540093101707346,0.244490232314406,7.0,0.0924086218126179,0.358975531093633,0.72121067232106,0.0,2.0,missense,possibly_low,377
urn:mavedb:00000013-a-1#3439,p.Tyr377Gln,0.711269621486952,0.0686584328138981,4.0,0.034329216406949,0.643985593711851,0.7785536492620542,0.0,3.0,missense,possibly_wt_like,377
urn:mavedb:00000013-a-1#3440,p.Tyr377Arg,0.584063294772053,0.126575482653771,8.0,0.0447511910582208,0.49635257203267,0.671774017511437,0.0,1.0,missense,low,377
urn:mavedb:00000013-a-1#3441,p.Tyr377Ser,0.58185464984019,0.0948355086764794,5.0,0.0424117288162758,0.4987291888382101,0.66498011084217,1.0,1.0,missense,low,377
urn:mavedb:00000013-a-1#3442,p.Tyr377Thr,0.755660210399818,0.127442084120195,7.0,0.0481685801636873,0.66125152809256,0.8500688927070749,0.0,3.0,missense,possibly_wt_like,377
urn:mavedb:00000013-a-1#3443,p.Tyr377Trp,0.823493362377209,0.109474020755797,4.0,0.0547370103778987,0.716210793415132,0.9307759313392858,0.0,4.0,missense,wt_like,377
urn:mavedb:00000013-a-1#3444,p.Tyr377Ter,0.0644760573331717,0.225162509792108,2.0,0.159213937542982,-0.247577526087882,0.3765296407542249,1.0,1.0,nonsense,low,377
urn:mavedb:00000013-a-1#3445,p.Arg378Ala,0.844338612053512,0.191202438766151,7.0,0.0722677290063274,0.70269646595661,0.985980758150414,0.0,3.0,missense,possibly_wt_like,378
urn:mavedb:00000013-a-1#3446,p.Glu7Thr,1.1298133600074198,0.151453008365547,2.0,0.107093449246381,0.9199140565043408,1.33971266351049,0.0,4.0,missense,wt_like,7
urn:mavedb:00000013-a-1#3447,p.Asn31Lys,0.724761785841912,0.0953960285642473,4.0,0.0476980142821236,0.6312753957148729,0.818248175968952,1.0,3.0,missense,possibly_wt_like,31
urn:mavedb:00000013-a-1#3448,p.Arg378Asp,0.500823007990805,0.474219523397659,3.0,0.2737907694886149,-0.0357970395063881,1.037443055488,0.0,2.0,missense,possibly_low,378
urn:mavedb:00000013-a-1#3449,p.Arg378Phe,0.8997204015045629,0.424208137969996,2.0,0.299960450993103,0.31180872077169,1.48763208223744,0.0,3.0,missense,possibly_wt_like,378
urn:mavedb:00000013-a-1#3450,p.Arg378Gly,0.715501327225953,0.196809513317413,8.0,0.0695826707343834,0.579121798638453,0.8518808558134541,1.0,3.0,missense,possibly_wt_like,378
urn:mavedb:00000013-a-1#3451,p.Arg378Leu,0.73556954963367,0.153440117866924,7.0,0.0579949132880457,0.621901608302577,0.8492374909647629,0.0,3.0,missense,possibly_wt_like,378
urn:mavedb:00000013-a-1#3452,p.Arg378Pro,0.6402903608206779,0.0916077764064967,8.0,0.0323882399532274,0.576810576989711,0.703770144651645,0.0,1.0,missense,low,378
urn:mavedb:00000013-a-1#3453,p.Arg378=,1.00490873984676,0.1208111410604269,5.0,0.0540283847700864,0.8990150515545191,1.110802428139,0.0,4.0,synonymous,wt_like,378
urn:mavedb:00000013-a-1#3454,p.Arg378Ser,0.861189071013115,0.184700734332108,7.0,0.0698103157162523,0.72436336645989,0.99801477556634,1.0,4.0,missense,wt_like,378
urn:mavedb:00000013-a-1#3455,p.Arg378Thr,0.8766643575713299,0.160465982401013,6.0,0.0655099629928178,0.748267189476855,1.0050615256658,1.0,4.0,missense,wt_like,378
urn:mavedb:00000013-a-1#3456,p.Arg378Val,0.7853050800453621,0.276265901324099,8.0,0.0976747461184421,0.5938660954541221,0.976744064636602,0.0,3.0,missense,possibly_wt_like,378
urn:mavedb:00000013-a-1#3457,p.Arg378Ter,0.379373648050321,0.214224418390214,5.0,0.0958040723921749,0.19160111658939,0.567146179511252,1.0,1.0,nonsense,low,378
urn:mavedb:00000013-a-1#3458,p.Asn31Leu,0.312116313567024,0.255737187863548,8.0,0.0904167498699463,0.134902740222763,0.489329886911285,0.0,1.0,missense,low,31
urn:mavedb:00000013-a-1#3459,p.Arg378Tyr,0.201114694818465,0.6177073387639079,2.0,0.436785048028655,-0.654968268303297,1.05719765794023,0.0,2.0,missense,possibly_low,378
urn:mavedb:00000013-a-1#3460,p.Tyr379Ala,0.635055121822261,0.205084985194755,8.0,0.0725084918753769,0.4929410891732071,0.777169154471315,0.0,2.0,missense,possibly_low,379
urn:mavedb:00000013-a-1#3461,p.Tyr379Asp,0.6486047430300611,0.122200025082982,5.0,0.0546495125875456,0.541493666585803,0.7557158194743191,1.0,2.0,missense,possibly_low,379
urn:mavedb:00000013-a-1#3462,p.Tyr379Gly,0.6704821480206129,0.177544906500908,8.0,0.0627716036759617,0.547452065563906,0.79351223047732,0.0,2.0,missense,possibly_low,379
urn:mavedb:00000013-a-1#3463,p.Tyr379Lys,0.572014443771202,0.112514431164646,3.0,0.0649602371206262,0.4446947185875929,0.699334168954812,0.0,1.0,missense,low,379
urn:mavedb:00000013-a-1#3464,p.Tyr379Leu,0.6454371092613579,0.241206960746768,6.0,0.098472329372852,0.4524348902168029,0.8384393283059141,0.0,2.0,missense,possibly_low,379
urn:mavedb:00000013-a-1#3465,p.Tyr379Met,0.887965529717116,0.321914290625796,5.0,0.143964447353581,0.605800397849885,1.17013066158435,0.0,3.0,missense,possibly_wt_like,379
urn:mavedb:00000013-a-1#3466,p.Tyr379Pro,0.534272144209835,0.387622671326706,5.0,0.173350128541315,0.194512135553469,0.8740321528662,0.0,2.0,missense,possibly_low,379
urn:mavedb:00000013-a-1#3467,p.Tyr379Arg,0.6458990458102621,0.113550274968833,8.0,0.0401460847180294,0.56721416564263,0.7245839259778929,0.0,2.0,missense,possibly_low,379
urn:mavedb:00000013-a-1#3468,p.Ser380Gln,0.301335341250576,0.300122134803979,6.0,0.122524348464089,0.0611920310317257,0.541478651469427,0.0,1.0,missense,low,380
urn:mavedb:00000013-a-1#3469,p.Asn31Pro,0.250658190873891,0.184087912503062,6.0,0.0751535755744363,0.103359889438586,0.3979564923091951,0.0,1.0,missense,low,31
urn:mavedb:00000013-a-1#3470,p.Thr383Ala,0.441354938060279,0.254729351236134,6.0,0.103992822173121,0.237532751950284,0.645177124170273,1.0,1.0,missense,low,383
urn:mavedb:00000013-a-1#3471,p.Thr383Asp,0.7419126937302041,0.199047984864701,5.0,0.089016964988364,0.567442648339948,0.9163827391204608,0.0,3.0,missense,possibly_wt_like,383
urn:mavedb:00000013-a-1#3472,p.Thr383Pro,0.568739468291343,0.1482413808116749,8.0,0.0524112428121963,0.466015319994455,0.6714636165882321,1.0,1.0,missense,low,383
urn:mavedb:00000013-a-1#3473,p.Thr383Val,0.109774458929604,0.136321338371036,2.0,0.0963937427825852,-0.0791538052592806,0.298702723118489,0.0,1.0,missense,low,383
urn:mavedb:00000013-a-1#3474,p.Thr383Trp,0.7605956789697661,0.239035679209232,3.0,0.138007313737375,0.490106314441391,1.03108504349814,0.0,3.0,missense,possibly_wt_like,383
urn:mavedb:00000013-a-1#3475,p.Thr383Ter,0.439970764057514,0.432227309193981,5.0,0.193297929017912,0.061113784896227,0.818827743218802,0.0,2.0,nonsense,possibly_low,383
urn:mavedb:00000013-a-1#3476,p.Asp384Ile,0.6864836581744139,0.154126274666154,5.0,0.0689273654544647,0.551388504334433,0.821578812014395,0.0,2.0,missense,possibly_low,384
urn:mavedb:00000013-a-1#3477,p.Asp384Leu,0.6800440128078591,0.1505286678166719,6.0,0.0614530713019592,0.559598206316647,0.800489819299071,0.0,2.0,missense,possibly_low,384
urn:mavedb:00000013-a-1#3478,p.Asp384Pro,0.447725590345657,0.112034425340608,2.0,0.0792203018846818,0.29245665180729,0.6029945288840239,0.0,1.0,missense,low,384
urn:mavedb:00000013-a-1#3479,p.Asp384Tyr,0.541342614845519,0.284992024379099,5.0,0.127452307911388,0.291540681592689,0.79114454809835,1.0,2.0,missense,possibly_low,384
urn:mavedb:00000013-a-1#3480,p.Asn31Gln,0.831986849424687,0.248731348825034,8.0,0.0879398117239289,0.659627985638553,1.00434571321082,0.0,3.0,missense,possibly_wt_like,31
urn:mavedb:00000013-a-1#3481,p.Ser385Ala,0.5573479991903381,0.198205176996188,8.0,0.0700761123601422,0.4200013427878769,0.6946946555927989,1.0,1.0,missense,low,385
urn:mavedb:00000013-a-1#3482,p.Ser385Cys,0.5428088930687051,0.137384776960438,8.0,0.0485728537102635,0.447607849170256,0.6380099369671539,1.0,1.0,missense,low,385
urn:mavedb:00000013-a-1#3483,p.Ser385Asp,0.921592648174108,0.191236802385206,7.0,0.0722807172334942,0.779925045619736,1.0632602507284798,0.0,4.0,missense,wt_like,385
urn:mavedb:00000013-a-1#3484,p.Ser385Glu,0.907289295950946,0.116329236331013,8.0,0.0411285959299557,0.826678729193532,0.98789986270836,0.0,4.0,missense,wt_like,385
urn:mavedb:00000013-a-1#3485,p.Ser385Phe,0.336671512264804,0.308486084797194,5.0,0.137959171143858,0.066276505485845,0.6070665190437629,1.0,1.0,missense,low,385
urn:mavedb:00000013-a-1#3486,p.Ser385Gly,0.686305652570183,0.0988750154772335,8.0,0.0349575969669383,0.6177900215289169,0.754821283611448,0.0,2.0,missense,possibly_low,385
urn:mavedb:00000013-a-1#3487,p.Ser385His,0.6496032013626011,0.1699163702466,2.0,0.120149017635975,0.414115454018222,0.88509094870698,0.0,2.0,missense,possibly_low,385
urn:mavedb:00000013-a-1#3488,p.Ser385Ile,0.351353161130004,0.120569398097898,3.0,0.0696107744478524,0.214918550276272,0.487787771983736,0.0,1.0,missense,low,385
urn:mavedb:00000013-a-1#3489,p.Ser385Lys,0.520085633022521,0.166672518584094,7.0,0.0629962906517579,0.3966151721854579,0.643556093859583,0.0,1.0,missense,low,385
urn:mavedb:00000013-a-1#3490,p.Ser385Leu,0.415859874557779,0.142966475539645,8.0,0.0505462821682117,0.316790981955685,0.5149287671598729,0.0,1.0,missense,low,385
urn:mavedb:00000013-a-1#3491,p.Asn31Arg,0.914867640988046,0.152750680305743,7.0,0.057734330383561,0.80171043276473,1.02802484921136,0.0,4.0,missense,wt_like,31
urn:mavedb:00000013-a-1#3492,p.Ser385Met,0.558989791396041,0.0553255627085279,8.0,0.0195605402820808,0.5206518369250179,0.597327745867064,0.0,1.0,missense,low,385
urn:mavedb:00000013-a-1#3493,p.Ser385Asn,0.8916023299627499,0.29481359549596,3.0,0.170210708720354,0.557995471087819,1.22520918883768,0.0,3.0,missense,possibly_wt_like,385
urn:mavedb:00000013-a-1#3494,p.Ser385Pro,0.635521428056866,0.101124103519609,8.0,0.0357527696700629,0.565447287155987,0.705595568957746,1.0,1.0,missense,low,385
urn:mavedb:00000013-a-1#3495,p.Ser385Gln,0.649866495216012,0.121177151332794,8.0,0.0428425927161436,0.565896556488052,0.733836433943972,0.0,2.0,missense,possibly_low,385
urn:mavedb:00000013-a-1#3496,p.Ser385Arg,0.4233492470291429,0.1233310465587069,8.0,0.0436041096762478,0.337886762485763,0.508811731572523,0.0,1.0,missense,low,385
urn:mavedb:00000013-a-1#3497,p.Ser385=,1.00326286355545,0.21255241689158,8.0,0.0751486276708132,0.8559742598330441,1.15055146727785,0.0,4.0,synonymous,wt_like,385
urn:mavedb:00000013-a-1#3498,p.Ser385Thr,0.8797179141568309,0.22369489355865,8.0,0.0790880880760621,0.7247081099216179,1.03472771839204,1.0,4.0,missense,wt_like,385
urn:mavedb:00000013-a-1#3499,p.Ser385Val,0.47293498347844,0.0799806026850347,8.0,0.0282774132609875,0.417512271910949,0.52835769504593,0.0,1.0,missense,low,385
urn:mavedb:00000013-a-1#3500,p.Ser385Trp,0.49630497935145,0.114618789859534,5.0,0.0512590811249362,0.3958390264659579,0.596770932236941,0.0,1.0,missense,low,385
urn:mavedb:00000013-a-1#3501,p.Ser385Ter,0.6100514211493411,0.205414762372772,7.0,0.0776394824085405,0.457880831850271,0.762222010448411,0.0,2.0,nonsense,possibly_low,385
urn:mavedb:00000013-a-1#3502,p.Asn31Ser,0.68472207654788,0.118294362940769,8.0,0.0418233731057802,0.6027497715485699,0.7666943815471899,1.0,2.0,missense,possibly_low,31
urn:mavedb:00000013-a-1#3503,p.Ser385Tyr,0.5987035022871221,0.4326963465322101,4.0,0.216348173266105,0.174668874564525,1.02273813000972,1.0,2.0,missense,possibly_low,385
urn:mavedb:00000013-a-1#3504,p.Asp386Ala,0.937406656974139,0.0197760747752031,3.0,0.0114177220949777,0.915028332882496,0.959784981065782,1.0,4.0,missense,wt_like,386
urn:mavedb:00000013-a-1#3505,p.Asp386Cys,0.769768343633565,0.341370077230932,5.0,0.152665339634544,0.470549776262285,1.06898691100485,0.0,3.0,missense,possibly_wt_like,386
urn:mavedb:00000013-a-1#3506,p.Asp386Glu,0.959299067180427,0.399413932083466,8.0,0.141214149938301,0.6825244191939179,1.23607371516694,1.0,3.0,missense,possibly_wt_like,386
urn:mavedb:00000013-a-1#3507,p.Asp386Phe,0.461831258376771,0.0960963484001833,4.0,0.0480481742000916,0.367658567421685,0.556003949331857,0.0,1.0,missense,low,386
urn:mavedb:00000013-a-1#3508,p.Asp386Gly,0.7399451090161621,0.3805955907702029,8.0,0.134560861561655,0.476210666626638,1.00367955140569,1.0,3.0,missense,possibly_wt_like,386
urn:mavedb:00000013-a-1#3509,p.Asp386His,0.524443976402325,0.1488664589797,4.0,0.0744332294898498,0.378557527349215,0.6703304254554361,1.0,1.0,missense,low,386
urn:mavedb:00000013-a-1#3510,p.Asp386Ile,0.6103937352917729,0.146728580953553,7.0,0.0554581907755013,0.5016976787240389,0.7190897918595072,0.0,2.0,missense,possibly_low,386
urn:mavedb:00000013-a-1#3511,p.Asp386Leu,0.626787199842516,0.541962140468862,4.0,0.270981070234431,0.095674061690912,1.1579003379941202,0.0,2.0,missense,possibly_low,386
urn:mavedb:00000013-a-1#3512,p.Asp386Pro,0.585420740622801,0.144871385251699,4.0,0.0724356926258494,0.4434493918809221,0.727392089364679,0.0,2.0,missense,possibly_low,386
urn:mavedb:00000013-a-1#3513,p.Asn31Thr,0.638599460501703,0.311057879514447,5.0,0.139109312706249,0.365950217683336,0.91124870332007,1.0,2.0,missense,possibly_low,31
urn:mavedb:00000013-a-1#3514,p.Asp386Gln,0.7340813513835649,0.416268929286294,5.0,0.186161124561041,0.3692122519224489,1.09895045084468,0.0,3.0,missense,possibly_wt_like,386
urn:mavedb:00000013-a-1#3515,p.Asp386Arg,0.445740124210403,0.271487745937377,8.0,0.0959854130806848,0.257612171531061,0.633868076889745,0.0,1.0,missense,low,386
urn:mavedb:00000013-a-1#3516,p.Asp386Ser,0.942720347766402,0.18523232065898,6.0,0.0756207782476828,0.7945063459180541,1.09093434961475,0.0,4.0,missense,wt_like,386
urn:mavedb:00000013-a-1#3517,p.Asp386Thr,0.481885735360024,0.277128737466724,6.0,0.113137333309199,0.26014063676709,0.7036308339529571,0.0,1.0,missense,low,386
urn:mavedb:00000013-a-1#3518,p.Asp386Val,0.8086864420456199,0.753138895616423,3.0,0.434824944121319,-0.0435547880118071,1.66092767210305,1.0,3.0,missense,possibly_wt_like,386
urn:mavedb:00000013-a-1#3519,p.Pro387Ala,1.0827084049902,0.114435273099564,8.0,0.040458978807818,1.00341026367561,1.1620065463048002,1.0,4.0,missense,wt_like,387
urn:mavedb:00000013-a-1#3520,p.Pro387Cys,1.14354716113195,0.105963974455064,4.0,0.0529819872275322,1.03970437433663,1.24738994792727,0.0,4.0,missense,wt_like,387
urn:mavedb:00000013-a-1#3521,p.Pro387Asp,1.05627740259813,0.147195876595677,6.0,0.0600924649835149,0.938498335488202,1.17405646970805,0.0,4.0,missense,wt_like,387
urn:mavedb:00000013-a-1#3522,p.Pro387Glu,0.8967101333435009,0.181593795237722,7.0,0.068636003118771,0.7621860391879309,1.03123422749907,0.0,4.0,missense,wt_like,387
urn:mavedb:00000013-a-1#3523,p.Pro387Phe,1.00777963965779,0.226558106535938,8.0,0.0801003867321732,0.8507857665149989,1.16477351280058,0.0,4.0,missense,wt_like,387
urn:mavedb:00000013-a-1#3524,p.Asn31Val,0.200728100127828,0.189390354981317,8.0,0.0669596021493083,0.0694896914960532,0.331966508759603,0.0,1.0,missense,low,31
urn:mavedb:00000013-a-1#3525,p.Pro387Gly,1.06551645414677,0.1055564023268019,8.0,0.0373198239414687,0.9923709433121172,1.1386619649814298,0.0,4.0,missense,wt_like,387
urn:mavedb:00000013-a-1#3526,p.Pro387Ile,0.892613356131524,0.101547756775553,5.0,0.0454135374225501,0.803604458372764,0.981622253890284,0.0,4.0,missense,wt_like,387
urn:mavedb:00000013-a-1#3527,p.Pro387Lys,0.942766497881972,0.140363362881611,8.0,0.0496259428618676,0.8455014371738679,1.04003155859007,0.0,4.0,missense,wt_like,387
urn:mavedb:00000013-a-1#3528,p.Pro387Leu,0.923337045069965,0.1135122114619,8.0,0.0401326272360954,0.844678541082246,1.0019955490576802,1.0,4.0,missense,wt_like,387
urn:mavedb:00000013-a-1#3529,p.Pro387Met,1.02208889098074,0.123865797438362,3.0,0.0715139514944259,0.8819241216595229,1.16225366030196,0.0,4.0,missense,wt_like,387
urn:mavedb:00000013-a-1#3530,p.Pro387=,0.7683492005568929,0.261171710264434,6.0,0.106622904232979,0.559372148333192,0.9773262527805948,0.0,3.0,synonymous,possibly_wt_like,387
urn:mavedb:00000013-a-1#3531,p.Pro387Gln,1.03481411185313,0.177365142151186,4.0,0.0886825710755929,0.860999466488556,1.20862875721771,1.0,4.0,missense,wt_like,387
urn:mavedb:00000013-a-1#3532,p.Pro387Arg,0.810309606404759,0.210422447529148,8.0,0.0743955697808656,0.664496969024926,0.956122243784592,1.0,3.0,missense,possibly_wt_like,387
urn:mavedb:00000013-a-1#3533,p.Pro387Ser,1.09641945247406,0.144876250817817,8.0,0.0512214896930808,0.996027177441133,1.19681172750699,1.0,4.0,missense,wt_like,387
urn:mavedb:00000013-a-1#3534,p.Pro387Thr,1.12346131098216,0.0774739412059292,4.0,0.0387369706029646,1.04753824373016,1.19938437823415,1.0,4.0,missense,wt_like,387
urn:mavedb:00000013-a-1#3535,p.Asn31Trp,0.2811811747789929,0.181496106023451,7.0,0.0685990800663804,0.146729448476308,0.415632901081678,0.0,1.0,missense,low,31
urn:mavedb:00000013-a-1#3536,p.Pro387Val,0.899033293672503,0.0940544634525922,8.0,0.0332532744540951,0.833858073374451,0.9642085139705552,0.0,4.0,missense,wt_like,387
urn:mavedb:00000013-a-1#3537,p.Pro387Trp,0.981082783557869,0.2244915638906749,8.0,0.0793697535731347,0.8255209250927059,1.13664464202303,0.0,4.0,missense,wt_like,387
urn:mavedb:00000013-a-1#3538,p.Pro387Ter,0.5840540644425339,0.248120446470103,5.0,0.110962836982949,0.366570900333564,0.801537228551504,0.0,2.0,nonsense,possibly_low,387
urn:mavedb:00000013-a-1#3539,p.Pro387Tyr,0.965740872040841,0.161695823391596,8.0,0.05716810660487,0.8536934420309491,1.07778830205073,0.0,4.0,missense,wt_like,387
urn:mavedb:00000013-a-1#3540,p.Glu388Phe,0.4980452101578279,0.179606500670141,7.0,0.0678848763748214,0.364993297368224,0.631097122947431,0.0,1.0,missense,low,388
urn:mavedb:00000013-a-1#3541,p.Glu388Gly,0.498244084947782,0.319952477352938,6.0,0.130620051909015,0.242233487547361,0.754254682348203,1.0,2.0,missense,possibly_low,388
urn:mavedb:00000013-a-1#3542,p.Glu388Leu,0.5836748554815521,0.155350331314848,7.0,0.0587169061072255,0.4685918342277701,0.698757876735334,0.0,1.0,missense,low,388
urn:mavedb:00000013-a-1#3543,p.Glu388Met,0.430675474380147,0.103987155546527,3.0,0.0600370122470511,0.313005092636537,0.548345856123758,0.0,1.0,missense,low,388
urn:mavedb:00000013-a-1#3544,p.Glu388Gln,0.6203503442814731,0.441812870477324,4.0,0.220906435238662,0.187381687260566,1.05331900130238,1.0,2.0,missense,possibly_low,388
urn:mavedb:00000013-a-1#3545,p.Glu388Arg,0.381091037684222,0.2213039851853089,8.0,0.0782427743140696,0.22773801797815,0.534444057390294,0.0,1.0,missense,low,388
urn:mavedb:00000013-a-1#3546,p.Asn31Ter,0.0236428744426264,0.0273981263465173,2.0,0.0193734009314282,-0.0143282936410276,0.0616140425262803,0.0,1.0,nonsense,low,31
urn:mavedb:00000013-a-1#3547,p.Glu388Ser,0.494083285772344,0.262101068781206,8.0,0.0926667215457162,0.312459848977339,0.67570672256735,0.0,1.0,missense,low,388
urn:mavedb:00000013-a-1#3548,p.Glu388Thr,0.5512599738341171,0.2117102867603709,7.0,0.0800189669660161,0.394425680500625,0.708094267167609,0.0,2.0,missense,possibly_low,388
urn:mavedb:00000013-a-1#3549,p.Glu388Val,0.7695483104445079,0.218994592961021,2.0,0.154852561725926,0.466042866547927,1.07305375434109,1.0,3.0,missense,possibly_wt_like,388
urn:mavedb:00000013-a-1#3550,p.Glu388Trp,0.56516046204317,0.237293357898422,3.0,0.137001384059564,0.296642683454284,0.8336782406320559,0.0,2.0,missense,possibly_low,388
urn:mavedb:00000013-a-1#3551,p.Asn389Ala,0.938217324626857,0.164277913563723,8.0,0.0580810133400429,0.8243806302947829,1.05205401895893,0.0,4.0,missense,wt_like,389
urn:mavedb:00000013-a-1#3552,p.Asn389Cys,0.676747023500276,0.178138980410751,6.0,0.0727249342176648,0.534208771655608,0.819285275344943,0.0,2.0,missense,possibly_low,389
urn:mavedb:00000013-a-1#3553,p.Asn389Asp,1.1053988517041202,0.0699655101735412,8.0,0.0247365433464437,1.05691611764308,1.15388158576516,1.0,4.0,missense,wt_like,389
urn:mavedb:00000013-a-1#3554,p.Asn389Phe,0.902556964639386,0.281616735291665,8.0,0.0995665516101765,0.7074101094185921,1.09770381986018,0.0,4.0,missense,wt_like,389
urn:mavedb:00000013-a-1#3555,p.Asn389Gly,0.808769672366346,0.234213036549031,8.0,0.0828068131930563,0.646471300833419,0.971068043899272,0.0,3.0,missense,possibly_wt_like,389
urn:mavedb:00000013-a-1#3556,p.Asn389His,0.9562386048222908,0.220684110442556,8.0,0.0780236154970261,0.803315128504518,1.1091620811400602,1.0,4.0,missense,wt_like,389
urn:mavedb:00000013-a-1#3557,p.Glu7Val,0.567176989168684,0.15494414969778,7.0,0.0585633838863841,0.452394865938578,0.6819591123987899,1.0,1.0,missense,low,7
urn:mavedb:00000013-a-1#3558,p.Asn31Tyr,0.4389139405509349,0.140814293103072,7.0,0.0532228000848696,0.334599169228215,0.543228711873654,1.0,1.0,missense,low,31
urn:mavedb:00000013-a-1#3559,p.Asn389Ile,0.949559219671077,0.293831426078931,8.0,0.103885096953063,0.745948171112622,1.15317026822953,1.0,4.0,missense,wt_like,389
urn:mavedb:00000013-a-1#3560,p.Asn389Lys,0.911053242555283,0.17765804276684,3.0,0.102570918815137,0.7100179358164319,1.11208854929413,1.0,4.0,missense,wt_like,389
urn:mavedb:00000013-a-1#3561,p.Asn389Leu,1.13678739763556,0.0755290772697085,8.0,0.0267035613570868,1.08444937911671,1.1891254161544,0.0,4.0,missense,wt_like,389
urn:mavedb:00000013-a-1#3562,p.Asn389Pro,0.990348004026452,0.250075749504882,8.0,0.0884151291426051,0.817057535218488,1.16363847283442,0.0,4.0,missense,wt_like,389
urn:mavedb:00000013-a-1#3563,p.Asn389Gln,1.02570292147953,0.175769412045066,5.0,0.0786064707395876,0.871637069878139,1.17976877308092,0.0,4.0,missense,wt_like,389
urn:mavedb:00000013-a-1#3564,p.Asn389Arg,0.905045405133386,0.185752447143941,6.0,0.0758331189959931,0.756415223065899,1.05367558720087,0.0,4.0,missense,wt_like,389
urn:mavedb:00000013-a-1#3565,p.Asn389Ser,1.1890178205471005,0.339855374051523,2.0,0.240314039614523,0.7180109579233029,1.6600246831708898,1.0,4.0,missense,wt_like,389
urn:mavedb:00000013-a-1#3566,p.Asn389Thr,0.9712944090933392,0.179609014873138,8.0,0.0635013761895157,0.8468339987931591,1.09575481939352,1.0,4.0,missense,wt_like,389
urn:mavedb:00000013-a-1#3567,p.Asn389Val,0.8955149909355359,0.120435900326796,8.0,0.0425805209096923,0.8120587035095841,0.9789712783614872,0.0,4.0,missense,wt_like,389
urn:mavedb:00000013-a-1#3568,p.Asn389Trp,1.0633207861553,0.485120640379702,6.0,0.198049672103748,0.675150561681991,1.45149101062862,0.0,3.0,missense,possibly_wt_like,389
urn:mavedb:00000013-a-1#3569,p.Met35Ala,0.522027197740106,0.187285887628181,6.0,0.076459143452212,0.372170030284989,0.6718843651952231,0.0,1.0,missense,low,35
urn:mavedb:00000013-a-1#3570,p.Asn389Tyr,1.0234186838893,0.298917827227811,8.0,0.105683411325167,0.816283003928639,1.23055436384996,1.0,4.0,missense,wt_like,389
urn:mavedb:00000013-a-1#3571,p.Glu390Ala,0.788603897080442,0.17629379269762,7.0,0.0666327904517538,0.6580060276056011,0.919201766555284,1.0,3.0,missense,possibly_wt_like,390
urn:mavedb:00000013-a-1#3572,p.Glu390=,1.00350986960382,0.253908142470862,5.0,0.11355117332111,0.7809536594921771,1.22606607971546,0.0,4.0,synonymous,wt_like,390
urn:mavedb:00000013-a-1#3573,p.Glu390Phe,0.7552186361194742,0.3720003445091129,6.0,0.151868504697814,0.457561836525807,1.05287543571314,0.0,3.0,missense,possibly_wt_like,390
urn:mavedb:00000013-a-1#3574,p.Glu390Gly,0.863938104816591,0.165897059031605,8.0,0.0586534677100763,0.748979420536458,0.9788967890967232,1.0,4.0,missense,wt_like,390
urn:mavedb:00000013-a-1#3575,p.Glu390Lys,0.9700965889547158,0.0132058131488093,2.0,0.0093379200286055,0.951794602008134,0.988398575901298,1.0,4.0,missense,wt_like,390
urn:mavedb:00000013-a-1#3576,p.Glu390Leu,0.922675274006728,0.174387114600752,7.0,0.0659121338696729,0.793489865477987,1.05186068253547,0.0,4.0,missense,wt_like,390
urn:mavedb:00000013-a-1#3577,p.Glu390Met,0.606671047142455,0.0957648290313758,2.0,0.0677159600072562,0.473950204349678,0.7393918899352321,0.0,2.0,missense,possibly_low,390
urn:mavedb:00000013-a-1#3578,p.Glu390Thr,0.743525118388588,0.199050033221753,4.0,0.0995250166108764,0.548459670270519,0.9385905665066558,0.0,3.0,missense,possibly_wt_like,390
urn:mavedb:00000013-a-1#3579,p.Glu390Val,0.979094101346364,0.132530985835105,4.0,0.0662654929175525,0.849216121810167,1.10897208088256,1.0,4.0,missense,wt_like,390
urn:mavedb:00000013-a-1#3580,p.Met35Asp,0.421976036949061,0.107170095381575,7.0,0.0405064886232454,0.3425847781073189,0.501367295790804,0.0,1.0,missense,low,35
urn:mavedb:00000013-a-1#3581,p.Glu390Tyr,0.668550718979269,0.4649234318875421,7.0,0.1757245399230159,0.324136949530287,1.01296448842825,0.0,2.0,missense,possibly_low,390
urn:mavedb:00000013-a-1#3582,p.Pro391Ala,1.03565642002738,0.101112603619145,6.0,0.041279047571866,0.954750973470406,1.1165618665843502,1.0,4.0,missense,wt_like,391
urn:mavedb:00000013-a-1#3583,p.Pro391Cys,1.0989544348402098,0.120495508323572,5.0,0.0538872295189796,0.993337405756367,1.20457146392405,0.0,4.0,missense,wt_like,391
urn:mavedb:00000013-a-1#3584,p.Pro391Gly,0.8481475188441071,0.199995035367397,8.0,0.0707089228559648,0.7095605766607951,0.9867344610274192,0.0,4.0,missense,wt_like,391
urn:mavedb:00000013-a-1#3585,p.Pro391Ile,0.8230121868580501,0.296654276194045,8.0,0.104883125182398,0.6174450389145439,1.02857933480156,0.0,3.0,missense,possibly_wt_like,391
urn:mavedb:00000013-a-1#3586,p.Pro391Lys,1.15614660665467,0.256882783482167,6.0,0.104871957206193,0.9506013475423072,1.36169186576704,0.0,4.0,missense,wt_like,391
urn:mavedb:00000013-a-1#3587,p.Pro391Leu,0.7056358810425021,0.313282102020536,7.0,0.118409504593415,0.473557516612179,0.937714245472826,1.0,2.0,missense,possibly_low,391
urn:mavedb:00000013-a-1#3588,p.Pro391Met,1.15032967798253,0.092234407868381,8.0,0.032609787631229,1.0864156686818198,1.21424368728324,0.0,4.0,missense,wt_like,391
urn:mavedb:00000013-a-1#3589,p.Pro391Asn,0.916313258313037,0.0873171768566406,3.0,0.0504125955630596,0.8175063866422559,1.01512012998382,0.0,4.0,missense,wt_like,391
urn:mavedb:00000013-a-1#3590,p.Pro391Arg,0.983274108139964,0.268434318603872,5.0,0.120047476778419,0.747985377219355,1.21856283906057,1.0,4.0,missense,wt_like,391
urn:mavedb:00000013-a-1#3591,p.Met35Phe,1.10980210855726,0.19455680618569,4.0,0.097278403092845,0.919139942021714,1.3004642750928102,0.0,4.0,missense,wt_like,35
urn:mavedb:00000013-a-1#3592,p.Pro391Ser,0.8290984315234029,0.4031182673227511,8.0,0.142523830222044,0.549756857349495,1.10844000569731,1.0,3.0,missense,possibly_wt_like,391
urn:mavedb:00000013-a-1#3593,p.Pro391Thr,0.894481483178726,0.38449555403456,4.0,0.19224777701728,0.51768276411697,1.27128020224048,1.0,3.0,missense,possibly_wt_like,391
urn:mavedb:00000013-a-1#3594,p.Pro391Val,0.8974719950280909,0.19703148471511,8.0,0.069661149474654,0.7609386509361079,1.03400533912007,0.0,4.0,missense,wt_like,391
urn:mavedb:00000013-a-1#3595,p.Pro391Trp,1.08345336118005,0.0693913143136505,4.0,0.0346956571568252,1.01545112273272,1.15145559962737,0.0,4.0,missense,wt_like,391
urn:mavedb:00000013-a-1#3596,p.Phe392Ala,1.06605586278558,0.261087247211382,5.0,0.116761766564589,0.837207005547715,1.29490472002345,0.0,4.0,missense,wt_like,392
urn:mavedb:00000013-a-1#3597,p.Phe392Cys,1.2174902241868002,0.281396906845235,6.0,0.114879806161386,0.992329941559542,1.4426505068140598,1.0,4.0,missense,wt_like,392
urn:mavedb:00000013-a-1#3598,p.Phe392Glu,1.19124490105172,0.255120033931253,3.0,0.147293620265876,0.9025547101780832,1.4799350919253502,0.0,4.0,missense,wt_like,392
urn:mavedb:00000013-a-1#3599,p.Phe392Gly,0.966201636620391,0.167464586463725,8.0,0.0592076723485504,0.850156731208784,1.082246542032,0.0,4.0,missense,wt_like,392
urn:mavedb:00000013-a-1#3600,p.Phe392Lys,1.28770927327595,0.132111715500768,4.0,0.0660558577503841,1.15824217111729,1.4171763754346,0.0,4.0,missense,wt_like,392
urn:mavedb:00000013-a-1#3601,p.Phe392Leu,0.888851114236387,0.2560396194804349,2.0,0.181047351187039,0.5340048264134161,1.24369740205936,1.0,3.0,missense,possibly_wt_like,392
urn:mavedb:00000013-a-1#3602,p.Met35Gly,0.375145595583502,0.128576785816192,8.0,0.0454587585768998,0.286048065990877,0.464243125176127,0.0,1.0,missense,low,35
urn:mavedb:00000013-a-1#3603,p.Phe392Asn,0.94570603676512,0.211747421694472,8.0,0.0748640188894645,0.798975256003843,1.0924368175264,0.0,4.0,missense,wt_like,392
urn:mavedb:00000013-a-1#3604,p.Phe392Pro,1.13475459925383,0.0718437604883031,3.0,0.0414790144575168,1.05345722480288,1.21605197370478,0.0,4.0,missense,wt_like,392
urn:mavedb:00000013-a-1#3605,p.Phe392Gln,0.8471535012795021,0.553661941222138,2.0,0.391498113123081,0.0798312995428742,1.61447570301613,0.0,3.0,missense,possibly_wt_like,392
urn:mavedb:00000013-a-1#3606,p.Phe392Ser,0.9499722827946808,0.269063886900823,3.0,0.155344107531397,0.6455034268226251,1.25444113876674,1.0,3.0,missense,possibly_wt_like,392
urn:mavedb:00000013-a-1#3607,p.Asp393Ala,1.07854553470493,0.201974192008994,8.0,0.0714086603971166,0.938587132142332,1.21850393726753,1.0,4.0,missense,wt_like,393
urn:mavedb:00000013-a-1#3608,p.Asp393Cys,0.8184397219016801,0.187971787488721,7.0,0.0710466575987768,0.679190831786129,0.957688612017232,0.0,3.0,missense,possibly_wt_like,393
urn:mavedb:00000013-a-1#3609,p.Asp393Glu,1.0453284177304,0.130110980964043,5.0,0.0581873996109562,0.931283210138883,1.15937362532191,1.0,4.0,missense,wt_like,393
urn:mavedb:00000013-a-1#3610,p.Asp393Phe,0.843730475753754,0.392257758069707,7.0,0.148259496812598,0.5531472016350311,1.13431374987248,0.0,3.0,missense,possibly_wt_like,393
urn:mavedb:00000013-a-1#3611,p.Asp393Gly,0.8635262535631899,0.1391429331529509,8.0,0.049194455793319,0.767106891969237,0.9599456151571428,1.0,4.0,missense,wt_like,393
urn:mavedb:00000013-a-1#3612,p.Asp393Ile,1.08374390368471,0.0988368623597775,7.0,0.0373568225956988,1.01052587682029,1.15696193054914,0.0,4.0,missense,wt_like,393
urn:mavedb:00000013-a-1#3613,p.Met35His,0.533922595389126,0.133070025326738,6.0,0.0543256103516237,0.427446355661787,0.6403988351164649,0.0,1.0,missense,low,35
urn:mavedb:00000013-a-1#3614,p.Asp393Lys,1.09327136242983,0.1752497261501959,6.0,0.0715454011050777,0.95304495300441,1.23349777185526,0.0,4.0,missense,wt_like,393
urn:mavedb:00000013-a-1#3615,p.Asp393Leu,0.9337700523365572,0.190394381491924,8.0,0.0673145791263789,0.8018359016143829,1.0657042030587298,0.0,4.0,missense,wt_like,393
urn:mavedb:00000013-a-1#3616,p.Asp393Met,0.912264331581775,0.270048987493109,6.0,0.110247037485559,0.696184108707843,1.1283445544557098,0.0,3.0,missense,possibly_wt_like,393
urn:mavedb:00000013-a-1#3617,p.Asp393Asn,0.923176791742284,0.355749459861244,8.0,0.125776427735668,0.676659523276269,1.1696940602083,1.0,3.0,missense,possibly_wt_like,393
urn:mavedb:00000013-a-1#3618,p.Asp393Pro,0.7524686077428101,0.198427883842237,8.0,0.0701548511206711,0.614967626205525,0.8899695892800941,0.0,3.0,missense,possibly_wt_like,393
urn:mavedb:00000013-a-1#3619,p.Asp393Arg,0.944532334386477,0.199144970122961,8.0,0.0704083794065691,0.80653444653977,1.08253022223318,0.0,4.0,missense,wt_like,393
urn:mavedb:00000013-a-1#3620,p.Asp393Ser,1.09529314258506,0.145552084068841,8.0,0.0514604328304558,0.994432547608524,1.1961537375616,0.0,4.0,missense,wt_like,393
urn:mavedb:00000013-a-1#3621,p.Asp393Thr,0.941643222204988,0.292839210892043,8.0,0.10353429590954,0.7387197310575759,1.1445667133524,0.0,4.0,missense,wt_like,393
urn:mavedb:00000013-a-1#3622,p.Asp393Val,0.996386442229271,0.180070820217665,8.0,0.0636646490348673,0.871606023032549,1.12116686142599,1.0,4.0,missense,wt_like,393
urn:mavedb:00000013-a-1#3623,p.Asp393Trp,0.9169172503768028,0.338748256155152,8.0,0.119765594521213,0.682180998528198,1.15165350222541,0.0,3.0,missense,possibly_wt_like,393
urn:mavedb:00000013-a-1#3624,p.Met35Ile,0.9945011059880008,0.142993716908051,7.0,0.0540465448547823,0.8885718245838,1.1004303873922,1.0,4.0,missense,wt_like,35
urn:mavedb:00000013-a-1#3625,p.Asp393Ter,0.869046872834791,0.454971809582414,4.0,0.227485904791207,0.423182692453517,1.3149110532160602,0.0,3.0,nonsense,possibly_wt_like,393
urn:mavedb:00000013-a-1#3626,p.Asp393Tyr,1.1799675874513,0.100511792068315,4.0,0.0502558960341574,1.08146784121356,1.27846733368903,1.0,4.0,missense,wt_like,393
urn:mavedb:00000013-a-1#3627,p.Glu394Ala,0.894097789389068,0.154497291900274,8.0,0.0546230413888204,0.7870385955409399,1.0011569832372,1.0,4.0,missense,wt_like,394
urn:mavedb:00000013-a-1#3628,p.Glu394Cys,0.5703523652990029,0.220171439091077,6.0,0.0898846136179008,0.3941817598436189,0.746522970754388,0.0,2.0,missense,possibly_low,394
urn:mavedb:00000013-a-1#3629,p.Glu394=,0.8976616754232549,0.350371326738838,5.0,0.156690820790966,0.590553309964941,1.20477004088157,0.0,3.0,synonymous,possibly_wt_like,394
urn:mavedb:00000013-a-1#3630,p.Glu394Phe,0.722412805317345,0.040212438296121,2.0,0.0284344878072328,0.666682233296325,0.778143377338364,0.0,3.0,missense,possibly_wt_like,394
urn:mavedb:00000013-a-1#3631,p.Glu394Gly,0.9022665442527552,0.175012093872838,8.0,0.0618761191835702,0.78099157914985,1.02354150935566,1.0,4.0,missense,wt_like,394
urn:mavedb:00000013-a-1#3632,p.Glu394His,1.16399290929115,0.174647198794675,3.0,0.100832607237319,0.966364630638731,1.36162118794357,0.0,4.0,missense,wt_like,394
urn:mavedb:00000013-a-1#3633,p.Glu394Ile,0.910670239946177,0.346441314177476,6.0,0.141434074259009,0.6334645482117571,1.1878759316806,0.0,3.0,missense,possibly_wt_like,394
urn:mavedb:00000013-a-1#3634,p.Glu394Lys,0.9191809557965172,0.1773488882899599,7.0,0.0670315791012871,0.7878014749311469,1.05056043666189,1.0,4.0,missense,wt_like,394
urn:mavedb:00000013-a-1#3635,p.Met35Lys,0.356400875207199,0.3379987428923499,7.0,0.127751516735088,0.106012503436061,0.606789246978338,1.0,1.0,missense,low,35
urn:mavedb:00000013-a-1#3636,p.Glu394Leu,0.734638744070628,0.225662359744184,8.0,0.0797836924168352,0.57826558038001,0.8910119077612471,0.0,3.0,missense,possibly_wt_like,394
urn:mavedb:00000013-a-1#3637,p.Glu394Met,0.770524876947057,0.267033322449711,6.0,0.10901589738698,0.5568576443262621,0.984192109567851,0.0,3.0,missense,possibly_wt_like,394
urn:mavedb:00000013-a-1#3638,p.Glu394Pro,0.9082008665689528,0.174962594158413,7.0,0.0661296446974118,0.7785891446515949,1.03781258848631,0.0,4.0,missense,wt_like,394
urn:mavedb:00000013-a-1#3639,p.Glu394Gln,1.2206525348451105,0.0218303212637587,2.0,0.0154363682010846,1.1903978091188798,1.25090726057133,1.0,4.0,missense,wt_like,394
urn:mavedb:00000013-a-1#3640,p.Glu394Arg,0.775305300581428,0.280760118271784,8.0,0.0992636917583578,0.5807520397625611,0.969858561400294,0.0,3.0,missense,possibly_wt_like,394
urn:mavedb:00000013-a-1#3641,p.Glu394Ser,0.991543445946136,0.18024124777127,7.0,0.0681247882283935,0.8580213145640669,1.12506557732821,0.0,4.0,missense,wt_like,394
urn:mavedb:00000013-a-1#3642,p.Glu394Thr,0.964162997400878,0.1515108970834429,7.0,0.0572657363712987,0.8519242165649671,1.07640177823679,0.0,4.0,missense,wt_like,394
urn:mavedb:00000013-a-1#3643,p.Glu394Val,1.04137667264016,0.0704606936000659,4.0,0.0352303468000329,0.972326461749236,1.11042688353108,1.0,4.0,missense,wt_like,394
urn:mavedb:00000013-a-1#3644,p.Glu394Trp,1.05237479904027,0.24203406440759,8.0,0.0855719641103741,0.8846568312975881,1.22009276678296,0.0,4.0,missense,wt_like,394
urn:mavedb:00000013-a-1#3645,p.Glu394Tyr,0.8228019440135391,0.4144434974147701,3.0,0.239279064796307,0.353823594758351,1.29178029326873,0.0,3.0,missense,possibly_wt_like,394
urn:mavedb:00000013-a-1#3646,p.Met35Leu,0.884312033427592,0.227244499335383,8.0,0.0803430632336956,0.726842523081924,1.04178154377326,1.0,4.0,missense,wt_like,35
urn:mavedb:00000013-a-1#3647,p.Asp395Ala,1.06472966423915,0.121059410123878,8.0,0.0428009649125188,0.980841314507049,1.14861801397125,1.0,4.0,missense,wt_like,395
urn:mavedb:00000013-a-1#3648,p.Asp395Cys,0.9916357897162652,0.3597534688533649,5.0,0.160886642299495,0.676303765215675,1.3069678142168502,0.0,3.0,missense,possibly_wt_like,395
urn:mavedb:00000013-a-1#3649,p.Asp395Glu,0.932838779113282,0.1724090007031669,8.0,0.0609557867674027,0.813367632399869,1.05230992582669,1.0,4.0,missense,wt_like,395
urn:mavedb:00000013-a-1#3650,p.Asp395Gly,0.863999162984221,0.1103836348177809,8.0,0.0390265083558363,0.7875086121644309,0.940489713804012,1.0,4.0,missense,wt_like,395
urn:mavedb:00000013-a-1#3651,p.Asp395His,1.10385061140692,0.15107101181707,3.0,0.0872208893393347,0.9329008096022672,1.27480041321157,1.0,4.0,missense,wt_like,395
urn:mavedb:00000013-a-1#3652,p.Asp395Ile,1.03117370430199,0.044339523177325,3.0,0.0255994356421682,0.980999732418788,1.08134767618519,0.0,4.0,missense,wt_like,395
urn:mavedb:00000013-a-1#3653,p.Asp395Lys,1.04814475752837,0.237246319992921,7.0,0.0896706803095028,0.8723934536525441,1.22389606140421,0.0,4.0,missense,wt_like,395
urn:mavedb:00000013-a-1#3654,p.Asp395Leu,0.8580527118849001,0.440886663613001,6.0,0.179991226708324,0.505276390003401,1.2108290337663998,0.0,3.0,missense,possibly_wt_like,395
urn:mavedb:00000013-a-1#3655,p.Asp395Met,0.842271873434165,0.2493850397565609,8.0,0.0881709263691705,0.669460033267057,1.01508371360127,0.0,3.0,missense,possibly_wt_like,395
urn:mavedb:00000013-a-1#3656,p.Asp395Asn,0.211184936509917,0.5578331949424549,4.0,0.278916597471227,-0.335481549224144,0.757851422243979,1.0,2.0,missense,possibly_low,395
urn:mavedb:00000013-a-1#3657,p.Met35Pro,0.372339117150519,0.167365203141658,7.0,0.0632581008055191,0.248355517841298,0.496322716459741,0.0,1.0,missense,low,35
urn:mavedb:00000013-a-1#3658,p.Asp395Arg,1.01373627971627,0.102291502620931,8.0,0.0361655075805108,0.942853187375855,1.08461937205668,0.0,4.0,missense,wt_like,395
urn:mavedb:00000013-a-1#3659,p.Asp395Ser,0.7798603327529471,0.412353289566512,8.0,0.14578890364853,0.494119332256248,1.06560133324965,0.0,3.0,missense,possibly_wt_like,395
urn:mavedb:00000013-a-1#3660,p.Asp395Thr,1.00119176599507,0.363869814574984,8.0,0.128647406677531,0.749047482202629,1.25333604978751,0.0,4.0,missense,wt_like,395
urn:mavedb:00000013-a-1#3661,p.Asp395Val,0.8610371557881551,0.184499980632415,8.0,0.0652305937169837,0.733187541412702,0.988886770163608,1.0,4.0,missense,wt_like,395
urn:mavedb:00000013-a-1#3662,p.Asp395Trp,1.03286847266202,0.0898748301782896,5.0,0.040193245948981,0.954091158180255,1.11164578714378,0.0,4.0,missense,wt_like,395
urn:mavedb:00000013-a-1#3663,p.Asp395Tyr,0.91946180118986,0.149475908975957,6.0,0.0610232843049663,0.799858361733778,1.03906524064594,1.0,4.0,missense,wt_like,395
urn:mavedb:00000013-a-1#3664,p.Gln396Ala,1.08463662137823,0.0733000919738333,8.0,0.0259154960481476,1.03384318248237,1.13543006027409,0.0,4.0,missense,wt_like,396
urn:mavedb:00000013-a-1#3665,p.Gln396Cys,0.6503583032802,0.4493132356715229,7.0,0.169824440336658,0.31750851652568,0.9832080900347208,0.0,2.0,missense,possibly_low,396
urn:mavedb:00000013-a-1#3666,p.Gln396Glu,0.96667840530674,0.191384982993623,8.0,0.0676648096460316,0.83405781537976,1.09929899523372,1.0,4.0,missense,wt_like,396
urn:mavedb:00000013-a-1#3667,p.Gln396Gly,0.982154054168251,0.0886125191550344,8.0,0.0313292565962738,0.920749839577141,1.04355826875936,0.0,4.0,missense,wt_like,396
urn:mavedb:00000013-a-1#3668,p.Glu7Tyr,0.405577889528773,0.335358092221958,4.0,0.167679046110979,0.0769329981892234,0.7342227808683219,0.0,2.0,missense,possibly_low,7
urn:mavedb:00000013-a-1#3669,p.Met35Gln,0.376256704900798,0.175104696198476,2.0,0.123817718099553,0.133578436777741,0.6189349730238539,0.0,1.0,missense,low,35
urn:mavedb:00000013-a-1#3670,p.Gln396Lys,1.05804320880337,0.193920395954083,4.0,0.0969601979770413,0.868004712834492,1.24808170477224,1.0,4.0,missense,wt_like,396
urn:mavedb:00000013-a-1#3671,p.Gln396Leu,0.711913638732187,0.460398270594034,8.0,0.1627753695918,0.3928797767620621,1.03094750070231,1.0,3.0,missense,possibly_wt_like,396
urn:mavedb:00000013-a-1#3672,p.Gln396Met,1.06687048538216,0.116213946969986,8.0,0.0410878349854655,0.9863398086079228,1.1474011621564,0.0,4.0,missense,wt_like,396
urn:mavedb:00000013-a-1#3673,p.Gln396Pro,0.8455269477938678,0.284949703770688,8.0,0.100744933916676,0.648070505692315,1.0429833898954202,1.0,3.0,missense,possibly_wt_like,396
urn:mavedb:00000013-a-1#3674,p.Gln396Arg,0.9243503042450408,0.285976814778117,8.0,0.101108072495868,0.726182123606875,1.12251848488321,1.0,4.0,missense,wt_like,396
urn:mavedb:00000013-a-1#3675,p.Gln396Ser,0.8476530527693659,0.468199545874908,5.0,0.209385202322165,0.4372655973222899,1.25804050821644,0.0,3.0,missense,possibly_wt_like,396
urn:mavedb:00000013-a-1#3676,p.Gln396Thr,0.9103168232733292,0.205008240634065,8.0,0.0724813585757356,0.768255970914354,1.0523776756323,0.0,4.0,missense,wt_like,396
urn:mavedb:00000013-a-1#3677,p.Gln396Val,0.90845157973441,0.136432000566293,7.0,0.0515664491956337,0.807383196500354,1.00951996296847,0.0,4.0,missense,wt_like,396
urn:mavedb:00000013-a-1#3678,p.Gln396Trp,1.08468852274472,0.0610374593124123,8.0,0.0215800006931024,1.04239249859989,1.12698454688955,0.0,4.0,missense,wt_like,396
urn:mavedb:00000013-a-1#3679,p.Gln396Tyr,0.9304693107482692,0.0545985561271285,3.0,0.0315224910773625,0.868686363533654,0.9922522579628852,0.0,4.0,missense,wt_like,396
urn:mavedb:00000013-a-1#3680,p.Met35Arg,0.343871147334104,0.186191150053552,8.0,0.0658285123998942,0.214849633874463,0.472892660793745,1.0,1.0,missense,low,35
urn:mavedb:00000013-a-1#3681,p.His397Ala,1.00406255343624,0.0939934487186482,8.0,0.0332317024880331,0.938929613414744,1.06919549345773,0.0,4.0,missense,wt_like,397
urn:mavedb:00000013-a-1#3682,p.His397Cys,0.9427158509321658,0.150281651302441,8.0,0.053132587361934,0.838577893297347,1.0468538085669798,0.0,4.0,missense,wt_like,397
urn:mavedb:00000013-a-1#3683,p.His397Asp,0.696731253213719,0.3617965184737121,8.0,0.127914385811223,0.4460236639191609,0.947438842508277,1.0,2.0,missense,possibly_low,397
urn:mavedb:00000013-a-1#3684,p.His397Glu,0.7938247097855309,0.623823747344394,2.0,0.441110002012424,-0.0707350073792106,1.65838442695027,0.0,3.0,missense,possibly_wt_like,397
urn:mavedb:00000013-a-1#3685,p.His397Phe,0.94991403842191,0.175945047722404,8.0,0.0622059681803511,0.8279925811649771,1.07183549567884,0.0,4.0,missense,wt_like,397
urn:mavedb:00000013-a-1#3686,p.His397Gly,0.995139939149484,0.0988689327170501,8.0,0.0349554463864513,0.926628523168518,1.06365135513045,0.0,4.0,missense,wt_like,397
urn:mavedb:00000013-a-1#3687,p.His397Ile,0.9630040797444358,0.252760025598032,8.0,0.0893641640566268,0.787853536684919,1.13815462280395,0.0,4.0,missense,wt_like,397
urn:mavedb:00000013-a-1#3688,p.His397Lys,1.09208730717643,0.180019374233146,8.0,0.0636464601326083,0.967342537573057,1.21683207677981,0.0,4.0,missense,wt_like,397
urn:mavedb:00000013-a-1#3689,p.His397Leu,0.99635001983267,0.0717227921221028,8.0,0.025357836337586,0.946649573885141,1.0460504657802,1.0,4.0,missense,wt_like,397
urn:mavedb:00000013-a-1#3690,p.His397Met,0.7922994636230709,0.211689906328133,8.0,0.0748436841366839,0.6456085382448791,0.938990389001263,0.0,3.0,missense,possibly_wt_like,397
urn:mavedb:00000013-a-1#3691,p.Met35Ser,0.610035334197037,0.126335063108277,8.0,0.0446661899127465,0.522491210641428,0.697579457752647,0.0,1.0,missense,low,35
urn:mavedb:00000013-a-1#3692,p.His397Asn,0.9335584762586808,0.173814607739183,7.0,0.065695746615446,0.8047971789549381,1.06231977356242,1.0,4.0,missense,wt_like,397
urn:mavedb:00000013-a-1#3693,p.His397Pro,1.0359005942525898,0.105282043241727,8.0,0.0372228233567001,0.962945201070563,1.1088559874346202,1.0,4.0,missense,wt_like,397
urn:mavedb:00000013-a-1#3694,p.His397Gln,0.817613179673284,0.330311082573531,8.0,0.116782603194407,0.588723483391415,1.04650287595515,1.0,3.0,missense,possibly_wt_like,397
urn:mavedb:00000013-a-1#3695,p.His397Arg,0.975142832580292,0.0505289355311466,8.0,0.0178646764801058,0.940128710083825,1.01015695507676,1.0,4.0,missense,wt_like,397
urn:mavedb:00000013-a-1#3696,p.His397Ser,0.993517292586874,0.230706085437439,8.0,0.0815669187369079,0.83364906953263,1.15338551564112,0.0,4.0,missense,wt_like,397
urn:mavedb:00000013-a-1#3697,p.His397Thr,1.09426597818021,0.133461616010301,8.0,0.0471858068544995,1.00178349616393,1.18674846019649,0.0,4.0,missense,wt_like,397
urn:mavedb:00000013-a-1#3698,p.His397Val,1.00054095525419,0.0565340545574237,8.0,0.0199878066727623,0.9613655740456252,1.03971633646275,0.0,4.0,missense,wt_like,397
urn:mavedb:00000013-a-1#3699,p.His397Tyr,0.9075926885638008,0.117749235180102,8.0,0.0416306413376899,0.8259981308886241,0.989187246238977,1.0,4.0,missense,wt_like,397
urn:mavedb:00000013-a-1#3700,p.Thr398Ala,0.756832216217553,0.334001630604709,6.0,0.136355594706515,0.489580161502243,1.02408427093286,1.0,3.0,missense,possibly_wt_like,398
urn:mavedb:00000013-a-1#3701,p.Thr398Asp,0.912294608198246,0.412203865676738,4.0,0.2061019328383689,0.5083422426909501,1.31624697370554,0.0,3.0,missense,possibly_wt_like,398
urn:mavedb:00000013-a-1#3702,p.Met35Thr,0.601580782987179,0.118147420771233,4.0,0.0590737103856165,0.485798438198221,0.7173631277761371,1.0,2.0,missense,possibly_low,35
urn:mavedb:00000013-a-1#3703,p.Thr398Glu,1.04028320707186,0.109095255534146,5.0,0.048788881479412,0.94465875652622,1.1359076576175,0.0,4.0,missense,wt_like,398
urn:mavedb:00000013-a-1#3704,p.Thr398Gly,0.990311833113196,0.0948961507755274,8.0,0.0335508558609382,0.924553363975262,1.05607030225113,0.0,4.0,missense,wt_like,398
urn:mavedb:00000013-a-1#3705,p.Thr398His,0.5640407792350649,0.7917412658218509,2.0,0.559845618007851,-0.533236468962893,1.66131802743302,0.0,2.0,missense,possibly_low,398
urn:mavedb:00000013-a-1#3706,p.Thr398Lys,1.09131320921775,0.081211682856033,5.0,0.0363189686866488,1.02012933863628,1.16249707979922,1.0,4.0,missense,wt_like,398
urn:mavedb:00000013-a-1#3707,p.Thr398Leu,0.982843576981215,0.186378467138553,8.0,0.0658947389904125,0.8536922617893392,1.1119948921730902,0.0,4.0,missense,wt_like,398
urn:mavedb:00000013-a-1#3708,p.Thr398Met,1.10394614758105,0.168706968976022,7.0,0.0637652406220061,0.9789685724963828,1.22892372266571,0.0,4.0,missense,wt_like,398
urn:mavedb:00000013-a-1#3709,p.Thr398Asn,0.811653697891953,0.308318448350264,6.0,0.125870479457466,0.564952091438531,1.0583553043453802,0.0,3.0,missense,possibly_wt_like,398
urn:mavedb:00000013-a-1#3710,p.Thr398Pro,1.09284096173315,0.198988982930573,8.0,0.0703532296058109,0.954951165509684,1.2307307579566202,1.0,4.0,missense,wt_like,398
urn:mavedb:00000013-a-1#3711,p.Thr398Arg,0.998909434519889,0.10545794476278,8.0,0.037285013935879,0.925832150042492,1.07198671899729,1.0,4.0,missense,wt_like,398
urn:mavedb:00000013-a-1#3712,p.Thr398Ser,0.9363811923885992,0.280789148404523,8.0,0.0992739554602169,0.74180781508374,1.13095456969346,1.0,4.0,missense,wt_like,398
urn:mavedb:00000013-a-1#3713,p.Met35Val,1.06120850439345,0.082293533599916,5.0,0.036802787047615,0.9890763672494308,1.1333406415374798,1.0,4.0,missense,wt_like,35
urn:mavedb:00000013-a-1#3714,p.Thr398Val,0.9741704972182528,0.247004759834822,8.0,0.0873293703322785,0.8030080765744259,1.14533291786208,0.0,4.0,missense,wt_like,398
urn:mavedb:00000013-a-1#3715,p.Thr398Trp,1.23914205828998,0.307677083966131,2.0,0.217560552488154,0.8127312109565641,1.6655529056234,0.0,4.0,missense,wt_like,398
urn:mavedb:00000013-a-1#3716,p.Gln399Ala,0.895532467540533,0.406912108480242,6.0,0.166121172656105,0.5699409520650071,1.22112398301606,0.0,3.0,missense,possibly_wt_like,399
urn:mavedb:00000013-a-1#3717,p.Gln399Asp,1.05011253662388,0.1361711119749259,5.0,0.0608975725895341,0.930755487602478,1.16946958564528,0.0,4.0,missense,wt_like,399
urn:mavedb:00000013-a-1#3718,p.Gln399Glu,0.9443549544457768,0.153549010796436,8.0,0.0542877733893233,0.837952873801832,1.05075703508972,1.0,4.0,missense,wt_like,399
urn:mavedb:00000013-a-1#3719,p.Gln399Gly,0.853616702545168,0.358216969235992,8.0,0.126648824041432,0.605389568739611,1.10184383635072,0.0,3.0,missense,possibly_wt_like,399
urn:mavedb:00000013-a-1#3720,p.Gln399His,0.906821490129807,0.216990426387777,8.0,0.0767177009756789,0.7564575592407629,1.0571854210188498,1.0,4.0,missense,wt_like,399
urn:mavedb:00000013-a-1#3721,p.Gln399Lys,1.1436667581918798,0.135657204209225,3.0,0.0783217233677081,0.9901590011840642,1.2971745151997,1.0,4.0,missense,wt_like,399
urn:mavedb:00000013-a-1#3722,p.Gln399Leu,1.02074568770602,0.1325587198444769,8.0,0.0468665848537188,0.928888869314342,1.1126025060977,1.0,4.0,missense,wt_like,399
urn:mavedb:00000013-a-1#3723,p.Gln399Met,1.02726848210205,0.140270870292533,7.0,0.0530174055686628,0.923356276633716,1.1311806875703798,0.0,4.0,missense,wt_like,399
urn:mavedb:00000013-a-1#3724,p.Met35Ter,0.180567849008464,0.179175839597811,3.0,0.103447219224073,-0.0221849749715385,0.3833206729884671,0.0,1.0,nonsense,low,35
urn:mavedb:00000013-a-1#3725,p.Gln399Pro,1.1325881130694198,0.0880182858124769,7.0,0.0332677850122884,1.06738445259991,1.19779177353892,1.0,4.0,missense,wt_like,399
urn:mavedb:00000013-a-1#3726,p.Gln399=,0.824997652125747,0.0512618435347648,2.0,0.036247597179556,0.7539536671277008,0.896041637123792,0.0,4.0,synonymous,wt_like,399
urn:mavedb:00000013-a-1#3727,p.Gln399Arg,0.908612500670653,0.255161934970515,8.0,0.0902133672591658,0.731797549918603,1.0854274514227,1.0,4.0,missense,wt_like,399
urn:mavedb:00000013-a-1#3728,p.Gln399Ser,1.00253245727076,0.213591557886118,5.0,0.0955210485706883,0.8153146423067049,1.18975027223481,0.0,4.0,missense,wt_like,399
urn:mavedb:00000013-a-1#3729,p.Gln399Thr,1.14416657064952,0.174341675650581,8.0,0.0616390905479756,1.02335617313569,1.26497696816336,0.0,4.0,missense,wt_like,399
urn:mavedb:00000013-a-1#3730,p.Gln399Val,0.985395700416144,0.166095923632566,8.0,0.0587237769640153,0.870299212530511,1.10049218830178,0.0,4.0,missense,wt_like,399
urn:mavedb:00000013-a-1#3731,p.Gln399Tyr,0.740034779019088,0.30994026909613,7.0,0.1171464104732569,0.510432033573359,0.9696375244648172,0.0,3.0,missense,possibly_wt_like,399
urn:mavedb:00000013-a-1#3732,p.Ile400Ala,1.01592516658646,0.200014473240142,8.0,0.0707157951817797,0.87732475489206,1.15452557828086,0.0,4.0,missense,wt_like,400
urn:mavedb:00000013-a-1#3733,p.Ile400Cys,1.08704013330186,0.133602296873305,3.0,0.0771353220641548,0.935857680120216,1.2382225864835,0.0,4.0,missense,wt_like,400
urn:mavedb:00000013-a-1#3734,p.Ile400Asp,-0.019943589647132,0.296721192748437,2.0,0.20981356751418,-0.4311706254427889,0.391283446148524,0.0,1.0,missense,low,400
urn:mavedb:00000013-a-1#3735,p.Met35Tyr,0.72093274906027,0.0819878845455813,7.0,0.030988507575412,0.6601963902778161,0.7816691078427241,0.0,3.0,missense,possibly_wt_like,35
urn:mavedb:00000013-a-1#3736,p.Ile400Glu,0.7970194623780191,0.2677393389014489,8.0,0.0946601510638088,0.611488975521833,0.9825499492342048,0.0,3.0,missense,possibly_wt_like,400
urn:mavedb:00000013-a-1#3737,p.Ile400Gly,1.0163458610664,0.075510814288588,8.0,0.0266971044181893,0.96402049791524,1.06867122421755,0.0,4.0,missense,wt_like,400
urn:mavedb:00000013-a-1#3738,p.Ile400His,1.0892208262746,0.118198689867664,8.0,0.0417895475663954,1.00731481811424,1.17112683443496,0.0,4.0,missense,wt_like,400
urn:mavedb:00000013-a-1#3739,p.Ile400Lys,1.05716371505371,0.181432130021161,8.0,0.0641459447315413,0.931439973625592,1.18288745648183,0.0,4.0,missense,wt_like,400
urn:mavedb:00000013-a-1#3740,p.Ile400Leu,0.7424737047435501,0.7201070046355179,3.0,0.415753972971651,-0.0723891087103249,1.55733651819743,1.0,3.0,missense,possibly_wt_like,400
urn:mavedb:00000013-a-1#3741,p.Ile400Met,0.99884246764783,0.332369374634545,6.0,0.1356892289970959,0.7328964657235141,1.26478846957215,1.0,4.0,missense,wt_like,400
urn:mavedb:00000013-a-1#3742,p.Ile400Asn,1.07398931671143,0.148734540130984,7.0,0.0562163720788773,0.963807252095325,1.18417138132753,1.0,4.0,missense,wt_like,400
urn:mavedb:00000013-a-1#3743,p.Ile400Pro,0.9427802340540408,0.1507662798197659,8.0,0.0533039294174127,0.8383064521614481,1.04725401594664,0.0,4.0,missense,wt_like,400
urn:mavedb:00000013-a-1#3744,p.Ile400Arg,0.8790680598509921,0.26122838767163,8.0,0.0923581821805188,0.698049349099586,1.0600867706024,0.0,3.0,missense,possibly_wt_like,400
urn:mavedb:00000013-a-1#3745,p.Ile400Ser,1.05258349230269,0.151549353566961,8.0,0.053580787795818,0.947567077959605,1.15759990664578,1.0,4.0,missense,wt_like,400
urn:mavedb:00000013-a-1#3746,p.Gly36Ala,0.7449907960248241,0.303634247232533,8.0,0.107350917609298,0.5345868638032729,0.955394728246376,1.0,3.0,missense,possibly_wt_like,36
urn:mavedb:00000013-a-1#3747,p.Ile400Thr,0.8336691608668649,0.1779487411737,8.0,0.0629143807937664,0.7103592404014442,0.9569790813322858,1.0,4.0,missense,wt_like,400
urn:mavedb:00000013-a-1#3748,p.Ile400Val,1.07036197473969,0.113672972522873,8.0,0.0401894648542776,0.9915920710673648,1.14913187841201,1.0,4.0,missense,wt_like,400
urn:mavedb:00000013-a-1#3749,p.Ile400Trp,0.91212295943782,0.218962364394663,8.0,0.0774148863440531,0.7603925703362149,1.06385334853943,0.0,4.0,missense,wt_like,400
urn:mavedb:00000013-a-1#3750,p.Ile400Ter,0.926873411700567,0.175584518197298,7.0,0.0663647098890208,0.7968009704736372,1.0569458529275,0.0,4.0,nonsense,wt_like,400
urn:mavedb:00000013-a-1#3751,p.Ile400Tyr,1.07136003332964,0.261905365169661,7.0,0.09899092332464,0.877341388816976,1.2653786778423002,0.0,4.0,missense,wt_like,400
urn:mavedb:00000013-a-1#3752,p.Thr401Ala,0.927675718203817,0.266843148061989,8.0,0.0943432997538991,0.7427662485035079,1.11258518790413,1.0,4.0,missense,wt_like,401
urn:mavedb:00000013-a-1#3753,p.Thr401Cys,1.05322571575139,0.381824195476048,7.0,0.1443159808252769,0.77037159094028,1.33607984056251,0.0,4.0,missense,wt_like,401
urn:mavedb:00000013-a-1#3754,p.Thr401Asp,0.927719743527403,0.314348243645195,4.0,0.157174121822597,0.619664125453401,1.23577536160141,0.0,3.0,missense,possibly_wt_like,401
urn:mavedb:00000013-a-1#3755,p.Thr401Glu,0.936363596276682,0.610909438687203,4.0,0.305454719343601,0.337683347455433,1.5350438450979298,0.0,3.0,missense,possibly_wt_like,401
urn:mavedb:00000013-a-1#3756,p.Thr401Phe,1.02914609242328,0.1584053477697929,8.0,0.056004747792117,0.919378803787482,1.13891338105908,0.0,4.0,missense,wt_like,401
urn:mavedb:00000013-a-1#3757,p.Gly36Cys,0.8150749536172521,0.156908909793566,2.0,0.110951354143618,0.597614295459811,1.03253561177469,0.0,3.0,missense,possibly_wt_like,36
urn:mavedb:00000013-a-1#3758,p.Thr401Gly,0.8748663491685871,0.159231552512084,8.0,0.0562968552800782,0.76452654037677,0.985206157960404,0.0,4.0,missense,wt_like,401
urn:mavedb:00000013-a-1#3759,p.Thr401Ile,0.810557333119805,0.336050334727844,8.0,0.118811735253034,0.577690611083151,1.04342405515646,1.0,3.0,missense,possibly_wt_like,401
urn:mavedb:00000013-a-1#3760,p.Thr401Lys,0.8879488257662529,0.0725791580234164,3.0,0.0419035964223758,0.805819285955695,0.9700783655768108,1.0,4.0,missense,wt_like,401
urn:mavedb:00000013-a-1#3761,p.Thr401Leu,0.9883923894625,0.267755796253015,8.0,0.0946659696162554,0.8028504984530759,1.17393428047192,0.0,4.0,missense,wt_like,401
urn:mavedb:00000013-a-1#3762,p.Thr401Met,0.961292106053855,0.327296552615934,8.0,0.115716805906853,0.7344913340704109,1.1880928780373,0.0,4.0,missense,wt_like,401
urn:mavedb:00000013-a-1#3763,p.Thr401Asn,1.1975533357312,0.381400872170016,4.0,0.190700436085008,0.823787349168504,1.5713193222939,0.0,4.0,missense,wt_like,401
urn:mavedb:00000013-a-1#3764,p.Thr401Pro,1.2337859855833402,0.106778828831494,7.0,0.0403586037678381,1.15468457573205,1.31288739543462,1.0,4.0,missense,wt_like,401
urn:mavedb:00000013-a-1#3765,p.Thr401Gln,0.965190675222442,0.139906889032379,2.0,0.0989291099695093,0.771293182659601,1.15908816778528,0.0,4.0,missense,wt_like,401
urn:mavedb:00000013-a-1#3766,p.Thr401Arg,0.9016696925179072,0.056044926383202,8.0,0.0198148737483315,0.862833253612969,0.940506131422844,1.0,4.0,missense,wt_like,401
urn:mavedb:00000013-a-1#3767,p.Thr401Ser,0.98221217907215,0.143204435568802,8.0,0.0506304137433461,0.88297839161283,1.08144596653147,1.0,4.0,missense,wt_like,401
urn:mavedb:00000013-a-1#3768,p.Gly36Asp,0.966427058291766,0.302224085583573,7.0,0.114229967238291,0.7425404365495258,1.19031368003401,0.0,4.0,missense,wt_like,36
urn:mavedb:00000013-a-1#3769,p.Thr401=,0.942204699715845,0.17119347779795,8.0,0.0605260345229197,0.823575851923895,1.0608335475078,0.0,4.0,synonymous,wt_like,401
urn:mavedb:00000013-a-1#3770,p.Thr401Val,1.36119396400347,0.27838605355943,3.0,0.1607262629611749,1.04617627722986,1.67621165077709,0.0,4.0,missense,wt_like,401
urn:mavedb:00000013-a-1#3771,p.Lys402Gly,1.1865215921242,0.0376236047114943,3.0,0.0217219983080653,1.14394725776815,1.22909592648024,0.0,4.0,missense,wt_like,402
urn:mavedb:00000013-a-1#3772,p.Lys402Ser,1.18536697267974,0.177517789311583,5.0,0.0793883688232371,1.02976862899481,1.34096531636467,0.0,4.0,missense,wt_like,402
urn:mavedb:00000013-a-1#3773,p.Lys402Tyr,0.9062697466656608,0.459523640527679,3.0,0.2653060975576519,0.386279350573793,1.42626014275753,0.0,3.0,missense,possibly_wt_like,402
urn:mavedb:00000013-a-1#3774,p.Val403Ala,1.03820657589995,0.251694773049279,4.0,0.125847386524639,0.791550230763163,1.28486292103673,1.0,4.0,missense,wt_like,403
urn:mavedb:00000013-a-1#3775,p.Val403Glu,0.7040134612592042,0.306756823732019,5.0,0.137185822085343,0.4351341907824121,0.972892731735996,0.0,2.0,missense,possibly_low,403
urn:mavedb:00000013-a-1#3776,p.Val403Gly,0.970619167687377,0.182521828190323,8.0,0.0645312112139718,0.844140317829245,1.09709801754551,1.0,4.0,missense,wt_like,403
urn:mavedb:00000013-a-1#3777,p.Val403Ile,1.02659010392382,0.0445489925451753,4.0,0.0222744962725876,0.9829328934557772,1.0702473143918598,1.0,4.0,missense,wt_like,403
urn:mavedb:00000013-a-1#3778,p.Val403Lys,0.8513512273254541,0.290675588389868,5.0,0.129994075007899,0.596567522106375,1.10613493254453,0.0,3.0,missense,possibly_wt_like,403
urn:mavedb:00000013-a-1#3779,p.Val9Ala,0.969095948837096,0.4745470227169379,6.0,0.193733010768906,0.58938622511353,1.34880567256066,1.0,3.0,missense,possibly_wt_like,9
urn:mavedb:00000013-a-1#3780,p.Gly36Phe,0.8609599684244059,0.191310756885556,4.0,0.0956553784427782,0.673478871749012,1.0484410650998002,0.0,3.0,missense,possibly_wt_like,36
urn:mavedb:00000013-a-1#3781,p.Val403Leu,1.33010628445406,0.0944577753536462,3.0,0.0545352220274808,1.2232192133913,1.43699335551682,1.0,4.0,missense,wt_like,403
urn:mavedb:00000013-a-1#3782,p.Val403Met,1.05318617448471,0.165063384254962,3.0,0.0952993893329528,0.8664028036434649,1.2399695453259598,0.0,4.0,missense,wt_like,403
urn:mavedb:00000013-a-1#3783,p.Val403Asn,0.8418776446159549,0.14786409130616,8.0,0.0522778508282863,0.7394149398033559,0.9443403494285528,0.0,4.0,missense,wt_like,403
urn:mavedb:00000013-a-1#3784,p.Val403Pro,1.06206507647325,0.426946364228878,3.0,0.246497598317075,0.5789386614961589,1.54519149145033,0.0,3.0,missense,possibly_wt_like,403
urn:mavedb:00000013-a-1#3785,p.Val403Arg,0.9686247687839592,0.237574213676321,7.0,0.0897946124727523,0.792630562331633,1.14461897523628,0.0,4.0,missense,wt_like,403
urn:mavedb:00000013-a-1#3786,p.Val403Ser,1.06111292630278,0.250915984981438,7.0,0.0948373280331004,0.875235178967897,1.24699067363767,0.0,4.0,missense,wt_like,403
urn:mavedb:00000013-a-1#3787,p.Val403Thr,0.9764716930493093,0.105173005224659,8.0,0.0371842725960623,0.903591857969708,1.04935152812891,0.0,4.0,missense,wt_like,403
urn:mavedb:00000013-a-1#3788,p.Val403=,0.716055909322446,0.4279718660346129,3.0,0.24708967206067,0.2317690511317189,1.20034276751317,0.0,3.0,synonymous,possibly_wt_like,403
urn:mavedb:00000013-a-1#3789,p.Val403Tyr,1.17987207920055,0.0623346965499455,4.0,0.0311673482749728,1.11878519908799,1.24095895931312,0.0,4.0,missense,wt_like,403
urn:mavedb:00000013-a-1#3790,_wt,1.0,0.0,8.0,0.0,1.0,1.0,0.0,4.0,wild_type,wt_like,
urn:mavedb:00000013-a-1#3791,p.Gly36=,1.03494462064349,0.250374478627172,8.0,0.0885207458366599,0.861447146919015,1.20844209436797,0.0,4.0,synonymous,wt_like,36
urn:mavedb:00000013-a-1#3792,p.Gly36His,0.8003637465471322,0.318728035480643,7.0,0.1204678739637069,0.5642510522841561,1.03647644081011,0.0,3.0,missense,possibly_wt_like,36
urn:mavedb:00000013-a-1#3793,p.Gly36Lys,0.67815451122501,0.37383250283673,5.0,0.167182977708362,0.350481896088457,1.00582712636156,0.0,2.0,missense,possibly_low,36
urn:mavedb:00000013-a-1#3794,p.Gly36Leu,0.525434068352019,0.173728952622877,4.0,0.0868644763114385,0.3551828232456671,0.695685313458371,0.0,1.0,missense,low,36
urn:mavedb:00000013-a-1#3795,p.Gly36Pro,0.6752813324400021,0.112438499127924,7.0,0.0424977580688341,0.591987257201391,0.7585754076786129,0.0,2.0,missense,possibly_low,36
urn:mavedb:00000013-a-1#3796,p.Gly36Arg,0.670366063895785,0.145831427472897,5.0,0.0652177970170454,0.542541530591332,0.798190597200238,1.0,2.0,missense,possibly_low,36
urn:mavedb:00000013-a-1#3797,p.Gly36Ser,0.8718286655621851,0.219783764249004,8.0,0.0777052950475881,0.719529085860854,1.02412824526352,0.0,4.0,missense,wt_like,36
urn:mavedb:00000013-a-1#3798,p.Gly36Thr,0.9745694655215892,0.0827058773897991,6.0,0.0337645330556993,0.908392196777606,1.04074673426557,0.0,4.0,missense,wt_like,36
urn:mavedb:00000013-a-1#3799,p.Gly36Val,0.560917990472215,0.167060193006474,7.0,0.0631428178105116,0.437160341681238,0.684675639263192,1.0,1.0,missense,low,36
urn:mavedb:00000013-a-1#3800,p.Val9Cys,1.22088226617483,0.0699483679344558,7.0,0.0264379980242021,1.16906474222405,1.2726997901256,0.0,4.0,missense,wt_like,9
urn:mavedb:00000013-a-1#3801,p.Gly36Trp,0.756337236948117,0.186674411207802,3.0,0.107776521561639,0.545099136308299,0.967575337587935,0.0,3.0,missense,possibly_wt_like,36
urn:mavedb:00000013-a-1#3802,p.Phe37Ala,0.999407466033995,0.248125055733132,8.0,0.0877254547455939,0.8274687342052321,1.17134619786276,0.0,4.0,missense,wt_like,37
urn:mavedb:00000013-a-1#3803,p.Phe37Cys,1.08066497885685,0.14403453770728,2.0,0.101847798337887,0.881046962209889,1.2802829955038,1.0,4.0,missense,wt_like,37
urn:mavedb:00000013-a-1#3804,p.Phe37Asp,0.9145382168406592,0.0974303019978385,4.0,0.0487151509989193,0.8190582753813471,1.01001815829997,0.0,4.0,missense,wt_like,37
urn:mavedb:00000013-a-1#3805,p.Phe37Glu,0.7774729482747931,0.4273809467300329,3.0,0.246748504641102,0.2938547659391189,1.26109113061047,0.0,3.0,missense,possibly_wt_like,37
urn:mavedb:00000013-a-1#3806,p.Phe37Gly,0.8535708011295869,0.35877346093534,8.0,0.126845573568573,0.6049580453368579,1.1021835569223202,0.0,3.0,missense,possibly_wt_like,37
urn:mavedb:00000013-a-1#3807,p.Phe37His,0.877439622234752,0.291916930902984,6.0,0.119174587998601,0.6438617218850949,1.11101752258441,0.0,3.0,missense,possibly_wt_like,37
urn:mavedb:00000013-a-1#3808,p.Phe37Leu,0.575624600243423,0.4591664087018549,4.0,0.229583204350928,0.1256497882603049,1.02559941222654,1.0,2.0,missense,possibly_low,37
urn:mavedb:00000013-a-1#3809,p.Phe37Met,1.1951303364328,0.25255232202515,4.0,0.126276161012575,0.947633608742174,1.44262706412343,0.0,4.0,missense,wt_like,37
urn:mavedb:00000013-a-1#3810,p.Phe37Asn,0.9803641433880472,0.0905012460421417,7.0,0.0342062557669965,0.913321114038768,1.04740717273733,0.0,4.0,missense,wt_like,37
urn:mavedb:00000013-a-1#3811,p.Val9Asp,1.14605875158312,0.23492082215105,3.0,0.1356315999071569,0.8802257005995471,1.4118918025666898,1.0,4.0,missense,wt_like,9
urn:mavedb:00000013-a-1#3812,p.Phe37Pro,1.16305428446803,0.403892951972226,2.0,0.285595445213013,0.603297497701838,1.72281107123422,0.0,3.0,missense,possibly_wt_like,37
urn:mavedb:00000013-a-1#3813,p.Phe37Gln,0.763770340776027,0.220945372903439,6.0,0.0902005707737295,0.586980470674561,0.9405602108774928,0.0,3.0,missense,possibly_wt_like,37
urn:mavedb:00000013-a-1#3814,p.Phe37Arg,0.78676686229995,0.183343559587246,7.0,0.0692973518790293,0.650946548393053,0.922587176206846,0.0,3.0,missense,possibly_wt_like,37
urn:mavedb:00000013-a-1#3815,p.Phe37Ser,0.841096374865119,0.6768079060169641,5.0,0.302677697112644,0.247858989600814,1.43433376012942,1.0,3.0,missense,possibly_wt_like,37
urn:mavedb:00000013-a-1#3816,p.Phe37Val,0.581470558033593,0.302627962429689,7.0,0.114382618337594,0.3572847456345179,0.805656370432667,1.0,2.0,missense,possibly_low,37
urn:mavedb:00000013-a-1#3817,p.Phe37Tyr,0.751255198634222,0.253418993843137,6.0,0.103457871007533,0.548481497542267,0.954028899726177,1.0,3.0,missense,possibly_wt_like,37
urn:mavedb:00000013-a-1#3818,p.Pro38Ala,0.871090202682648,0.0931122338462123,8.0,0.0329201459820421,0.8065679021920441,0.935612503173251,1.0,4.0,missense,wt_like,38
urn:mavedb:00000013-a-1#3819,p.Pro38Cys,0.832771498600659,0.218184902331434,8.0,0.0771400119955409,0.681579853322411,0.9839631438789068,0.0,3.0,missense,possibly_wt_like,38
urn:mavedb:00000013-a-1#3820,p.Pro38Glu,0.6907232373229579,0.276791246309267,6.0,0.11299955312112,0.469248182936441,0.912198291709475,0.0,2.0,missense,possibly_low,38
urn:mavedb:00000013-a-1#3821,p.Pro38Phe,0.779743401753261,0.151160474537855,6.0,0.0617110053157855,0.6587920538845621,0.9006947496219609,0.0,3.0,missense,possibly_wt_like,38
urn:mavedb:00000013-a-1#3822,p.Val9Glu,1.25317569968913,0.0525192858139466,8.0,0.018568371571058,1.2167823601583,1.28956903921996,0.0,4.0,missense,wt_like,9
urn:mavedb:00000013-a-1#3823,p.Pro38Gly,0.7802943462141959,0.279563089449899,7.0,0.105664915776762,0.573194916862284,0.987393775566109,0.0,3.0,missense,possibly_wt_like,38
urn:mavedb:00000013-a-1#3824,p.Pro38His,0.620797543368032,0.2444478159426749,5.0,0.109320386679835,0.406533522699562,0.8350615640365021,1.0,2.0,missense,possibly_low,38
urn:mavedb:00000013-a-1#3825,p.Pro38Ile,0.68473266990327,0.430035829970084,3.0,0.248281302194412,0.198110259567516,1.17135508023902,0.0,2.0,missense,possibly_low,38
urn:mavedb:00000013-a-1#3826,p.Pro38Lys,0.96271311969749,0.0558222632953659,4.0,0.027911131647683,0.908008306900276,1.01741793249471,0.0,4.0,missense,wt_like,38
urn:mavedb:00000013-a-1#3827,p.Pro38Leu,0.627175442185471,0.128315660892477,7.0,0.0484987611480557,0.532119617040471,0.7222312673304699,1.0,2.0,missense,possibly_low,38
urn:mavedb:00000013-a-1#3828,p.Pro38Met,0.7133440668791372,0.347204543844551,4.0,0.1736022719222759,0.373089866277147,1.0535982674811302,0.0,3.0,missense,possibly_wt_like,38
urn:mavedb:00000013-a-1#3829,p.Pro38=,1.19244499635198,0.0283553968448751,2.0,0.0200502933922468,1.15314714342371,1.23174284928024,0.0,4.0,synonymous,wt_like,38
urn:mavedb:00000013-a-1#3830,p.Pro38Arg,0.8615850821620259,0.157634194025488,7.0,0.0595801250730779,0.744810182824402,0.978359981499651,1.0,4.0,missense,wt_like,38
urn:mavedb:00000013-a-1#3831,p.Pro38Ser,1.13611952068973,0.262707164665255,4.0,0.131353582332628,0.878671230077466,1.393567811302,1.0,4.0,missense,wt_like,38
urn:mavedb:00000013-a-1#3832,p.Pro38Thr,0.886312499227035,0.1874596217422869,4.0,0.0937298108711437,0.702605445641842,1.07001955281223,1.0,3.0,missense,possibly_wt_like,38
urn:mavedb:00000013-a-1#3833,p.Val9Phe,1.00943401369819,0.107358582462941,7.0,0.040577730043623,0.929903124238297,1.08896490315808,1.0,4.0,missense,wt_like,9
urn:mavedb:00000013-a-1#3834,p.Pro38Val,0.79618040024161,0.285881356610703,8.0,0.101074322937119,0.5980783675230871,0.994282432960134,0.0,3.0,missense,possibly_wt_like,38
urn:mavedb:00000013-a-1#3835,p.Pro38Ter,-0.0274945396175169,0.106371186506055,8.0,0.0376078936506451,-0.101204656707194,0.0462155774721602,0.0,1.0,nonsense,low,38
urn:mavedb:00000013-a-1#3836,p.Pro38Tyr,0.912021542565524,0.0454270825973377,2.0,0.0321217981540989,0.849063975064825,0.974979110066223,0.0,4.0,missense,wt_like,38
urn:mavedb:00000013-a-1#3837,p.Ala39=,0.941829387781626,0.15265044729692,7.0,0.0576964458672033,0.828746431845943,1.0549123437173102,0.0,4.0,synonymous,wt_like,39
urn:mavedb:00000013-a-1#3838,p.Ala39Cys,1.0766618793228,0.0764042957265308,2.0,0.0540259956200123,0.970772873678654,1.18255088496694,0.0,4.0,missense,wt_like,39
urn:mavedb:00000013-a-1#3839,p.Ala39Asp,0.89624189292703,0.225026101826212,8.0,0.0795587412726444,0.7403096253773059,1.05217416047675,0.0,4.0,missense,wt_like,39
urn:mavedb:00000013-a-1#3840,p.Ala39Phe,1.01573299455786,0.120158846304153,6.0,0.0490546435877804,0.919587659851357,1.1118783292643502,0.0,4.0,missense,wt_like,39
urn:mavedb:00000013-a-1#3841,p.Ala39Gly,1.00501395623524,0.185727490403765,8.0,0.0656645839586308,0.87631373661652,1.13371417585397,1.0,4.0,missense,wt_like,39
urn:mavedb:00000013-a-1#3842,p.Ala39Leu,0.522748270876499,0.262842202294154,8.0,0.0929287518121012,0.34061126419652,0.704885277556479,0.0,1.0,missense,low,39
urn:mavedb:00000013-a-1#3843,p.Ala39Met,0.818996305058285,0.17582339431507,2.0,0.124325914411423,0.575321990466887,1.06267061964968,0.0,3.0,missense,possibly_wt_like,39
urn:mavedb:00000013-a-1#3844,p.Val9Gly,1.1325542563515,0.0649204378563008,8.0,0.0229528409228951,1.08756751479975,1.17754099790325,1.0,4.0,missense,wt_like,9
urn:mavedb:00000013-a-1#3845,p.Ala39Pro,0.68327531602677,0.0971121751326483,5.0,0.0434298850078932,0.598154305558583,0.7683963264949558,1.0,2.0,missense,possibly_low,39
urn:mavedb:00000013-a-1#3846,p.Ala39Arg,0.696042182917223,0.248535231384844,8.0,0.0878704737379953,0.52381921908628,0.8682651467481659,0.0,2.0,missense,possibly_low,39
urn:mavedb:00000013-a-1#3847,p.Ala39Ser,0.7025069855048659,0.131484533128525,2.0,0.0929736049963273,0.520282068199211,0.88473190281052,1.0,2.0,missense,possibly_low,39
urn:mavedb:00000013-a-1#3848,p.Ala39Val,0.973750031845178,0.198286860834451,8.0,0.0701049919581168,0.8363467724707991,1.11115329121956,1.0,4.0,missense,wt_like,39
urn:mavedb:00000013-a-1#3849,p.Ala39Trp,0.719033177936859,0.0716134330768575,2.0,0.0506383441526949,0.619783847160832,0.8182825087128851,0.0,3.0,missense,possibly_wt_like,39
urn:mavedb:00000013-a-1#3850,p.Ala39Ter,0.0661377597389904,0.13064798586771,8.0,0.0461910383777111,-0.0243950118898308,0.1566705313678119,0.0,1.0,nonsense,low,39
urn:mavedb:00000013-a-1#3851,p.Glu40Ala,1.28508784762064,0.529441082662377,2.0,0.374371379789315,0.551333426391022,2.01884226885027,1.0,3.0,missense,possibly_wt_like,40
urn:mavedb:00000013-a-1#3852,p.Glu40Cys,0.7560059199951179,0.307941154558813,4.0,0.153970577279407,0.45422913384864,1.0577827061416,0.0,3.0,missense,possibly_wt_like,40
urn:mavedb:00000013-a-1#3853,p.Glu40Phe,0.65838268305463,0.167926202126254,5.0,0.0750988806315348,0.511191581737549,0.8055737843717109,0.0,2.0,missense,possibly_low,40
urn:mavedb:00000013-a-1#3854,p.Glu40Gly,0.8062586566631059,0.14227912076788,8.0,0.0503032655581137,0.7076660678644491,0.904851245461763,1.0,4.0,missense,wt_like,40
urn:mavedb:00000013-a-1#3855,p.Thr2Gly,0.998610257421316,0.1912887865331189,8.0,0.0676307990612573,0.8660563270155871,1.1311641878270502,0.0,4.0,missense,wt_like,2
urn:mavedb:00000013-a-1#3856,p.Val9His,1.04534414075254,0.115741753868682,5.0,0.0517612858970842,0.9438938846007758,1.14679439690431,0.0,4.0,missense,wt_like,9
urn:mavedb:00000013-a-1#3857,p.Glu40His,1.01217333374671,0.0273493815485204,3.0,0.015790172799208,0.981225163750601,1.04312150374282,0.0,4.0,missense,wt_like,40
urn:mavedb:00000013-a-1#3858,p.Glu40Leu,0.745650612783614,0.167032609663442,7.0,0.063132392286799,0.621913397643634,0.8693878279235941,0.0,3.0,missense,possibly_wt_like,40
urn:mavedb:00000013-a-1#3859,p.Glu40Pro,0.957156331697658,0.189196357819754,7.0,0.0715095016786087,0.8170002838551791,1.09731237954014,0.0,4.0,missense,wt_like,40
urn:mavedb:00000013-a-1#3860,p.Glu40Arg,0.564691372503094,0.16075518763913,7.0,0.0607597497795231,0.4456044512255629,0.683778293780625,0.0,1.0,missense,low,40
urn:mavedb:00000013-a-1#3861,p.Glu40Ser,0.5517221952515661,0.215554701483562,4.0,0.107777350741781,0.340482469448533,0.7629619210545981,0.0,2.0,missense,possibly_low,40
urn:mavedb:00000013-a-1#3862,p.Glu40Thr,1.15874510519402,0.3500486380329569,5.0,0.156546510014582,0.851919583660003,1.46557062672804,0.0,4.0,missense,wt_like,40
urn:mavedb:00000013-a-1#3863,p.Glu40Val,0.8614527782859671,0.128979532412299,7.0,0.048749680997191,0.7659051592736559,0.957000397298277,1.0,4.0,missense,wt_like,40
urn:mavedb:00000013-a-1#3864,p.Glu40Trp,0.4842610449501789,0.2040547384006689,3.0,0.117811058145045,0.253355614005337,0.71516647589502,0.0,2.0,missense,possibly_low,40
urn:mavedb:00000013-a-1#3865,p.Glu40Tyr,0.887517226329769,0.125292555765855,7.0,0.0473561348120207,0.7947009076511851,0.980333545008353,0.0,4.0,missense,wt_like,40
urn:mavedb:00000013-a-1#3866,p.Glu43Asp,1.02127546020493,0.240772609021116,7.0,0.0910034922837228,0.842911892861463,1.19963902754839,1.0,4.0,missense,wt_like,43
urn:mavedb:00000013-a-1#3867,p.Val9Ile,0.934739581199378,0.114682372848365,4.0,0.0573411864241823,0.822352920977184,1.0471262414215698,1.0,4.0,missense,wt_like,9
urn:mavedb:00000013-a-1#3868,p.Glu43=,1.05073431709168,0.284915114315638,7.0,0.107687791034674,0.8396701250890459,1.26179850909432,0.0,4.0,synonymous,wt_like,43
urn:mavedb:00000013-a-1#3869,p.Glu43Phe,0.8449530037364499,0.199672133758171,4.0,0.0998360668790857,0.6492779082953101,1.04062809917759,0.0,3.0,missense,possibly_wt_like,43
urn:mavedb:00000013-a-1#3870,p.Glu43Gly,1.0261438059614498,0.158558577000198,7.0,0.0599295089969728,0.908684126716212,1.14360348520668,1.0,4.0,missense,wt_like,43
urn:mavedb:00000013-a-1#3871,p.Glu43His,1.00279081152315,0.285401098215896,6.0,0.116514510443148,0.774426567378261,1.2311550556680402,0.0,4.0,missense,wt_like,43
urn:mavedb:00000013-a-1#3872,p.Glu43Ile,0.8333150642515709,0.233351402559352,6.0,0.0952653111722003,0.646598485378057,1.02003164312508,0.0,3.0,missense,possibly_wt_like,43
urn:mavedb:00000013-a-1#3873,p.Glu43Leu,0.683483374230354,0.19159756501074,7.0,0.0724170726891353,0.54154851989383,0.8254182285668791,0.0,2.0,missense,possibly_low,43
urn:mavedb:00000013-a-1#3874,p.Glu43Asn,0.719964318449174,0.3398044089270419,8.0,0.120139000914699,0.48449620351774,0.955432433380609,0.0,3.0,missense,possibly_wt_like,43
urn:mavedb:00000013-a-1#3875,p.Glu43Pro,0.8087523243951941,0.326572628007339,8.0,0.115460859906951,0.5824531973535461,1.03505145143684,0.0,3.0,missense,possibly_wt_like,43
urn:mavedb:00000013-a-1#3876,p.Glu43Arg,1.08331451952529,0.159550307646908,5.0,0.0713530667458981,0.943465078516843,1.22316396053373,0.0,4.0,missense,wt_like,43
urn:mavedb:00000013-a-1#3877,p.Glu43Ser,1.0340196886605602,0.0605353165409819,4.0,0.030267658270491,0.974696168554032,1.09334320876709,0.0,4.0,missense,wt_like,43
urn:mavedb:00000013-a-1#3878,p.Val9Lys,1.23948276861325,0.154409443736704,6.0,0.0630373914369855,1.11593175171741,1.3630337855091,0.0,4.0,missense,wt_like,9
urn:mavedb:00000013-a-1#3879,p.Glu43Thr,0.802860686598145,0.189155907790796,2.0,0.133753425100369,0.5407087905925461,1.06501258260374,0.0,3.0,missense,possibly_wt_like,43
urn:mavedb:00000013-a-1#3880,p.Glu43Val,0.923544945637486,0.258083785086042,8.0,0.0912463972743159,0.7447052932607929,1.10238459801418,1.0,4.0,missense,wt_like,43
urn:mavedb:00000013-a-1#3881,p.Glu43Trp,0.532250079024034,0.380826249953086,4.0,0.190413124976543,0.159047211886286,0.9054529461617828,0.0,2.0,missense,possibly_low,43
urn:mavedb:00000013-a-1#3882,p.Glu43Tyr,1.01340582060526,0.0674139315757773,2.0,0.0476688481636781,0.91997659501994,1.10683504619057,0.0,4.0,missense,wt_like,43
urn:mavedb:00000013-a-1#3883,p.Gly44Ala,0.673005256577797,0.198837208298451,7.0,0.0751534006491499,0.5257072979897539,0.8203032151658399,1.0,2.0,missense,possibly_low,44
urn:mavedb:00000013-a-1#3884,p.Gly44Asp,0.7992322977035551,0.1899105850799169,6.0,0.0775306716998681,0.647274973474615,0.9511896219324948,1.0,3.0,missense,possibly_wt_like,44
urn:mavedb:00000013-a-1#3885,p.Gly44Glu,0.84941853267091,0.0569025590636817,4.0,0.0284512795318408,0.7936550494744209,0.9051820158674,0.0,4.0,missense,wt_like,44
urn:mavedb:00000013-a-1#3886,p.Gly44=,1.0375822908178,0.0863469289845733,8.0,0.0305282495098125,0.977748021267512,1.09741656036808,0.0,4.0,synonymous,wt_like,44
urn:mavedb:00000013-a-1#3887,p.Gly44His,1.09323189300111,0.170490272514591,2.0,0.12055482782141,0.8569487723087159,1.3295150136935,0.0,4.0,missense,wt_like,44
urn:mavedb:00000013-a-1#3888,p.Gly44Ile,0.561498907008497,0.224121744064339,6.0,0.0914973188700459,0.38216745734123,0.740830356675764,0.0,2.0,missense,possibly_low,44
urn:mavedb:00000013-a-1#3889,p.Val9Leu,0.913446799110072,0.109972650144828,8.0,0.0388812033312316,0.8372410409052791,0.989652557314865,1.0,4.0,missense,wt_like,9
urn:mavedb:00000013-a-1#3890,p.Gly44Lys,0.8577843897123721,0.4732245633469671,6.0,0.1931931189919069,0.479132834427272,1.23643594499747,0.0,3.0,missense,possibly_wt_like,44
urn:mavedb:00000013-a-1#3891,p.Gly44Leu,0.762190555460989,0.194531780761897,7.0,0.073526101999217,0.618082043618906,0.906299067303073,0.0,3.0,missense,possibly_wt_like,44
urn:mavedb:00000013-a-1#3892,p.Gly44Met,0.6442463138883001,0.2031157060611789,4.0,0.10155785303059,0.445196579601133,0.843296048175468,0.0,2.0,missense,possibly_low,44
urn:mavedb:00000013-a-1#3893,p.Gly44Arg,0.929917709414571,0.118927319171651,7.0,0.0449503015171134,0.841816737346813,1.01801868148233,1.0,4.0,missense,wt_like,44
urn:mavedb:00000013-a-1#3894,p.Gly44Ser,0.788325553995913,0.134804422067391,7.0,0.0509512823460147,0.688462875631592,0.8881882323602329,1.0,3.0,missense,possibly_wt_like,44
urn:mavedb:00000013-a-1#3895,p.Gly44Thr,0.7928005311015709,0.137867012887501,5.0,0.0616560025342584,0.671956986703714,0.913644075499428,0.0,3.0,missense,possibly_wt_like,44
urn:mavedb:00000013-a-1#3896,p.Gly44Val,0.658400809501968,0.159282434247528,8.0,0.0563148446901636,0.54802574211428,0.768775876889655,1.0,2.0,missense,possibly_low,44
urn:mavedb:00000013-a-1#3897,p.Gly44Tyr,0.862501610506006,0.7140431735625509,3.0,0.412253018469354,0.0545005417881468,1.6705026792238602,0.0,3.0,missense,possibly_wt_like,44
urn:mavedb:00000013-a-1#3898,p.Val45Ala,0.967862143758249,0.379195860660061,7.0,0.14332256364166,0.686955080848645,1.2487692066678502,1.0,3.0,missense,possibly_wt_like,45
urn:mavedb:00000013-a-1#3899,p.Val45Cys,1.02091633155395,0.0738171623410083,8.0,0.0260983080296376,0.969764587758432,1.07206807534948,0.0,4.0,missense,wt_like,45
urn:mavedb:00000013-a-1#3900,p.Val9Met,0.8735707464757,0.274905753882021,6.0,0.112229804061015,0.653604372524125,1.09353712042728,0.0,3.0,missense,possibly_wt_like,9
urn:mavedb:00000013-a-1#3901,p.Val45Asp,1.11968260683722,0.105913975995797,8.0,0.0374462453245287,1.0462893146449,1.19307589902955,0.0,4.0,missense,wt_like,45
urn:mavedb:00000013-a-1#3902,p.Val45Glu,0.472712794466682,0.45189265474358,3.0,0.260900345861021,-0.038642486974962,0.984068075908326,1.0,2.0,missense,possibly_low,45
urn:mavedb:00000013-a-1#3903,p.Val45Phe,0.846504053725814,0.3634868186811239,6.0,0.1483928723327169,0.5556593683912391,1.1373487390603898,0.0,3.0,missense,possibly_wt_like,45
urn:mavedb:00000013-a-1#3904,p.Val45Gly,1.00923566591622,0.0902440557459726,8.0,0.031906091889877,0.946700874924638,1.07177045690781,1.0,4.0,missense,wt_like,45
urn:mavedb:00000013-a-1#3905,p.Val45Ile,0.6791217189259251,0.475495596149499,4.0,0.23774779807475,0.213144597295715,1.14509884055614,1.0,2.0,missense,possibly_low,45
urn:mavedb:00000013-a-1#3906,p.Val45Lys,1.0727166659802,0.146323608422314,7.0,0.0553051255461484,0.964320611749282,1.18111272021112,0.0,4.0,missense,wt_like,45
urn:mavedb:00000013-a-1#3907,p.Val45Leu,0.7269060879792242,0.2378144161772,8.0,0.0840800931714091,0.56211213354649,0.891700042411958,1.0,3.0,missense,possibly_wt_like,45
urn:mavedb:00000013-a-1#3908,p.Val45Met,0.947967785194889,0.1511065003074639,6.0,0.0616889704284995,0.8270596249116741,1.0688759454781,0.0,4.0,missense,wt_like,45
urn:mavedb:00000013-a-1#3909,p.Val45Asn,1.08069987759431,0.16710566741373,6.0,0.0682206030484781,0.9469899526156892,1.21440980257293,0.0,4.0,missense,wt_like,45
urn:mavedb:00000013-a-1#3910,p.Val45Pro,1.09023893910699,0.294981146554657,7.0,0.111492393605188,0.8717178630906619,1.30876001512333,0.0,4.0,missense,wt_like,45
urn:mavedb:00000013-a-1#3911,p.Val9Asn,1.27006405053653,0.117347293335493,4.0,0.0586736466677465,1.1550658162261105,1.38506228484694,0.0,4.0,missense,wt_like,9
urn:mavedb:00000013-a-1#3912,p.Val45Gln,1.1226992659903798,0.0846169527976256,8.0,0.0299166105632715,1.06406378674686,1.1813347452339,0.0,4.0,missense,wt_like,45
urn:mavedb:00000013-a-1#3913,p.Val45Arg,1.02525475603592,0.166927548949766,8.0,0.0590178009146143,0.909581991796524,1.1409275202753202,0.0,4.0,missense,wt_like,45
urn:mavedb:00000013-a-1#3914,p.Val45Ser,1.09126357526517,0.141791909707641,8.0,0.0501310104358318,0.9930086003023392,1.189518550228,0.0,4.0,missense,wt_like,45
urn:mavedb:00000013-a-1#3915,p.Val45Thr,0.942123439331953,0.126548083302017,2.0,0.0894830078490159,0.766739966719566,1.11750691194434,0.0,4.0,missense,wt_like,45
urn:mavedb:00000013-a-1#3916,p.Val45=,0.892714572277831,0.1977553795499829,8.0,0.0699170849479562,0.755679603875809,1.02974954067985,0.0,4.0,synonymous,wt_like,45
urn:mavedb:00000013-a-1#3917,p.Val45Trp,0.684323718464399,0.284335767966386,4.0,0.142167883983193,0.405679786099072,0.962967650829726,0.0,2.0,missense,possibly_low,45
urn:mavedb:00000013-a-1#3918,p.Val45Ter,0.210603632183464,0.236072355546364,8.0,0.083464181728758,0.0470168419959923,0.374190422370936,0.0,1.0,nonsense,low,45
urn:mavedb:00000013-a-1#3919,p.Val45Tyr,1.08440257390692,0.119906800695753,4.0,0.0599534003478766,0.9668960684743678,1.20190907933947,0.0,4.0,missense,wt_like,45
urn:mavedb:00000013-a-1#3920,p.Tyr46Ala,0.8910181204779029,0.297958443407894,7.0,0.112617706041314,0.6702914726154079,1.1117447683403998,0.0,3.0,missense,possibly_wt_like,46
urn:mavedb:00000013-a-1#3921,p.Tyr46Cys,0.747525180926861,0.413711202517471,5.0,0.185017274376449,0.384897986631255,1.11015237522247,1.0,3.0,missense,possibly_wt_like,46
urn:mavedb:00000013-a-1#3922,p.Val9Pro,1.2918063120445,0.149913857446899,8.0,0.0530025525972677,1.18792321786516,1.39568940622383,0.0,4.0,missense,wt_like,9
urn:mavedb:00000013-a-1#3923,p.Tyr46Asp,0.9572453697935408,0.349419404356965,6.0,0.1426498744836319,0.677656753406462,1.23683398618062,1.0,3.0,missense,possibly_wt_like,46
urn:mavedb:00000013-a-1#3924,p.Tyr46Glu,1.04914205843775,0.157713766322344,7.0,0.059610200574325,0.932308212200864,1.16597590467464,0.0,4.0,missense,wt_like,46
urn:mavedb:00000013-a-1#3925,p.Tyr46Phe,0.8698785481855992,0.0687498847673819,2.0,0.0486135097248095,0.7745978199628851,0.9651592764083128,1.0,4.0,missense,wt_like,46
urn:mavedb:00000013-a-1#3926,p.Tyr46Gly,1.1165401656358502,0.173802933808267,8.0,0.0614486165429709,0.996103090311815,1.2369772409598898,0.0,4.0,missense,wt_like,46
urn:mavedb:00000013-a-1#3927,p.Tyr46His,1.10031215431775,0.105856676403144,5.0,0.0473405448619257,1.00752639137987,1.19309791725563,1.0,4.0,missense,wt_like,46
urn:mavedb:00000013-a-1#3928,p.Tyr46Ile,1.03253622354271,0.16339858433035,4.0,0.0816992921651748,0.872408553336556,1.19266389374887,0.0,4.0,missense,wt_like,46
urn:mavedb:00000013-a-1#3929,p.Tyr46Lys,0.7066027348393249,0.119058996798786,4.0,0.0595294983993929,0.5899270619587801,0.82327840771987,0.0,2.0,missense,possibly_low,46
urn:mavedb:00000013-a-1#3930,p.Tyr46Leu,0.861421347892381,0.370698193371677,3.0,0.214022701731246,0.441944560625182,1.28089813515958,0.0,3.0,missense,possibly_wt_like,46
urn:mavedb:00000013-a-1#3931,p.Tyr46Asn,0.928035863997111,0.365995562458656,3.0,0.211307636507713,0.5138805067837121,1.34219122121051,1.0,3.0,missense,possibly_wt_like,46
urn:mavedb:00000013-a-1#3932,p.Tyr46Ser,0.971403925009563,0.286979026737204,6.0,0.117158697064447,0.7417770982876091,1.20103075173152,1.0,4.0,missense,wt_like,46
urn:mavedb:00000013-a-1#3933,p.Val9Gln,0.958464574381179,0.305043572385136,5.0,0.136419632790508,0.6910870073276031,1.22584214143475,0.0,3.0,missense,possibly_wt_like,9
urn:mavedb:00000013-a-1#3934,p.Tyr46Thr,1.06099766014445,0.338500026646021,6.0,0.13819205720021,0.7901462050825441,1.33184911520637,0.0,4.0,missense,wt_like,46
urn:mavedb:00000013-a-1#3935,p.Tyr46Val,0.932644242260109,0.65438371137676,5.0,0.292649292401408,0.359062169052218,1.5062263154679998,0.0,3.0,missense,possibly_wt_like,46
urn:mavedb:00000013-a-1#3936,p.Tyr46Trp,0.448620007200031,0.3981130129274829,5.0,0.178041551926621,0.0996649776722364,0.7975750367278249,0.0,2.0,missense,possibly_low,46
urn:mavedb:00000013-a-1#3937,p.Tyr46Ter,0.0057603189767307,0.0540799937045389,5.0,0.0241853084292219,-0.0416420144995372,0.0531626524529986,1.0,1.0,nonsense,low,46
urn:mavedb:00000013-a-1#3938,p.Arg47Ala,1.0517452658050102,0.18440737161466,8.0,0.0651978514847567,0.9239598250254972,1.17953070658453,0.0,4.0,missense,wt_like,47
urn:mavedb:00000013-a-1#3939,p.Arg47Cys,1.01486690836649,0.1443675719731219,8.0,0.0510416445628156,0.9148271233116808,1.11490669342131,0.0,4.0,missense,wt_like,47
urn:mavedb:00000013-a-1#3940,p.Arg47Glu,1.1739030262234198,0.1302486653525039,8.0,0.0460498572556264,1.08364696450918,1.26415908793766,0.0,4.0,missense,wt_like,47
urn:mavedb:00000013-a-1#3941,p.Arg47Phe,0.99979299758188,0.150336140673405,6.0,0.0613744724248526,0.879501242059022,1.12008475310474,0.0,4.0,missense,wt_like,47
urn:mavedb:00000013-a-1#3942,p.Arg47Gly,1.02568969957949,0.1639593472393509,8.0,0.0579683831359325,0.9120737563910408,1.1393056427679298,1.0,4.0,missense,wt_like,47
urn:mavedb:00000013-a-1#3943,p.Arg47His,0.8909439980394329,0.138170081458966,4.0,0.0690850407294828,0.755539806339165,1.0263481897397,0.0,4.0,missense,wt_like,47
urn:mavedb:00000013-a-1#3944,p.Val9Arg,1.0534428749427298,0.111559459824897,8.0,0.0394422252738464,0.976137533935875,1.13074821594958,0.0,4.0,missense,wt_like,9
urn:mavedb:00000013-a-1#3945,p.Arg47Leu,0.943560969100164,0.0778247265850767,8.0,0.0275151959561484,0.8896321759985509,0.997489762201777,0.0,4.0,missense,wt_like,47
urn:mavedb:00000013-a-1#3946,p.Arg47Asn,1.1715123695156398,0.0316148858863596,3.0,0.018252862876889,1.1357374156621898,1.2072873233690902,0.0,4.0,missense,wt_like,47
urn:mavedb:00000013-a-1#3947,p.Arg47Pro,0.765464266924999,0.142028064572616,3.0,0.0819999413134813,0.604747335216178,0.9261811986338208,0.0,3.0,missense,possibly_wt_like,47
urn:mavedb:00000013-a-1#3948,p.Arg47Gln,1.10759112844799,0.153971179912582,8.0,0.0544370327117402,1.00089650490775,1.21428575198823,0.0,4.0,missense,wt_like,47
urn:mavedb:00000013-a-1#3949,p.Arg47=,1.01170485773867,0.193329908023041,8.0,0.068352444484632,0.877736528293516,1.14567318718382,0.0,4.0,synonymous,wt_like,47
urn:mavedb:00000013-a-1#3950,p.Arg47Ser,1.14853450793609,0.107025311371157,8.0,0.0378391617145733,1.07437111377034,1.22269790210184,1.0,4.0,missense,wt_like,47
urn:mavedb:00000013-a-1#3951,p.Arg47Thr,1.08762436221587,0.37691671354055,7.0,0.142461127001724,0.8084056840955078,1.36684304033624,1.0,4.0,missense,wt_like,47
urn:mavedb:00000013-a-1#3952,p.Arg47Val,0.851923074843055,0.204260760836455,7.0,0.0772033108260147,0.700607366136815,1.0032387835493,0.0,3.0,missense,possibly_wt_like,47
urn:mavedb:00000013-a-1#3953,p.Arg47Trp,0.820369113659943,0.0309665717108265,2.0,0.0218966728468249,0.7774524234989101,0.8632858038209771,1.0,4.0,missense,wt_like,47
urn:mavedb:00000013-a-1#3954,p.Asn48Asp,0.8326354580253158,0.329124062162981,6.0,0.134364335728559,0.569286199190692,1.09598471685994,1.0,3.0,missense,possibly_wt_like,48
urn:mavedb:00000013-a-1#3955,p.Val9Ser,1.17074202831357,0.297685709694568,8.0,0.10524779199368,0.964460146553598,1.37702391007355,0.0,4.0,missense,wt_like,9
urn:mavedb:00000013-a-1#3956,p.Asn48His,1.1520669005565,0.122018036828056,4.0,0.0610090184140281,1.03249142173286,1.27164237938013,1.0,4.0,missense,wt_like,48
urn:mavedb:00000013-a-1#3957,p.Asn48Leu,0.533961125870725,0.0914291539994882,5.0,0.0408883606936305,0.453821411524326,0.614100840217124,0.0,1.0,missense,low,48
urn:mavedb:00000013-a-1#3958,p.Asn48Met,0.872943920158581,0.0766919078755354,4.0,0.0383459539377677,0.7977872314877242,0.948100608829437,0.0,4.0,missense,wt_like,48
urn:mavedb:00000013-a-1#3959,p.Asn48Pro,0.829649605481482,0.434179230271837,4.0,0.2170896151359189,0.40416177839742,1.25513743256554,0.0,3.0,missense,possibly_wt_like,48
urn:mavedb:00000013-a-1#3960,p.Asn48Arg,0.8774050001994049,0.306752035424094,3.0,0.177103370226566,0.530288773014672,1.22452122738414,0.0,3.0,missense,possibly_wt_like,48
urn:mavedb:00000013-a-1#3961,p.Asn49Ala,1.09017589497961,0.114242038669229,7.0,0.043179431941115,1.00554576350212,1.17480602645709,0.0,4.0,missense,wt_like,49
urn:mavedb:00000013-a-1#3962,p.Asn49Asp,1.0771253495655602,0.174133750555585,8.0,0.0615655779256505,0.9564590341438892,1.19779166498723,1.0,4.0,missense,wt_like,49
urn:mavedb:00000013-a-1#3963,p.Asn49Glu,0.845769191727302,0.103081820569187,8.0,0.0364449271707636,0.7743384470534201,0.917199936401183,0.0,4.0,missense,wt_like,49
urn:mavedb:00000013-a-1#3964,p.Asn49Phe,0.901826931580928,0.102036621961879,7.0,0.0385662180474633,0.8262385331879809,0.977415329973874,0.0,4.0,missense,wt_like,49
urn:mavedb:00000013-a-1#3965,p.Asn49Gly,0.896797170109254,0.124134771237655,8.0,0.0438882692615932,0.810777743012735,0.982816597205773,0.0,4.0,missense,wt_like,49
urn:mavedb:00000013-a-1#3966,p.Thr2Lys,0.9476095053623952,0.200501674285613,2.0,0.141776093526613,0.6697334681814511,1.22548554254334,1.0,3.0,missense,possibly_wt_like,2
urn:mavedb:00000013-a-1#3967,p.Val9Thr,1.14678908985732,0.140460802924111,6.0,0.0573428826709498,1.03439910505256,1.25917907466209,0.0,4.0,missense,wt_like,9
urn:mavedb:00000013-a-1#3968,p.Asn49His,1.08923198860842,0.212881492755709,6.0,0.0869085054889135,0.9188944478999508,1.2595695293169,1.0,4.0,missense,wt_like,49
urn:mavedb:00000013-a-1#3969,p.Asn49Ile,0.735215972826595,0.130485258001728,7.0,0.0493187917760963,0.638552917184417,0.8318790284687742,1.0,3.0,missense,possibly_wt_like,49
urn:mavedb:00000013-a-1#3970,p.Asn49Lys,0.9755548207332472,0.0896632743269588,7.0,0.0338895322292708,0.9091325581109668,1.04197708335553,1.0,4.0,missense,wt_like,49
urn:mavedb:00000013-a-1#3971,p.Asn49Leu,0.8946370709750259,0.255337844056737,7.0,0.0965086336682169,0.705483624788151,1.0837905171619,0.0,3.0,missense,possibly_wt_like,49
urn:mavedb:00000013-a-1#3972,p.Asn49Met,0.9395539567491842,0.138774039554697,7.0,0.0524516567276526,0.8367505986335259,1.04235731486484,0.0,4.0,missense,wt_like,49
urn:mavedb:00000013-a-1#3973,p.Asn49Pro,0.7097254482596719,0.282604140567286,8.0,0.0999156520932623,0.513894368665044,0.9055565278543,0.0,3.0,missense,possibly_wt_like,49
urn:mavedb:00000013-a-1#3974,p.Asn49Gln,0.9772015505399642,0.426011663290837,6.0,0.173918533256151,0.636327489113877,1.3180756119660502,0.0,3.0,missense,possibly_wt_like,49
urn:mavedb:00000013-a-1#3975,p.Asn49Arg,1.1064193312331498,0.1936490328042,8.0,0.0684652721330331,0.9722298636606728,1.24060879880563,0.0,4.0,missense,wt_like,49
urn:mavedb:00000013-a-1#3976,p.Asn49Ser,0.95310683485547,0.228692652694684,8.0,0.0808550627639754,0.794633823870353,1.11157984584059,1.0,4.0,missense,wt_like,49
urn:mavedb:00000013-a-1#3977,p.Asn49Thr,0.777485354517357,0.287527932611389,8.0,0.1016564754650309,0.578242323810617,0.9767283852240972,1.0,3.0,missense,possibly_wt_like,49
urn:mavedb:00000013-a-1#3978,p.Val9=,1.1904177965393,0.102042747759,4.0,0.0510213738794999,1.09041774129372,1.29041785178487,0.0,4.0,synonymous,wt_like,9
urn:mavedb:00000013-a-1#3979,p.Asn49Val,0.7451371555390991,0.196390131316233,7.0,0.0742284924871529,0.599651983637577,0.8906223274406201,0.0,3.0,missense,possibly_wt_like,49
urn:mavedb:00000013-a-1#3980,p.Asn49Trp,0.922943826151906,0.224404553639728,7.0,0.0848169488573106,0.756705661113002,1.08918199119081,0.0,4.0,missense,wt_like,49
urn:mavedb:00000013-a-1#3981,p.Asn49Ter,-0.0749406490709206,0.105062530874954,7.0,0.0397099041151676,-0.152770630966188,0.0028893328243468,0.0,1.0,nonsense,low,49
urn:mavedb:00000013-a-1#3982,p.Asn49Tyr,1.00547927597552,0.329563655561615,7.0,0.12456335339734,0.761339589523198,1.24961896242784,1.0,4.0,missense,wt_like,49
urn:mavedb:00000013-a-1#3983,p.Ile50Ala,0.8174049643590491,0.0565405490774766,8.0,0.0199901028323473,0.778225082760396,0.8565848459577009,0.0,4.0,missense,wt_like,50
urn:mavedb:00000013-a-1#3984,p.Ile50Glu,0.7628743078617041,0.255378743784648,7.0,0.096524092312323,0.573690563289131,0.952058052434276,0.0,3.0,missense,possibly_wt_like,50
urn:mavedb:00000013-a-1#3985,p.Ile50Phe,1.00501009196521,0.278193804416322,6.0,0.1135721450706019,0.782412777979874,1.22760740595055,1.0,4.0,missense,wt_like,50
urn:mavedb:00000013-a-1#3986,p.Ile50Gly,0.523674601017301,0.0794689524576105,8.0,0.0280965175882839,0.468606438453269,0.578742763581334,0.0,1.0,missense,low,50
urn:mavedb:00000013-a-1#3987,p.Ile50His,0.4668821481835661,0.015837947991838,3.0,0.0091440435364989,0.448960152178962,0.48480414418817,0.0,1.0,missense,low,50
urn:mavedb:00000013-a-1#3988,p.Ile50Leu,0.998626170714493,0.13321307615732,8.0,0.0470979347467804,0.906315914864586,1.0909364265644002,1.0,4.0,missense,wt_like,50
urn:mavedb:00000013-a-1#3989,p.Val9Ter,1.02265246680904,0.183195101575078,7.0,0.069241240024696,0.8869421301157421,1.15836280350234,0.0,4.0,nonsense,wt_like,9
urn:mavedb:00000013-a-1#3990,p.Ile50Met,0.7094469304070079,0.462618146084644,7.0,0.174853223789388,0.366740909199086,1.05215295161493,1.0,3.0,missense,possibly_wt_like,50
urn:mavedb:00000013-a-1#3991,p.Ile50Asn,0.471793720467114,0.112648133837126,4.0,0.0563240669185629,0.3614005778439071,0.5821868630903211,1.0,1.0,missense,low,50
urn:mavedb:00000013-a-1#3992,p.Ile50Pro,0.735185922555108,0.180075504847378,8.0,0.063666305301586,0.610402257135268,0.8599695879749479,0.0,3.0,missense,possibly_wt_like,50
urn:mavedb:00000013-a-1#3993,p.Ile50Gln,0.7995743456918859,0.112358327328472,2.0,0.0794493351767406,0.6438565101498229,0.955292181233948,0.0,3.0,missense,possibly_wt_like,50
urn:mavedb:00000013-a-1#3994,p.Ile50Arg,0.560091634086098,0.105003321831506,8.0,0.0371242804570856,0.487329381438246,0.6328538867339499,0.0,1.0,missense,low,50
urn:mavedb:00000013-a-1#3995,p.Ile50Ser,0.638956305473126,0.155513505567214,8.0,0.0549823271763345,0.5311929244213129,0.74671968652494,1.0,2.0,missense,possibly_low,50
urn:mavedb:00000013-a-1#3996,p.Ile50Thr,0.799283873770529,0.1336114206462,7.0,0.0505003701925552,0.7003049669871801,0.8982627805538771,1.0,3.0,missense,possibly_wt_like,50
urn:mavedb:00000013-a-1#3997,p.Ile50Val,0.9045712490755492,0.186062992968553,6.0,0.0759598987980015,0.755692583162159,1.0534499149889398,1.0,4.0,missense,wt_like,50
urn:mavedb:00000013-a-1#3998,p.Asp51Ala,0.729957391392477,0.341716682080779,8.0,0.120815091571943,0.49316416312256,0.966750619662395,1.0,3.0,missense,possibly_wt_like,51
urn:mavedb:00000013-a-1#3999,p.Asp51Glu,0.8558822946401758,0.4246830963698711,8.0,0.150148148649218,0.561597330942343,1.15016725833801,1.0,3.0,missense,possibly_wt_like,51
urn:mavedb:00000013-a-1#4000,p.Ser10Ala,0.885401412141455,0.4323736351570711,7.0,0.163421873155226,0.5651004264711379,1.20570239781177,0.0,3.0,missense,possibly_wt_like,10
urn:mavedb:00000013-a-1#4001,p.Asp51Gly,0.738742707395037,0.150784900882383,8.0,0.0533105129572371,0.6342560220014971,0.843229392788578,1.0,3.0,missense,possibly_wt_like,51
urn:mavedb:00000013-a-1#4002,p.Asp51Leu,0.79954168699175,0.0904577112254826,8.0,0.0319816305090766,0.736858843027092,0.862224530956407,0.0,4.0,missense,wt_like,51
urn:mavedb:00000013-a-1#4003,p.Asp51Met,0.749486885421274,0.318055614776476,5.0,0.142238795053137,0.47070396991275,1.0282698009298,0.0,3.0,missense,possibly_wt_like,51
urn:mavedb:00000013-a-1#4004,p.Asp51Pro,0.373124975260926,0.175746118263411,8.0,0.0621356359956354,0.25134136655299,0.4949085839688621,0.0,1.0,missense,low,51
urn:mavedb:00000013-a-1#4005,p.Asp51Gln,0.514955697093689,0.615501846599223,3.0,0.355360156820773,-0.181537411815532,1.2114488060029098,0.0,2.0,missense,possibly_low,51
urn:mavedb:00000013-a-1#4006,p.Asp51Arg,0.542015792777764,0.179701324967071,7.0,0.0679207165902388,0.408893634456744,0.6751379510987839,0.0,1.0,missense,low,51
urn:mavedb:00000013-a-1#4007,p.Asp51Ser,0.7698217565768499,0.123540321496532,8.0,0.0436780995400822,0.684214254565133,0.8554292585885659,0.0,3.0,missense,possibly_wt_like,51
urn:mavedb:00000013-a-1#4008,p.Asp51Thr,0.6801157958515159,0.0968742707637019,8.0,0.0342502268897577,0.612986584685266,0.7472450070177671,0.0,2.0,missense,possibly_low,51
urn:mavedb:00000013-a-1#4009,p.Asp51Val,0.627300963636497,0.197341023787843,8.0,0.0697705880633399,0.490553123852171,0.764048803420823,1.0,2.0,missense,possibly_low,51
urn:mavedb:00000013-a-1#4010,p.Asp51Trp,0.660286717919401,0.0883200011300541,3.0,0.0509915764272648,0.560345064607041,0.760228371231762,0.0,2.0,missense,possibly_low,51
urn:mavedb:00000013-a-1#4011,p.Ser10Cys,1.30472667068635,0.330645710170358,3.0,0.190898389773251,0.930572702024086,1.67888063934861,1.0,4.0,missense,wt_like,10
urn:mavedb:00000013-a-1#4012,p.Asp52Ala,0.742081471209763,0.312337002846683,7.0,0.118052290682228,0.510703233180143,0.9734597092393829,1.0,3.0,missense,possibly_wt_like,52
urn:mavedb:00000013-a-1#4013,p.Asp52Glu,1.09481461290921,0.422855659242095,7.0,0.159824416404408,0.781564512906437,1.40806471291198,1.0,4.0,missense,wt_like,52
urn:mavedb:00000013-a-1#4014,p.Asp52Phe,0.6140962193385401,0.211099529285094,8.0,0.0746349543313889,0.4678143968612261,0.760378041815854,0.0,2.0,missense,possibly_low,52
urn:mavedb:00000013-a-1#4015,p.Asp52Gly,0.625711085537479,0.0735057572542429,8.0,0.0259882097053637,0.574775130492292,0.676647040582666,1.0,1.0,missense,low,52
urn:mavedb:00000013-a-1#4016,p.Asp52His,0.880945118506032,0.0853223432936635,3.0,0.0492608778684863,0.7843955720369731,0.977494664975092,1.0,4.0,missense,wt_like,52
urn:mavedb:00000013-a-1#4017,p.Asp52Ile,0.583960322374013,0.26632073585646,8.0,0.0941585991473472,0.3994128592104679,0.768507785537557,0.0,2.0,missense,possibly_low,52
urn:mavedb:00000013-a-1#4018,p.Asp52Lys,0.750431479968184,0.154192531802376,4.0,0.0770962659011881,0.5993255754593321,0.9015373844770358,0.0,3.0,missense,possibly_wt_like,52
urn:mavedb:00000013-a-1#4019,p.Asp52Leu,0.688676766976504,0.3395954388606669,8.0,0.1200651188392,0.453353458252151,0.9240000757008572,0.0,2.0,missense,possibly_low,52
urn:mavedb:00000013-a-1#4020,p.Asp52Asn,0.840580100132712,0.125254420789365,4.0,0.0626272103946825,0.717833023306922,0.963327176958503,1.0,4.0,missense,wt_like,52
urn:mavedb:00000013-a-1#4021,p.Asp52Pro,0.6391158162297249,0.170342488455519,5.0,0.0761794767286028,0.489806785480557,0.788424846978894,0.0,2.0,missense,possibly_low,52
urn:mavedb:00000013-a-1#4022,p.Ser10Glu,0.8143302348966959,0.5862412599951179,7.0,0.22157836889032,0.380044612118538,1.24861585767485,0.0,3.0,missense,possibly_wt_like,10
urn:mavedb:00000013-a-1#4023,p.Asp52Gln,1.0369442452708602,0.172632144380159,7.0,0.0652488174750995,0.9090589129858392,1.16482957755588,0.0,4.0,missense,wt_like,52
urn:mavedb:00000013-a-1#4024,p.Asp52Arg,0.902392601249447,0.203995752288336,8.0,0.0721233898881669,0.7610333546257,1.04375184787319,0.0,4.0,missense,wt_like,52
urn:mavedb:00000013-a-1#4025,p.Asp52Ser,0.8878559141817071,0.0847755522703405,8.0,0.0299726839445962,0.829110533130297,0.946601295233118,0.0,4.0,missense,wt_like,52
urn:mavedb:00000013-a-1#4026,p.Asp52Thr,0.621802413719317,0.360813729573417,8.0,0.127566917463286,0.371775849872482,0.8718289775661509,0.0,2.0,missense,possibly_low,52
urn:mavedb:00000013-a-1#4027,p.Asp52Val,0.701199058439121,0.1068435025234709,8.0,0.0377748825800342,0.6271616490620239,0.7752364678162171,1.0,2.0,missense,possibly_low,52
urn:mavedb:00000013-a-1#4028,p.Val53Ala,0.951014388699258,0.1378969409944639,7.0,0.0521201446325572,0.8488607823504271,1.05316799504809,1.0,4.0,missense,wt_like,53
urn:mavedb:00000013-a-1#4029,p.Val53Cys,0.50264766355238,0.48113680832562,7.0,0.181852620204135,0.146223077458035,0.8590722496467241,0.0,2.0,missense,possibly_low,53
urn:mavedb:00000013-a-1#4030,p.Val53Asp,0.346693185964214,0.21346825520709,8.0,0.0754724254124968,0.198769950329835,0.4946164215985929,0.0,1.0,missense,low,53
urn:mavedb:00000013-a-1#4031,p.Val53Glu,0.36718974285112,0.281959046463955,7.0,0.106570502406933,0.158315396319193,0.576064089383048,1.0,1.0,missense,low,53
urn:mavedb:00000013-a-1#4032,p.Val53Phe,0.7540084838907379,0.248751778614515,3.0,0.143616906344488,0.472524519884479,1.035492447897,0.0,3.0,missense,possibly_wt_like,53
urn:mavedb:00000013-a-1#4033,p.Ser10Phe,0.9367275171233728,0.141789687617204,3.0,0.0818623143141059,0.776280329376627,1.09717470487012,0.0,4.0,missense,wt_like,10
urn:mavedb:00000013-a-1#4034,p.Val53Gly,0.370853141512034,0.110781975523944,8.0,0.0391673430631115,0.29408655973821,0.4476197232858571,1.0,1.0,missense,low,53
urn:mavedb:00000013-a-1#4035,p.Val53His,0.39818958153837,0.243497738613774,8.0,0.0860894510886945,0.229457357955706,0.566921805121034,0.0,1.0,missense,low,53
urn:mavedb:00000013-a-1#4036,p.Val53Ile,0.797497417695902,3.4149619716501004e-05,2.0,2.41474276764797e-05,0.797450089607337,0.7975447457844681,1.0,4.0,missense,wt_like,53
urn:mavedb:00000013-a-1#4037,p.Val53Lys,0.206087110566003,0.130904366728822,7.0,0.049477199985266,0.109113580538996,0.30306064059301,0.0,1.0,missense,low,53
urn:mavedb:00000013-a-1#4038,p.Val53Leu,0.992073585579692,0.123509123338765,8.0,0.0436670693256233,0.906487702391057,1.07765946876833,1.0,4.0,missense,wt_like,53
urn:mavedb:00000013-a-1#4039,p.Val53Met,1.05524446935268,0.109756371628109,3.0,0.0633678707047655,0.931045724994351,1.17944321371101,0.0,4.0,missense,wt_like,53
urn:mavedb:00000013-a-1#4040,p.Val53Asn,0.355228757518183,0.161959278983041,8.0,0.0572612522224963,0.242998765452426,0.467458749583939,0.0,1.0,missense,low,53
urn:mavedb:00000013-a-1#4041,p.Val53Pro,0.231920987831849,0.194428592574394,6.0,0.0793751405357912,0.0763485711138932,0.387493404549805,0.0,1.0,missense,low,53
urn:mavedb:00000013-a-1#4042,p.Val53Gln,0.568662681297447,0.154658936878831,8.0,0.0546801915190618,0.4614914752523329,0.67583388734256,0.0,1.0,missense,low,53
urn:mavedb:00000013-a-1#4043,p.Val53Arg,0.198448050785611,0.0972274405753767,8.0,0.0343750912741305,0.131074109923038,0.265821991648184,0.0,1.0,missense,low,53
urn:mavedb:00000013-a-1#4044,p.Ser10Gly,1.03922311490644,0.1585079524918209,8.0,0.0560410240394809,0.929384726132317,1.14906150368057,1.0,4.0,missense,wt_like,10
urn:mavedb:00000013-a-1#4045,p.Val53Ser,0.469903424082519,0.0358043599533605,8.0,0.0126587528595326,0.445092724388642,0.494714123776396,0.0,1.0,missense,low,53
urn:mavedb:00000013-a-1#4046,p.Val53Thr,0.688259555116681,0.0754676947525369,8.0,0.0266818593600176,0.6359640717304829,0.740555038502878,0.0,2.0,missense,possibly_low,53
urn:mavedb:00000013-a-1#4047,p.Val53=,0.915415699496338,0.273311860024778,8.0,0.0966303348011146,0.726023723472106,1.10480767552057,0.0,4.0,synonymous,wt_like,53
urn:mavedb:00000013-a-1#4048,p.Val53Ter,-0.0495635770697267,0.0919963200911473,8.0,0.0325256108903292,-0.113312602989936,0.0141854488504824,0.0,1.0,nonsense,low,53
urn:mavedb:00000013-a-1#4049,p.Val54Ala,0.837466980506919,0.253966944096124,8.0,0.0897908741837972,0.66148010096631,1.01345386004753,1.0,3.0,missense,possibly_wt_like,54
urn:mavedb:00000013-a-1#4050,p.Val54Cys,0.9849879282573628,0.136719847830193,6.0,0.0558156441491558,0.875591275951113,1.09438458056361,0.0,4.0,missense,wt_like,54
urn:mavedb:00000013-a-1#4051,p.Val54Asp,0.353537416157964,0.133079858705158,7.0,0.0502994586636373,0.254952288735374,0.452122543580554,0.0,1.0,missense,low,54
urn:mavedb:00000013-a-1#4052,p.Val54Glu,0.6715677931034909,0.100479590679058,8.0,0.0355248999700054,0.601940268607893,0.7411953175990901,1.0,2.0,missense,possibly_low,54
urn:mavedb:00000013-a-1#4053,p.Val54Phe,0.747558725639434,0.194760103479619,8.0,0.0688580949375159,0.612599339517862,0.882518111761005,0.0,3.0,missense,possibly_wt_like,54
urn:mavedb:00000013-a-1#4054,p.Val54Gly,0.6339718573476899,0.1016142501299,8.0,0.0359260626660192,0.563558068415963,0.704385646279417,1.0,1.0,missense,low,54
urn:mavedb:00000013-a-1#4055,p.Ser10His,1.1734877194882098,0.124251348373464,6.0,0.0507254005612966,1.0740677612867,1.27290767768972,0.0,4.0,missense,wt_like,10
urn:mavedb:00000013-a-1#4056,p.Val54His,0.8125667707839441,0.156277394721563,5.0,0.0698893755887962,0.675586111727911,0.949547429839977,0.0,3.0,missense,possibly_wt_like,54
urn:mavedb:00000013-a-1#4057,p.Val54Ile,0.98331242604272,0.255751200919978,8.0,0.0904217042335597,0.8060891423242099,1.16053570976123,1.0,4.0,missense,wt_like,54
urn:mavedb:00000013-a-1#4058,p.Val54Lys,1.00288552835074,0.1543649049337609,7.0,0.0583444499444084,0.888532507761897,1.11723854893958,0.0,4.0,missense,wt_like,54
urn:mavedb:00000013-a-1#4059,p.Val54Leu,0.940065117237039,0.254545052677045,8.0,0.0899952664327128,0.763677636249836,1.11645259822424,1.0,4.0,missense,wt_like,54
urn:mavedb:00000013-a-1#4060,p.Val54Met,0.7672077805697339,0.284976874055747,3.0,0.164531474948903,0.4447320153466289,1.08968354579284,0.0,3.0,missense,possibly_wt_like,54
urn:mavedb:00000013-a-1#4061,p.Val54Asn,0.567484472187057,0.114529222976338,8.0,0.0404921951052973,0.4881212281257051,0.646847716248408,0.0,1.0,missense,low,54
urn:mavedb:00000013-a-1#4062,p.Val54Pro,0.5330338866824579,0.3110789551300589,6.0,0.126997451631131,0.284123455357073,0.781944318007842,0.0,2.0,missense,possibly_low,54
urn:mavedb:00000013-a-1#4063,p.Val54Gln,0.8409131770260381,0.346427710502314,7.0,0.1309373670358,0.584280653405368,1.09754570064671,0.0,3.0,missense,possibly_wt_like,54
urn:mavedb:00000013-a-1#4064,p.Val54Arg,0.6430375648414319,0.220475538840934,8.0,0.0779498743000912,0.490258618613829,0.7958165110690351,0.0,2.0,missense,possibly_low,54
urn:mavedb:00000013-a-1#4065,p.Val54Ser,0.8118179204034859,0.175835404289866,8.0,0.0621672033730211,0.689972440772788,0.933663400034184,0.0,3.0,missense,possibly_wt_like,54
urn:mavedb:00000013-a-1#4066,p.Ser10Leu,0.921699530677072,0.105689518014056,8.0,0.0373668874440386,0.8484617770723951,0.99493728428175,0.0,4.0,missense,wt_like,10
urn:mavedb:00000013-a-1#4067,p.Val54Thr,0.4991753842987801,0.312040556285279,8.0,0.1103229966772719,0.282946284144796,0.7154044844527649,0.0,2.0,missense,possibly_low,54
urn:mavedb:00000013-a-1#4068,p.Val54=,1.04517324783863,0.0928277334994153,7.0,0.0350855853727475,0.976406764131542,1.11393973154572,0.0,4.0,synonymous,wt_like,54
urn:mavedb:00000013-a-1#4069,p.Val54Trp,0.5561966459633929,0.236534822970946,7.0,0.0894017597125444,0.380972416772303,0.7314208751544841,0.0,2.0,missense,possibly_low,54
urn:mavedb:00000013-a-1#4070,p.Val54Ter,0.0342421480949164,0.183274685990103,8.0,0.0647973866417186,-0.0927583960151687,0.1612426922050019,0.0,1.0,nonsense,low,54
urn:mavedb:00000013-a-1#4071,p.Val54Tyr,0.6337675072178349,0.250722087062205,7.0,0.0947640415082397,0.4480333988322261,0.8195016156034429,0.0,2.0,missense,possibly_low,54
urn:mavedb:00000013-a-1#4072,p.Arg55Ala,0.932598120233808,0.293133602108562,7.0,0.110794087442259,0.715445699146999,1.1497505413206202,0.0,4.0,missense,wt_like,55
urn:mavedb:00000013-a-1#4073,p.Arg55Glu,0.9236992163219,0.151100418861536,6.0,0.0616864876885959,0.802795922119478,1.04460251052432,0.0,4.0,missense,wt_like,55
urn:mavedb:00000013-a-1#4074,p.Arg55Phe,0.1751985146018869,0.382497191652815,2.0,0.270466358002516,-0.3549058061127609,0.705302835316535,0.0,1.0,missense,low,55
urn:mavedb:00000013-a-1#4075,p.Arg55Gly,0.779239240093485,0.0881009989201127,8.0,0.0311484068828602,0.71818948442728,0.8402889957596908,1.0,4.0,missense,wt_like,55
urn:mavedb:00000013-a-1#4076,p.Arg55His,0.896960662201869,0.221875010741551,7.0,0.0838608715088468,0.7325963743323879,1.06132495007135,0.0,4.0,missense,wt_like,55
urn:mavedb:00000013-a-1#4077,p.Thr2Asn,1.07298762291838,0.236144120378617,5.0,0.105606861130696,0.8660019785818879,1.27997326725486,0.0,4.0,missense,wt_like,2
urn:mavedb:00000013-a-1#4078,p.Ser10Pro,1.01837664256298,0.191451965142633,4.0,0.0957259825713164,0.830757164338496,1.20599612078747,0.0,4.0,missense,wt_like,10
urn:mavedb:00000013-a-1#4079,p.Arg55Ile,0.269514288306709,0.165250167751436,8.0,0.0584247571046274,0.155003868576138,0.384024708037279,0.0,1.0,missense,low,55
urn:mavedb:00000013-a-1#4080,p.Arg55Lys,0.863712811462477,0.0348679994036157,2.0,0.0246553988247052,0.8153891177415841,0.91203650518337,1.0,4.0,missense,wt_like,55
urn:mavedb:00000013-a-1#4081,p.Arg55Leu,0.568262237416401,0.2466576292551369,7.0,0.0932278208551232,0.3855390661832079,0.750985408649595,0.0,2.0,missense,possibly_low,55
urn:mavedb:00000013-a-1#4082,p.Arg55Met,0.660005490686043,0.188732330225115,6.0,0.0770496511696643,0.508990949372127,0.81102003199996,1.0,2.0,missense,possibly_low,55
urn:mavedb:00000013-a-1#4083,p.Arg55Pro,0.386964643700489,0.119462523636613,8.0,0.0422363802805535,0.3041828595132669,0.469746427887712,0.0,1.0,missense,low,55
urn:mavedb:00000013-a-1#4084,p.Arg55Gln,0.7907746376200899,0.3391931700057249,4.0,0.169596585002863,0.4583714391134939,1.12317783612669,0.0,3.0,missense,possibly_wt_like,55
urn:mavedb:00000013-a-1#4085,p.Arg55=,1.08405577895119,0.108081714144754,2.0,0.0764253129940217,0.9342649179757072,1.23384663992667,0.0,4.0,synonymous,wt_like,55
urn:mavedb:00000013-a-1#4086,p.Arg55Ser,0.871990701486938,0.153664275062653,8.0,0.0543285254614586,0.7655087482493108,0.978472654724564,1.0,4.0,missense,wt_like,55
urn:mavedb:00000013-a-1#4087,p.Arg55Thr,0.8566257466259509,0.239647721960308,6.0,0.0978357728038551,0.664871155530752,1.04838033772115,1.0,3.0,missense,possibly_wt_like,55
urn:mavedb:00000013-a-1#4088,p.Arg55Val,0.378581898794198,0.0654385692355871,8.0,0.0231360280288145,0.333236117112413,0.423927680475984,0.0,1.0,missense,low,55
urn:mavedb:00000013-a-1#4089,p.Ser10Arg,0.886130542932542,0.197915910767086,7.0,0.074805182913223,0.7395150785656941,1.03274600729939,1.0,4.0,missense,wt_like,10
urn:mavedb:00000013-a-1#4090,p.Arg55Trp,0.261286021411642,0.199985043587282,8.0,0.0707053902282271,0.122706003051467,0.399866039771817,1.0,1.0,missense,low,55
urn:mavedb:00000013-a-1#4091,p.Arg55Tyr,0.486127254413011,0.202015838653523,8.0,0.0714233847094969,0.346139992728449,0.626114516097574,0.0,1.0,missense,low,55
urn:mavedb:00000013-a-1#4092,p.Phe56Ala,0.7279674931855892,0.3747377665970039,7.0,0.141637562468492,0.4503629718893039,1.0055720144818698,0.0,3.0,missense,possibly_wt_like,56
urn:mavedb:00000013-a-1#4093,p.Phe56Cys,0.532925127708923,0.133738205583739,5.0,0.0598095437748165,0.4157005759785109,0.650149679439335,1.0,1.0,missense,low,56
urn:mavedb:00000013-a-1#4094,p.Phe56Asp,0.2557221539316969,0.1738645374285209,7.0,0.0657146182641639,0.126923868876138,0.3845204389872561,0.0,1.0,missense,low,56
urn:mavedb:00000013-a-1#4095,p.Phe56Glu,1.00318888973507,0.3279582961169339,2.0,0.23190153513067,0.5486702329194121,1.45770754655074,0.0,3.0,missense,possibly_wt_like,56
urn:mavedb:00000013-a-1#4096,p.Phe56Gly,0.247631566979093,0.0728172652832526,8.0,0.0257447910346238,0.19717270376172,0.298090430196465,0.0,1.0,missense,low,56
urn:mavedb:00000013-a-1#4097,p.Phe56Ile,0.550791887450069,0.220476212136794,8.0,0.0779501123461254,0.3980124746608129,0.703571300239326,1.0,1.0,missense,low,56
urn:mavedb:00000013-a-1#4098,p.Phe56Lys,0.510325544941134,0.2175205176532469,7.0,0.0822150278235039,0.349187051419108,0.67146403846316,0.0,1.0,missense,low,56
urn:mavedb:00000013-a-1#4099,p.Phe56Leu,0.8144334880371809,0.147963467911029,8.0,0.0523129857638832,0.7119019200162141,0.916965056058149,1.0,4.0,missense,wt_like,56
urn:mavedb:00000013-a-1#4100,p.Ser10Thr,1.1784773925171002,0.289671401716307,5.0,0.1295449890750619,0.924573879552338,1.4323809054818502,1.0,4.0,missense,wt_like,10
urn:mavedb:00000013-a-1#4101,p.Phe56Met,0.666811234978715,0.100365038278128,7.0,0.0379344188013436,0.592461140353623,0.741161329603807,0.0,2.0,missense,possibly_low,56
urn:mavedb:00000013-a-1#4102,p.Phe56Asn,0.451649531966239,0.365091410675818,7.0,0.137991582636281,0.181190999829445,0.7221080641030321,0.0,2.0,missense,possibly_low,56
urn:mavedb:00000013-a-1#4103,p.Phe56Gln,0.242971289802846,0.341445302534244,5.0,0.15269898141291,-0.0563132142424093,0.5422557938481,0.0,1.0,missense,low,56
urn:mavedb:00000013-a-1#4104,p.Phe56Arg,0.388319361494743,0.141486973593012,5.0,0.0632748981769385,0.264302839942504,0.512335883046981,0.0,1.0,missense,low,56
urn:mavedb:00000013-a-1#4105,p.Phe56Ser,0.338433545635924,0.0795686443566165,3.0,0.0459389782383462,0.248394802802196,0.428472288469652,1.0,1.0,missense,low,56
urn:mavedb:00000013-a-1#4106,p.Phe56Val,0.61434594528958,0.208828374999802,8.0,0.0738319800332636,0.469637923517103,0.759053967062058,1.0,2.0,missense,possibly_low,56
urn:mavedb:00000013-a-1#4107,p.Phe56Trp,0.604322166920055,0.186324048250004,4.0,0.0931620241250022,0.4217279549081989,0.7869163789319108,0.0,2.0,missense,possibly_low,56
urn:mavedb:00000013-a-1#4108,p.Phe56Tyr,0.992851269202128,0.337478371480974,7.0,0.127554834828819,0.7428483868836879,1.24285415152057,1.0,4.0,missense,wt_like,56
urn:mavedb:00000013-a-1#4109,p.Leu57Ala,0.190783106320341,0.223267520370155,8.0,0.0789369888362211,0.036069451153307,0.345496761487374,0.0,1.0,missense,low,57
urn:mavedb:00000013-a-1#4110,p.Leu57Cys,0.368016297054055,0.2966506497317689,6.0,0.121107120617989,0.130650702371449,0.605381891736661,0.0,1.0,missense,low,57
urn:mavedb:00000013-a-1#4111,p.Ser10Val,0.7517016042195479,0.655846163947866,4.0,0.327923081973933,0.108984173851264,1.39441903458783,0.0,3.0,missense,possibly_wt_like,10
urn:mavedb:00000013-a-1#4112,p.Leu57Glu,0.195574611703541,0.126211688220226,5.0,0.0564435828830869,0.0849472220942895,0.3062020013127931,0.0,1.0,missense,low,57
urn:mavedb:00000013-a-1#4113,p.Leu57Gly,0.193016685314195,0.0917686907989956,8.0,0.0324451317822906,0.12942539554725,0.256607975081141,0.0,1.0,missense,low,57
urn:mavedb:00000013-a-1#4114,p.Leu57Ile,0.328029717997744,0.327359621532222,4.0,0.163679810766111,0.007223183899835,0.648836252095653,0.0,1.0,missense,low,57
urn:mavedb:00000013-a-1#4115,p.Leu57Lys,0.178881768652197,0.141235790161436,8.0,0.0499343924846958,0.0810121577923062,0.276751379512089,0.0,1.0,missense,low,57
urn:mavedb:00000013-a-1#4116,p.Leu57=,1.09145347970546,0.12121572539139,8.0,0.0428562307053491,1.00745681100984,1.17545014840109,0.0,4.0,synonymous,wt_like,57
urn:mavedb:00000013-a-1#4117,p.Leu57Met,0.8181174262835541,0.306322003924465,2.0,0.216602366201642,0.39358458956218,1.24265026300493,1.0,3.0,missense,possibly_wt_like,57
urn:mavedb:00000013-a-1#4118,p.Leu57Asn,0.195549749765955,0.137044657481213,8.0,0.0484526033151767,0.100584392311003,0.290515107220908,0.0,1.0,missense,low,57
urn:mavedb:00000013-a-1#4119,p.Leu57Pro,0.276809990483964,0.180822794791272,6.0,0.0738205968504346,0.1321242793398609,0.421495701628067,0.0,1.0,missense,low,57
urn:mavedb:00000013-a-1#4120,p.Leu57Gln,0.3711694184809729,0.109532902287897,2.0,0.0774514579708158,0.2193673503080569,0.52297148665389,0.0,1.0,missense,low,57
urn:mavedb:00000013-a-1#4121,p.Leu57Arg,0.213797439996791,0.175661583791814,8.0,0.0621057485465803,0.0920724096125924,0.335522470380989,0.0,1.0,missense,low,57
urn:mavedb:00000013-a-1#4122,p.Arg11Ala,1.08106232722701,0.196443290640113,8.0,0.0694531914651117,0.9449365733440268,1.21718808110999,0.0,4.0,missense,wt_like,11
urn:mavedb:00000013-a-1#4123,p.Leu57Ser,0.239096771141433,0.253174634686246,6.0,0.103358111799473,0.0365185945044015,0.441674947778465,1.0,1.0,missense,low,57
urn:mavedb:00000013-a-1#4124,p.Leu57Thr,0.6073228643615319,0.571658461331681,3.0,0.330047166534373,-0.0395576952453335,1.2542034239684,0.0,2.0,missense,possibly_low,57
urn:mavedb:00000013-a-1#4125,p.Leu57Val,0.310628146568529,0.0972732647701474,8.0,0.0343912925735629,0.243222451742566,0.378033841394492,1.0,1.0,missense,low,57
urn:mavedb:00000013-a-1#4126,p.Leu57Trp,0.1732953450547259,0.197318168644228,8.0,0.0697625075498222,0.0365633427858707,0.310027347323581,1.0,1.0,missense,low,57
urn:mavedb:00000013-a-1#4127,p.Asp58Ala,0.5786519799640799,0.0901316955236128,8.0,0.0318663665522939,0.516195049203432,0.6411089107247281,1.0,1.0,missense,low,58
urn:mavedb:00000013-a-1#4128,p.Asp58Cys,0.482495866037803,0.189293784782447,2.0,0.1338509188561349,0.220152885782185,0.744838846293422,0.0,2.0,missense,possibly_low,58
urn:mavedb:00000013-a-1#4129,p.Asp58Glu,0.997160121529623,0.2890579925332769,8.0,0.102197433338225,0.796856832874268,1.19746341018498,1.0,4.0,missense,wt_like,58
urn:mavedb:00000013-a-1#4130,p.Asp58Gly,0.575717098482727,0.0667647116527379,8.0,0.0236048901768078,0.529452363877161,0.621981833088294,1.0,1.0,missense,low,58
urn:mavedb:00000013-a-1#4131,p.Asp58His,0.7349199211497629,0.191971378083704,6.0,0.0783719869206639,0.581313649388418,0.888526192911109,1.0,3.0,missense,possibly_wt_like,58
urn:mavedb:00000013-a-1#4132,p.Asp58Ile,0.230266000450678,0.0509467765302785,3.0,0.0294141351441,0.172615354931848,0.287916645969508,0.0,1.0,missense,low,58
urn:mavedb:00000013-a-1#4133,p.Arg11Cys,0.9587733248754408,0.451365925587381,6.0,0.184269367494688,0.5976120011318778,1.319934648619,0.0,3.0,missense,possibly_wt_like,11
urn:mavedb:00000013-a-1#4134,p.Asp58Lys,0.517332181672094,0.159968591843583,8.0,0.0565574380347304,0.4064816400661671,0.6281827232780219,0.0,1.0,missense,low,58
urn:mavedb:00000013-a-1#4135,p.Asp58Pro,0.459695187601921,0.240754718991547,8.0,0.0851196472007923,0.292863744711612,0.626526630492229,0.0,1.0,missense,low,58
urn:mavedb:00000013-a-1#4136,p.Asp58Arg,0.4494604360001041,0.0827446904256412,8.0,0.0292546658535763,0.392122344547341,0.506798527452867,0.0,1.0,missense,low,58
urn:mavedb:00000013-a-1#4137,p.Asp58Ser,0.852985110677207,0.401759393426729,5.0,0.1796722628602499,0.500833946450304,1.20513627490411,0.0,3.0,missense,possibly_wt_like,58
urn:mavedb:00000013-a-1#4138,p.Asp58Thr,0.554198667326702,0.23321945770696,3.0,0.1346493166873719,0.290290856076525,0.818106478576879,0.0,2.0,missense,possibly_low,58
urn:mavedb:00000013-a-1#4139,p.Asp58Val,0.3280641047379929,0.169874222000623,8.0,0.0600596071627148,0.210349437773448,0.445778771702538,1.0,1.0,missense,low,58
urn:mavedb:00000013-a-1#4140,p.Asp58Trp,0.307019034273458,0.267495045564621,5.0,0.119627421105379,0.0725535973435079,0.5414844712034079,0.0,1.0,missense,low,58
urn:mavedb:00000013-a-1#4141,p.Asp58Ter,-0.0902234587857366,0.0680591666302392,4.0,0.0340295833151196,-0.156920216492276,-0.0235267010791971,0.0,1.0,nonsense,low,58
urn:mavedb:00000013-a-1#4142,p.Asp58Tyr,0.5373442686323899,0.0627221382339325,2.0,0.0443512492757337,0.450417417382594,0.6242711198821861,1.0,1.0,missense,low,58
urn:mavedb:00000013-a-1#4143,p.Ser59Ala,0.7164709498945041,0.330169335431038,8.0,0.116732488011571,0.4876794775660711,0.945262422222938,1.0,3.0,missense,possibly_wt_like,59
urn:mavedb:00000013-a-1#4144,p.Arg11Glu,0.988518721063336,0.265716677931082,8.0,0.0939450324197149,0.804389840994247,1.1726476011324198,0.0,4.0,missense,wt_like,11
urn:mavedb:00000013-a-1#4145,p.Ser59Cys,0.5398559353360121,0.188632015585611,5.0,0.0843588019164454,0.374515721800831,0.7051961488711941,0.0,1.0,missense,low,59
urn:mavedb:00000013-a-1#4146,p.Ser59Asp,0.963486550108858,0.209306649296407,7.0,0.0791104773986436,0.8084328636077459,1.11854023660997,0.0,4.0,missense,wt_like,59
urn:mavedb:00000013-a-1#4147,p.Ser59Glu,0.9977303929509972,0.197467957517202,8.0,0.0698154659137354,0.8608945941961921,1.1345661917058,0.0,4.0,missense,wt_like,59
urn:mavedb:00000013-a-1#4148,p.Ser59Gly,0.915779905823813,0.0995649900831073,8.0,0.0352015398282683,0.8467861555600551,0.984773656087571,0.0,4.0,missense,wt_like,59
urn:mavedb:00000013-a-1#4149,p.Ser59His,0.7490682408790359,0.352987376994742,8.0,0.124799883973117,0.504464963016948,0.9936715187411228,0.0,3.0,missense,possibly_wt_like,59
urn:mavedb:00000013-a-1#4150,p.Ser59Ile,0.8259401028789691,0.126785254460476,6.0,0.0517598633895153,0.7244926347908058,0.9273875709671328,0.0,4.0,missense,wt_like,59
urn:mavedb:00000013-a-1#4151,p.Ser59Leu,0.828132865757633,0.1236472133490969,8.0,0.0437158915169831,0.742451292832286,0.91381443868298,1.0,4.0,missense,wt_like,59
urn:mavedb:00000013-a-1#4152,p.Ser59Met,0.9663955530576592,0.20360150613794,8.0,0.071984002824966,0.825309500057696,1.10748160605762,0.0,4.0,missense,wt_like,59
urn:mavedb:00000013-a-1#4153,p.Ser59Asn,1.02002876652595,0.111042319640572,5.0,0.0496596350191156,0.9226976704030828,1.11735986264882,0.0,4.0,missense,wt_like,59
urn:mavedb:00000013-a-1#4154,p.Ser59Pro,0.216865877848976,0.12097407937705,7.0,0.0457239041595229,0.127248672463749,0.306483083234202,1.0,1.0,missense,low,59
urn:mavedb:00000013-a-1#4155,p.Arg11Phe,0.979032041983524,0.287115235848068,6.0,0.117214304201102,0.7492962272764421,1.2087678566906102,0.0,4.0,missense,wt_like,11
urn:mavedb:00000013-a-1#4156,p.Ser59Gln,0.9954985767431028,0.316062063011936,8.0,0.111744814015775,0.776482765813058,1.21451438767315,0.0,4.0,missense,wt_like,59
urn:mavedb:00000013-a-1#4157,p.Ser59Arg,0.9028020468475408,0.134938665404109,8.0,0.0477080226757539,0.8092960406294429,0.996308053065639,0.0,4.0,missense,wt_like,59
urn:mavedb:00000013-a-1#4158,p.Ser59=,0.913986608173188,0.138048194111227,8.0,0.0488074070933028,0.818325848091529,1.00964736825485,0.0,4.0,synonymous,wt_like,59
urn:mavedb:00000013-a-1#4159,p.Ser59Val,1.01280361392165,0.0705930269061158,8.0,0.0249584040148994,0.963886040940851,1.06172118690246,0.0,4.0,missense,wt_like,59
urn:mavedb:00000013-a-1#4160,p.Ser59Trp,0.750296934110938,0.337972891854443,8.0,0.119491461843752,0.5160979724371421,0.984495895784735,0.0,3.0,missense,possibly_wt_like,59
urn:mavedb:00000013-a-1#4161,p.Ser59Ter,0.048052543325257,0.268072774494227,8.0,0.0947780383481801,-0.1377089983625319,0.233814085013046,1.0,1.0,nonsense,low,59
urn:mavedb:00000013-a-1#4162,p.Ser59Tyr,1.04798095193341,0.24340960062099,5.0,0.108856082672922,0.834626950396373,1.26133495347046,0.0,4.0,missense,wt_like,59
urn:mavedb:00000013-a-1#4163,p.Lys60Ala,0.659104271063877,0.153062045598661,7.0,0.0578520154024123,0.5457164044420929,0.772492137685662,0.0,2.0,missense,possibly_low,60
urn:mavedb:00000013-a-1#4164,p.Lys60Cys,0.585319806441437,0.110582928085935,8.0,0.0390969691665144,0.508691154970396,0.6619484579124789,0.0,1.0,missense,low,60
urn:mavedb:00000013-a-1#4165,p.Lys60Glu,0.717377300747363,0.207649385464355,8.0,0.0734151442855323,0.573486262027908,0.8612683394668171,1.0,3.0,missense,possibly_wt_like,60
urn:mavedb:00000013-a-1#4166,p.Arg11Gly,1.1130636326121102,0.099682882256683,8.0,0.0352432210059604,1.04398818874124,1.18213907648297,1.0,4.0,missense,wt_like,11
urn:mavedb:00000013-a-1#4167,p.Lys60Gly,0.3680948688402271,0.11204329333894,8.0,0.039613286253219,0.290454254474642,0.445735483205812,0.0,1.0,missense,low,60
urn:mavedb:00000013-a-1#4168,p.Lys60Ile,0.594237437770803,0.156892727696977,7.0,0.0592998771429679,0.478011814282936,0.7104630612586701,0.0,2.0,missense,possibly_low,60
urn:mavedb:00000013-a-1#4169,p.Lys60=,1.02984646975677,0.0616942777122945,3.0,0.0356192078446528,0.960034105223402,1.09965883429013,0.0,4.0,synonymous,wt_like,60
urn:mavedb:00000013-a-1#4170,p.Lys60Leu,0.4947414202825871,0.1687261000036719,8.0,0.0596536847378781,0.37782234665124,0.6116604939139351,0.0,1.0,missense,low,60
urn:mavedb:00000013-a-1#4171,p.Lys60Met,0.6570907712273449,0.048426747795118,2.0,0.0342428817567386,0.589975956257274,0.7242055861974159,1.0,2.0,missense,possibly_low,60
urn:mavedb:00000013-a-1#4172,p.Lys60Pro,0.539836000276453,0.0917897126830779,4.0,0.0458948563415389,0.4498837347713969,0.629788265781509,0.0,1.0,missense,low,60
urn:mavedb:00000013-a-1#4173,p.Lys60Arg,1.06765187334931,0.171472766253049,8.0,0.0606247779031732,0.948829492088348,1.18647425461027,1.0,4.0,missense,wt_like,60
urn:mavedb:00000013-a-1#4174,p.Lys60Ser,0.704105723351398,0.296935125778133,3.0,0.171435574799861,0.3680981710747489,1.0401132756280502,0.0,2.0,missense,possibly_low,60
urn:mavedb:00000013-a-1#4175,p.Lys60Thr,0.684313944581225,0.248532757859371,7.0,0.0939365528498471,0.500201684163682,0.868426204998769,1.0,2.0,missense,possibly_low,60
urn:mavedb:00000013-a-1#4176,p.Lys60Val,0.5928606026407671,0.172477300871367,6.0,0.0704135632245571,0.4548525546975011,0.7308686505840329,0.0,2.0,missense,possibly_low,60
urn:mavedb:00000013-a-1#4177,p.Arg11His,1.22264894303896,0.166036931871479,5.0,0.0742539732880257,1.07711382968543,1.36818405639249,0.0,4.0,missense,wt_like,11
urn:mavedb:00000013-a-1#4178,p.Lys60Tyr,1.21428372107204,0.056657421000827,3.0,0.0327111772664174,1.15017099173796,1.27839645040612,0.0,4.0,missense,wt_like,60
urn:mavedb:00000013-a-1#4179,p.His61Ala,0.3795720894569689,0.134357532752622,8.0,0.0475025612564363,0.286468780220946,0.472675398692992,0.0,1.0,missense,low,61
urn:mavedb:00000013-a-1#4180,p.His61Cys,0.5340343826444339,0.241020405193623,4.0,0.120510202596812,0.297838725785057,0.7702300395038101,0.0,2.0,missense,possibly_low,61
urn:mavedb:00000013-a-1#4181,p.His61Asp,0.234913538998994,0.220204320954776,7.0,0.0832294101240265,0.0717868927013883,0.3980401852965989,1.0,1.0,missense,low,61
urn:mavedb:00000013-a-1#4182,p.His61Glu,0.361335148320685,0.201342544207151,6.0,0.0821977494702143,0.2002305197488189,0.522439776892552,0.0,1.0,missense,low,61
urn:mavedb:00000013-a-1#4183,p.His61Phe,0.934803029296037,0.0566582561228998,3.0,0.0327116594243709,0.870689354949729,0.9989167036423442,0.0,4.0,missense,wt_like,61
urn:mavedb:00000013-a-1#4184,p.His61Gly,0.3501221435388449,0.112751870086012,8.0,0.0398638059646418,0.271990519561454,0.428253767516236,0.0,1.0,missense,low,61
urn:mavedb:00000013-a-1#4185,p.His61Ile,0.606646811456824,0.227259840337533,6.0,0.0927784413088881,0.42480440794964,0.7884892149640079,0.0,2.0,missense,possibly_low,61
urn:mavedb:00000013-a-1#4186,p.His61Lys,0.135623261992128,0.209296126673544,7.0,0.0791065002210384,-0.0194226293841174,0.290669153368373,0.0,1.0,missense,low,61
urn:mavedb:00000013-a-1#4187,p.His61Leu,0.654594345166546,0.0493468421999376,8.0,0.0174467433748592,0.6203993565043101,0.6887893338287829,1.0,1.0,missense,low,61
urn:mavedb:00000013-a-1#4188,p.Thr2Pro,0.84330989455836,0.521813378860969,6.0,0.213029419861163,0.425779903983019,1.2608398851337,1.0,3.0,missense,possibly_wt_like,2
urn:mavedb:00000013-a-1#4189,p.Arg11Ile,1.04163539773415,0.188156184098901,8.0,0.0665232568492586,0.9112522101752908,1.172018585293,1.0,4.0,missense,wt_like,11
urn:mavedb:00000013-a-1#4190,p.His61Met,0.5064490195995329,0.22022883646997,4.0,0.110114418234985,0.290628725680382,0.7222693135186841,0.0,2.0,missense,possibly_low,61
urn:mavedb:00000013-a-1#4191,p.His61Asn,0.2840732747472709,0.0703896711175253,4.0,0.0351948355587627,0.215092664610286,0.353053884884255,1.0,1.0,missense,low,61
urn:mavedb:00000013-a-1#4192,p.His61Pro,0.424473844148485,0.262821254414713,8.0,0.0929213456182993,0.24235135334162,0.606596334955351,1.0,1.0,missense,low,61
urn:mavedb:00000013-a-1#4193,p.His61Gln,0.3140349431848889,0.180177562521314,8.0,0.0637023881382422,0.189180556704743,0.438889329665035,1.0,1.0,missense,low,61
urn:mavedb:00000013-a-1#4194,p.His61Arg,0.191643755363924,0.0812825276668351,8.0,0.0287377132526011,0.135318872390787,0.2479686383370619,1.0,1.0,missense,low,61
urn:mavedb:00000013-a-1#4195,p.His61Ser,0.3310223802733581,0.0981529677979145,8.0,0.0347023145617451,0.263007093552158,0.399037666994558,0.0,1.0,missense,low,61
urn:mavedb:00000013-a-1#4196,p.His61Thr,0.346843271956164,0.107744592531202,4.0,0.0538722962656012,0.241255511511114,0.452431032401214,0.0,1.0,missense,low,61
urn:mavedb:00000013-a-1#4197,p.His61Val,0.4153372824675471,0.0961300690719809,8.0,0.0339871118583644,0.348723767286618,0.4819507976484749,0.0,1.0,missense,low,61
urn:mavedb:00000013-a-1#4198,p.His61Trp,0.533423408498423,0.169735749215059,8.0,0.0600106496398736,0.415804696515419,0.6510421204814271,0.0,1.0,missense,low,61
urn:mavedb:00000013-a-1#4199,p.His61Ter,0.0951611660305823,0.186850595765621,7.0,0.0706228869600131,-0.0432571488952867,0.233579480956451,0.0,1.0,nonsense,low,61
urn:mavedb:00000013-a-1#4200,p.Arg11Lys,1.01207032250173,0.25916620205557,8.0,0.0916290894639283,0.8324806072162328,1.19166003778723,1.0,4.0,missense,wt_like,11
urn:mavedb:00000013-a-1#4201,p.His61Tyr,0.799641188395671,0.326708483064667,5.0,0.1461084753916869,0.513273838791909,1.08600853799943,1.0,3.0,missense,possibly_wt_like,61
urn:mavedb:00000013-a-1#4202,p.Lys62Ala,0.824727457976479,0.451411742550706,8.0,0.15959815213242,0.511920827797791,1.13753408815517,0.0,3.0,missense,possibly_wt_like,62
urn:mavedb:00000013-a-1#4203,p.Lys62Cys,0.6862021040007271,0.492016590285312,5.0,0.220036508387124,0.254938472278018,1.11746573572344,0.0,2.0,missense,possibly_low,62
urn:mavedb:00000013-a-1#4204,p.Lys62Asp,0.726772920803397,0.194552702244199,5.0,0.0870066134848608,0.556243091956273,0.8973027496505209,0.0,3.0,missense,possibly_wt_like,62
urn:mavedb:00000013-a-1#4205,p.Lys62Glu,1.01618781590768,0.213439637948756,7.0,0.0806726002765819,0.8580724248263879,1.17430320698898,1.0,4.0,missense,wt_like,62
urn:mavedb:00000013-a-1#4206,p.Lys62Phe,1.06824276933902,0.187580190268853,3.0,0.108299473346364,0.855979702035495,1.28050583664255,0.0,4.0,missense,wt_like,62
urn:mavedb:00000013-a-1#4207,p.Lys62Gly,0.967625416053046,0.115561122006051,8.0,0.0408570265060024,0.887547115585883,1.04770371652021,0.0,4.0,missense,wt_like,62
urn:mavedb:00000013-a-1#4208,p.Lys62Ile,0.792470078801592,0.203584355002287,7.0,0.0769476534513629,0.641655449342051,0.943284708261132,1.0,3.0,missense,possibly_wt_like,62
urn:mavedb:00000013-a-1#4209,p.Lys62=,1.00992495502346,0.178666893186458,8.0,0.0631682858728383,0.886117389747567,1.13373252029935,0.0,4.0,synonymous,wt_like,62
urn:mavedb:00000013-a-1#4210,p.Lys62Leu,0.8966360592531469,0.161359741508199,8.0,0.0570492837154779,0.784821517827003,1.00845060067929,0.0,4.0,missense,wt_like,62
urn:mavedb:00000013-a-1#4211,p.Arg11Leu,1.10864139555294,0.0689036628423508,8.0,0.0243611236222089,1.06089447063049,1.1563883204754,0.0,4.0,missense,wt_like,11
urn:mavedb:00000013-a-1#4212,p.Lys62Met,0.873314915646007,0.165907791006615,6.0,0.0677315720530865,0.740563473805678,1.00606635748634,0.0,4.0,missense,wt_like,62
urn:mavedb:00000013-a-1#4213,p.Lys62Pro,0.8361331187564459,0.6571422638899029,3.0,0.379401262952716,0.0925203076801128,1.57974592983278,0.0,3.0,missense,possibly_wt_like,62
urn:mavedb:00000013-a-1#4214,p.Lys62Gln,0.8716287173074341,0.217927500876813,7.0,0.0823688530231227,0.7101887319342409,1.03306870268063,1.0,4.0,missense,wt_like,62
urn:mavedb:00000013-a-1#4215,p.Lys62Arg,0.8917443521914542,0.144273864761394,8.0,0.0510085140603864,0.7917695017281909,0.991719202654716,1.0,4.0,missense,wt_like,62
urn:mavedb:00000013-a-1#4216,p.Lys62Ser,0.909640872584478,0.131178366474967,8.0,0.0463785562397115,0.8187405726996779,1.00054117246928,0.0,4.0,missense,wt_like,62
urn:mavedb:00000013-a-1#4217,p.Lys62Thr,0.717651838705001,0.301038875739069,4.0,0.1505194378695339,0.422639161507499,1.0126645159025,1.0,3.0,missense,possibly_wt_like,62
urn:mavedb:00000013-a-1#4218,p.Lys62Val,0.664143043032682,0.146336348301431,8.0,0.0517377121090092,0.562738990656522,0.7655470954088409,0.0,2.0,missense,possibly_low,62
urn:mavedb:00000013-a-1#4219,p.Lys62Trp,0.626122217534878,0.23178129988712,8.0,0.0819470644512078,0.4655089225717279,0.786735512498028,0.0,2.0,missense,possibly_low,62
urn:mavedb:00000013-a-1#4220,p.Lys62Ter,-0.0160266457318655,0.0464482048196661,8.0,0.0164219203009638,-0.0482130180787417,0.0161597266150107,1.0,1.0,nonsense,low,62
urn:mavedb:00000013-a-1#4221,p.Lys62Tyr,0.977297179154475,0.1955006374197749,2.0,0.138239826445815,0.7063520980916099,1.2482422602173402,0.0,3.0,missense,possibly_wt_like,62
urn:mavedb:00000013-a-1#4222,p.Arg11Met,0.9362411678224252,0.173835504840655,5.0,0.0777416011453398,0.783870429477081,1.08861190616777,0.0,4.0,missense,wt_like,11
urn:mavedb:00000013-a-1#4223,p.Asn63Ala,0.8853684427879709,0.182815062395174,8.0,0.0646348851613346,0.7586863957268721,1.01205048984907,0.0,4.0,missense,wt_like,63
urn:mavedb:00000013-a-1#4224,p.Asn63Glu,0.886640771312899,0.135220279781348,8.0,0.0478075883936667,0.7929396198735981,0.980341922752201,0.0,4.0,missense,wt_like,63
urn:mavedb:00000013-a-1#4225,p.Asn63Gly,0.85815141668301,0.0948663291850401,8.0,0.0335403123365086,0.7924136124732291,0.9238892208927908,0.0,4.0,missense,wt_like,63
urn:mavedb:00000013-a-1#4226,p.Asn63Lys,0.682068800841588,0.245709465453377,6.0,0.100310469222131,0.485463893893898,0.8786737077892791,1.0,2.0,missense,possibly_low,63
urn:mavedb:00000013-a-1#4227,p.Asn63Leu,0.596241998556566,0.175906697793819,7.0,0.0664864823304341,0.465930887730156,0.7265531093829749,0.0,2.0,missense,possibly_low,63
urn:mavedb:00000013-a-1#4228,p.Asn63Met,0.7409370811390771,0.0801535578546331,8.0,0.0283385621476197,0.6853945199560921,0.7964796423220619,0.0,3.0,missense,possibly_wt_like,63
urn:mavedb:00000013-a-1#4229,p.Asn63Pro,0.5077851353402629,0.2287194571249189,8.0,0.0808645395611679,0.34929355017396,0.6662767205065669,0.0,1.0,missense,low,63
urn:mavedb:00000013-a-1#4230,p.Asn63Gln,0.750075743915782,0.284818091075912,8.0,0.100698401802192,0.552710503082741,0.947440984748822,0.0,3.0,missense,possibly_wt_like,63
urn:mavedb:00000013-a-1#4231,p.Asn63Arg,0.619065623090948,0.0857998618393622,8.0,0.030334832065741,0.559610444765025,0.678520801416871,0.0,1.0,missense,low,63
urn:mavedb:00000013-a-1#4232,p.Asn63Ser,1.32262796455206,0.0584091822182153,2.0,0.0413015288300608,1.2416784555387,1.4035774735654198,1.0,4.0,missense,wt_like,63
urn:mavedb:00000013-a-1#4233,p.Arg11Asn,0.75522575917336,0.458659254043081,6.0,0.187246856368518,0.38822866447272,1.122222853874,0.0,3.0,missense,possibly_wt_like,11
urn:mavedb:00000013-a-1#4234,p.Asn63Thr,0.6343647907467789,0.154744041718071,8.0,0.0547102806235311,0.527134611140579,0.74159497035298,1.0,2.0,missense,possibly_low,63
urn:mavedb:00000013-a-1#4235,p.Asn63Val,0.388670826433718,0.0842079002173396,8.0,0.0297719886365805,0.330318800957885,0.447022851909552,0.0,1.0,missense,low,63
urn:mavedb:00000013-a-1#4236,p.Asn63Trp,0.539060220900206,0.185345190626701,5.0,0.0828888891087919,0.37660098352844,0.7015194582719729,0.0,1.0,missense,low,63
urn:mavedb:00000013-a-1#4237,p.Asn63Ter,0.1554069312968719,0.427080310959402,7.0,0.161421184664387,-0.160972776987116,0.471786639580861,0.0,1.0,nonsense,low,63
urn:mavedb:00000013-a-1#4238,p.His64Ala,0.8995182246317379,0.197574841573519,8.0,0.0698532551342466,0.762608360365728,1.03642808889775,0.0,4.0,missense,wt_like,64
urn:mavedb:00000013-a-1#4239,p.His64Cys,0.780938620034114,0.322959058034435,8.0,0.114183269990884,0.557143523214968,1.00473371685326,0.0,3.0,missense,possibly_wt_like,64
urn:mavedb:00000013-a-1#4240,p.His64Asp,0.8988708323076608,0.196533670533917,4.0,0.0982668352669583,0.7062713743096921,1.09147029030563,1.0,3.0,missense,possibly_wt_like,64
urn:mavedb:00000013-a-1#4241,p.His64Glu,0.855557198322475,0.195698782957669,8.0,0.0691899682496609,0.719947352461669,0.99116704418328,0.0,4.0,missense,wt_like,64
urn:mavedb:00000013-a-1#4242,p.His64Phe,0.690330768764498,0.3978883265844269,7.0,0.1503876516740059,0.395576387763891,0.985085149765105,0.0,2.0,missense,possibly_low,64
urn:mavedb:00000013-a-1#4243,p.His64Gly,0.796733037549324,0.100352080241592,8.0,0.0354798182225032,0.7271938716551891,0.8662722034434581,0.0,4.0,missense,wt_like,64
urn:mavedb:00000013-a-1#4244,p.Arg11Pro,1.14227568022792,0.0891651336993845,8.0,0.0315246353421199,1.08048853033161,1.20406283012423,0.0,4.0,missense,wt_like,11
urn:mavedb:00000013-a-1#4245,p.His64Ile,0.447963788836848,0.255904972022932,4.0,0.127952486011466,0.1971815245220089,0.6987460531516871,0.0,1.0,missense,low,64
urn:mavedb:00000013-a-1#4246,p.His64Leu,0.7961125982230541,0.0950357668003055,8.0,0.0336002175798797,0.7302573818937801,0.861967814552328,1.0,4.0,missense,wt_like,64
urn:mavedb:00000013-a-1#4247,p.His64Pro,0.23277005980004,0.102723293326907,7.0,0.0388257554280766,0.15667297748845,0.308867142111631,1.0,1.0,missense,low,64
urn:mavedb:00000013-a-1#4248,p.His64Gln,0.800624358529984,0.0765056245924787,4.0,0.0382528122962393,0.725650224121984,0.8755984929379849,1.0,4.0,missense,wt_like,64
urn:mavedb:00000013-a-1#4249,p.His64Arg,0.930133751968355,0.1334432498724299,8.0,0.047179313444183,0.83766399680243,1.02260350713428,1.0,4.0,missense,wt_like,64
urn:mavedb:00000013-a-1#4250,p.His64Ser,0.90626358225332,0.146377928436587,8.0,0.0517524129067751,0.804830716842995,1.00769644766365,0.0,4.0,missense,wt_like,64
urn:mavedb:00000013-a-1#4251,p.His64Thr,0.8919099846530458,0.143661114379954,7.0,0.0542987973885377,0.7854862973676751,0.998333671938418,0.0,4.0,missense,wt_like,64
urn:mavedb:00000013-a-1#4252,p.His64Val,0.8188514322146,0.154412469800115,8.0,0.0545930522477121,0.711851016002971,0.925851848426229,0.0,4.0,missense,wt_like,64
urn:mavedb:00000013-a-1#4253,p.His64Trp,0.625093329362714,0.215028575808863,4.0,0.107514287904431,0.414369197246558,0.835817461478869,0.0,2.0,missense,possibly_low,64
urn:mavedb:00000013-a-1#4254,p.Tyr65Ala,0.543789290988961,0.137248123783994,8.0,0.0485245395163964,0.448682941170433,0.6388956408074878,0.0,1.0,missense,low,65
urn:mavedb:00000013-a-1#4255,p.Arg11Gln,1.09969075454665,0.221033374544037,6.0,0.090236497293062,0.9228304697612072,1.2765510393321002,0.0,4.0,missense,wt_like,11
urn:mavedb:00000013-a-1#4256,p.Tyr65Cys,0.8189206643866199,0.180196603320055,4.0,0.0900983016600277,0.64233123806474,0.9955100907084988,1.0,3.0,missense,possibly_wt_like,65
urn:mavedb:00000013-a-1#4257,p.Tyr65Glu,0.2483952367247869,0.242248073625291,8.0,0.0856476277949107,0.0805289708854708,0.416261502564104,0.0,1.0,missense,low,65
urn:mavedb:00000013-a-1#4258,p.Tyr65Phe,0.648680753111205,0.300039755763947,7.0,0.113404368169137,0.426412275810175,0.8709492304122349,1.0,2.0,missense,possibly_low,65
urn:mavedb:00000013-a-1#4259,p.Tyr65Gly,0.221039234805451,0.141721561537553,8.0,0.0501061386017752,0.1228330077415989,0.319245461869302,0.0,1.0,missense,low,65
urn:mavedb:00000013-a-1#4260,p.Tyr65His,0.565778114803962,0.0105812642767165,2.0,0.0074820837235932,0.551113500176406,0.5804427294315191,1.0,1.0,missense,low,65
urn:mavedb:00000013-a-1#4261,p.Tyr65Ile,0.724610627412328,0.230757924789587,7.0,0.087218297435799,0.55366590564526,0.895555349179396,0.0,3.0,missense,possibly_wt_like,65
urn:mavedb:00000013-a-1#4262,p.Tyr65Lys,0.0752019526279617,0.146290142317475,8.0,0.0517213758267157,-0.0261700812232616,0.176573986479185,0.0,1.0,missense,low,65
urn:mavedb:00000013-a-1#4263,p.Tyr65Leu,0.6103995925789539,0.115799429345599,8.0,0.0409412808739028,0.530156156585166,0.6906430285727421,0.0,1.0,missense,low,65
urn:mavedb:00000013-a-1#4264,p.Tyr65Met,0.624354778420474,0.173757457174584,5.0,0.0777066971679755,0.472052450613681,0.776657106227266,0.0,2.0,missense,possibly_low,65
urn:mavedb:00000013-a-1#4265,p.Tyr65Pro,0.221041733922451,0.135195846016935,8.0,0.0477989497534134,0.127357513906922,0.314725953937981,0.0,1.0,missense,low,65
urn:mavedb:00000013-a-1#4266,p.Arg11=,1.00550503402902,0.0960088058258642,8.0,0.0339442388265455,0.9389755484463672,1.07203451961168,0.0,4.0,synonymous,wt_like,11
urn:mavedb:00000013-a-1#4267,p.Tyr65Arg,0.175113017052149,0.0698662024065077,8.0,0.0247014327486967,0.126699098498165,0.223526935606132,0.0,1.0,missense,low,65
urn:mavedb:00000013-a-1#4268,p.Tyr65Ser,0.262513795499101,0.138071791699915,8.0,0.0488157501007933,0.166836683423238,0.3581909075749629,1.0,1.0,missense,low,65
urn:mavedb:00000013-a-1#4269,p.Tyr65Thr,0.5645334083469821,0.25418211535196,7.0,0.096071809277374,0.3762361222337279,0.752830694460236,0.0,2.0,missense,possibly_low,65
urn:mavedb:00000013-a-1#4270,p.Tyr65Val,0.7232450652477191,0.136744278141585,8.0,0.0483464031811871,0.6284878562305389,0.818002274264898,0.0,3.0,missense,possibly_wt_like,65
urn:mavedb:00000013-a-1#4271,p.Tyr65Trp,1.02931237019838,0.0689695943636689,8.0,0.0243844339351179,0.981519757902154,1.07710498249461,0.0,4.0,missense,wt_like,65
urn:mavedb:00000013-a-1#4272,p.Tyr65Ter,0.0468668072809475,0.147365669537173,6.0,0.0601617826616134,-0.071048119981541,0.164781734543436,1.0,1.0,nonsense,low,65
urn:mavedb:00000013-a-1#4273,p.Tyr65=,1.01493714932971,0.229172820591207,7.0,0.0866191843627936,0.8451666676083979,1.18470763105102,0.0,4.0,synonymous,wt_like,65
urn:mavedb:00000013-a-1#4274,p.Lys66Ala,0.705488596329158,0.1324628429923,8.0,0.046832687267552,0.6136982159855289,0.7972789766727879,0.0,2.0,missense,possibly_low,66
urn:mavedb:00000013-a-1#4275,p.Lys66Glu,0.254668711748758,0.135612875716525,8.0,0.0479463920176817,0.160695510205463,0.3486419132920529,1.0,1.0,missense,low,66
urn:mavedb:00000013-a-1#4276,p.Lys66Phe,0.34345601386676,0.1297286034393419,2.0,0.091731975205819,0.163664646232634,0.523247381500887,0.0,1.0,missense,low,66
urn:mavedb:00000013-a-1#4277,p.Arg11Ser,0.8202085220223031,0.508680718238575,8.0,0.17984579266267,0.4677172456324121,1.17269979841219,1.0,3.0,missense,possibly_wt_like,11
urn:mavedb:00000013-a-1#4278,p.Lys66Gly,0.229684218069682,0.101016511570135,8.0,0.0357147301715259,0.159684633215925,0.299683802923438,0.0,1.0,missense,low,66
urn:mavedb:00000013-a-1#4279,p.Lys66His,0.274816899390549,0.139833520054427,6.0,0.057086795511764,0.1629288361946889,0.38670496258641,0.0,1.0,missense,low,66
urn:mavedb:00000013-a-1#4280,p.Lys66Ile,0.497843306488604,0.201009155072288,7.0,0.0759743193669272,0.348936376779483,0.6467502361977261,0.0,1.0,missense,low,66
urn:mavedb:00000013-a-1#4281,p.Lys66Leu,0.303477118280846,0.0778214949837521,8.0,0.027514053412543,0.24955056452355,0.357403672038142,0.0,1.0,missense,low,66
urn:mavedb:00000013-a-1#4282,p.Lys66Met,0.7174012340404721,0.208572220220476,6.0,0.0851492523432618,0.550511766137166,0.8842907019437779,1.0,3.0,missense,possibly_wt_like,66
urn:mavedb:00000013-a-1#4283,p.Lys66Asn,0.127679333119795,0.149787656965813,2.0,0.105915867978571,-0.0799119535095025,0.335270619749092,1.0,1.0,missense,low,66
urn:mavedb:00000013-a-1#4284,p.Lys66Pro,0.145942147491854,0.165764512147992,7.0,0.0626530964776476,0.0231443348757518,0.268739960107957,0.0,1.0,missense,low,66
urn:mavedb:00000013-a-1#4285,p.Lys66Gln,0.588499430316894,0.136158254490664,7.0,0.0514629829044202,0.48763383728723,0.6893650233465579,1.0,1.0,missense,low,66
urn:mavedb:00000013-a-1#4286,p.Lys66Arg,0.7556258063861171,0.267230155648344,8.0,0.0944801275982401,0.570448159038818,0.9408034537334168,1.0,3.0,missense,possibly_wt_like,66
urn:mavedb:00000013-a-1#4287,p.Lys66Ser,0.439983257239818,0.154494441443862,8.0,0.0546220336002913,0.33292603862091,0.547040475858726,0.0,1.0,missense,low,66
urn:mavedb:00000013-a-1#4288,p.Arg11Thr,1.29395467005388,0.152468226980909,3.0,0.0880275718902928,1.12142379950239,1.46648554060536,1.0,4.0,missense,wt_like,11
urn:mavedb:00000013-a-1#4289,p.Lys66Thr,0.611761990934461,0.216514885225711,8.0,0.0765495717854635,0.461727587202989,0.761796394665933,1.0,2.0,missense,possibly_low,66
urn:mavedb:00000013-a-1#4290,p.Lys66Val,0.5986385837292779,0.062849863186661,7.0,0.0237550154180484,0.5520796090577099,0.645197558400847,0.0,1.0,missense,low,66
urn:mavedb:00000013-a-1#4291,p.Lys66Trp,0.4752037331932961,0.198339768085371,7.0,0.0749653859211597,0.328274276700677,0.622133189685915,0.0,1.0,missense,low,66
urn:mavedb:00000013-a-1#4292,p.Lys66Ter,0.0021913562918732,0.0434829232036578,7.0,0.0164350001535712,-0.0300206520950365,0.0344033646787831,1.0,1.0,nonsense,low,66
urn:mavedb:00000013-a-1#4293,p.Ile67Ala,0.205832390120694,0.0993628072053309,8.0,0.0351300573863105,0.1369787428687,0.274686037372688,0.0,1.0,missense,low,67
urn:mavedb:00000013-a-1#4294,p.Ile67Cys,0.506289420537118,0.0757735798552678,5.0,0.0338869750909775,0.439872169813797,0.57270667126044,0.0,1.0,missense,low,67
urn:mavedb:00000013-a-1#4295,p.Ile67Asp,0.212329359964604,0.296855256962431,5.0,0.132757706809233,-0.0478709640516204,0.472529683980828,0.0,1.0,missense,low,67
urn:mavedb:00000013-a-1#4296,p.Ile67Glu,0.31100195140485,0.266578720131726,8.0,0.0942498103625871,0.12627571754445,0.495728185265251,0.0,1.0,missense,low,67
urn:mavedb:00000013-a-1#4297,p.Ile67Gly,0.181295838640825,0.0615244650190394,8.0,0.0217521832119186,0.138662342960348,0.223929334321302,0.0,1.0,missense,low,67
urn:mavedb:00000013-a-1#4298,p.Ile67His,0.296679035814013,0.384843139837854,5.0,0.17210708427038,-0.0406446508401318,0.6340027224681579,0.0,1.0,missense,low,67
urn:mavedb:00000013-a-1#4299,p.Thr2Arg,0.8728297598429771,0.3248944403361289,6.0,0.132637599848438,0.612864841144203,1.13279467854175,1.0,3.0,missense,possibly_wt_like,2
urn:mavedb:00000013-a-1#4300,p.Arg11Val,1.13399860592158,0.0683020404624835,8.0,0.02414841798995,1.08666857637766,1.18132863546551,0.0,4.0,missense,wt_like,11
urn:mavedb:00000013-a-1#4301,p.Ile67=,0.100378820451673,0.0414104642985348,2.0,0.0292816201175774,0.0429878996122382,0.157769741291108,0.0,1.0,synonymous,low,67
urn:mavedb:00000013-a-1#4302,p.Ile67Lys,0.272300803355096,0.155945073333593,6.0,0.0636643095947011,0.147521049448874,0.397080557261317,1.0,1.0,missense,low,67
urn:mavedb:00000013-a-1#4303,p.Ile67Leu,0.7511558812405319,0.394443396366917,8.0,0.13945680018265,0.477825575483339,1.02448618699772,1.0,3.0,missense,possibly_wt_like,67
urn:mavedb:00000013-a-1#4304,p.Ile67Met,0.5056951918183521,0.257375757817649,7.0,0.097278892668898,0.3150320657313739,0.696358317905329,1.0,1.0,missense,low,67
urn:mavedb:00000013-a-1#4305,p.Ile67Asn,0.117791044822335,0.0148336751982138,3.0,0.0085642263687602,0.101005469584116,0.134576620060553,0.0,1.0,missense,low,67
urn:mavedb:00000013-a-1#4306,p.Ile67Pro,0.3827893611935139,0.36313958328798,7.0,0.1372538612262319,0.113776736451042,0.651801985935987,0.0,1.0,missense,low,67
urn:mavedb:00000013-a-1#4307,p.Ile67Gln,0.0794922019947107,0.164386792596765,5.0,0.0735160085699052,-0.0645965270894415,0.2235809310788629,0.0,1.0,missense,low,67
urn:mavedb:00000013-a-1#4308,p.Ile67Arg,0.219541790464059,0.1496024616566099,8.0,0.0528924575597945,0.115874478593048,0.3232091023350689,1.0,1.0,missense,low,67
urn:mavedb:00000013-a-1#4309,p.Ile67Ser,0.2988709314145539,0.101266672674914,8.0,0.035803175478315,0.228697996944889,0.3690438658842189,0.0,1.0,missense,low,67
urn:mavedb:00000013-a-1#4310,p.Ile67Thr,0.228353849380359,0.127222341495354,5.0,0.0568955607680606,0.11684059939475,0.339867099365968,1.0,1.0,missense,low,67
urn:mavedb:00000013-a-1#4311,p.Arg11Trp,1.08642654113395,0.174516747164086,4.0,0.0872583735820432,0.9154032715636,1.25744981070429,0.0,4.0,missense,wt_like,11
urn:mavedb:00000013-a-1#4312,p.Ile67Val,0.781417896590732,0.220597365105427,8.0,0.0779929463889661,0.628554530620195,0.9342812625612692,1.0,3.0,missense,possibly_wt_like,67
urn:mavedb:00000013-a-1#4313,p.Ile67Trp,0.384040043068352,0.134391563967604,5.0,0.0601017345268146,0.266242807987408,0.501837278149296,0.0,1.0,missense,low,67
urn:mavedb:00000013-a-1#4314,p.Ile67Ter,0.3136385415601189,0.537354409570207,3.0,0.310241713015592,-0.294424042452452,0.921701125572689,0.0,2.0,nonsense,possibly_low,67
urn:mavedb:00000013-a-1#4315,p.Ile67Tyr,0.326527084231601,0.237988551510105,6.0,0.0971584193039712,0.136100081600976,0.516954086862225,0.0,1.0,missense,low,67
urn:mavedb:00000013-a-1#4316,p.Tyr68Cys,0.06951562339011,0.0214077196339871,2.0,0.0151375437229327,0.0398465828787616,0.0991846639014584,1.0,1.0,missense,low,68
urn:mavedb:00000013-a-1#4317,p.Tyr68Glu,0.246852117535303,0.0746088013161722,5.0,0.0333660702925474,0.181455821456278,0.312248413614327,0.0,1.0,missense,low,68
urn:mavedb:00000013-a-1#4318,p.Tyr68Phe,1.07905689514814,0.408459682980056,6.0,0.166752967300019,0.752227084924915,1.4058867053713602,1.0,4.0,missense,wt_like,68
urn:mavedb:00000013-a-1#4319,p.Tyr68Gly,0.218393738270792,0.300720130275377,6.0,0.122768479092993,-0.0222280591882324,0.459015535729816,0.0,1.0,missense,low,68
urn:mavedb:00000013-a-1#4320,p.Tyr68Ile,0.360719381995918,0.490449849492715,6.0,0.20022531261366,-0.0317150195201286,0.7531537835119649,0.0,2.0,missense,possibly_low,68
urn:mavedb:00000013-a-1#4321,p.Tyr68Lys,0.207062977864806,0.103549427909658,5.0,0.0463087119674417,0.1162995702381819,0.297826385491431,0.0,1.0,missense,low,68
urn:mavedb:00000013-a-1#4322,p.Arg11Ter,0.525551013976816,0.3754889993779121,4.0,0.187744499688956,0.157578556290971,0.893523471662662,1.0,2.0,nonsense,possibly_low,11
urn:mavedb:00000013-a-1#4323,p.Tyr68Leu,0.178098496742832,0.144241273469052,8.0,0.0509969912984749,0.0781462304779183,0.278050763007745,0.0,1.0,missense,low,68
urn:mavedb:00000013-a-1#4324,p.Tyr68Met,0.230106952333542,0.0291165728080269,2.0,0.0205885260774676,0.189754182726941,0.270459721940142,0.0,1.0,missense,low,68
urn:mavedb:00000013-a-1#4325,p.Tyr68Asn,0.107193178374888,0.186823557203736,6.0,0.0762703978468031,-0.0422940544913876,0.256680411241163,1.0,1.0,missense,low,68
urn:mavedb:00000013-a-1#4326,p.Tyr68Pro,0.102007728740357,0.128374069012608,6.0,0.052408494214287,-0.0007110324036211,0.2047264898843349,0.0,1.0,missense,low,68
urn:mavedb:00000013-a-1#4327,p.Tyr68Gln,0.245018415747068,0.35008282306766,7.0,0.1323188697303509,-0.0143218033994665,0.5043586348936021,0.0,1.0,missense,low,68
urn:mavedb:00000013-a-1#4328,p.Tyr68Arg,0.200530883629864,0.12015896595218,8.0,0.0424826098225749,0.117266498408349,0.283795268851378,0.0,1.0,missense,low,68
urn:mavedb:00000013-a-1#4329,p.Tyr68Ser,0.219539581505228,0.134562865752819,6.0,0.0549350599035067,0.111868842605805,0.327210320404652,1.0,1.0,missense,low,68
urn:mavedb:00000013-a-1#4330,p.Tyr68Thr,0.159831918203441,0.1784641466589349,7.0,0.0674531071429859,0.0276262575578673,0.292037578849015,0.0,1.0,missense,low,68
urn:mavedb:00000013-a-1#4331,p.Tyr68Val,0.251945617974147,0.1165297642753259,8.0,0.0411994932645764,0.171196094994277,0.332695140954018,0.0,1.0,missense,low,68
urn:mavedb:00000013-a-1#4332,p.Tyr68Trp,0.714731057175096,0.296771746433856,7.0,0.1121691767449,0.494883510579584,0.934578603770608,0.0,3.0,missense,possibly_wt_like,68
urn:mavedb:00000013-a-1#4333,p.Arg11Tyr,0.993678518139416,0.030468447769749,3.0,0.0175909665216547,0.9592008573037232,1.02815617897511,0.0,4.0,missense,wt_like,11
urn:mavedb:00000013-a-1#4334,p.Tyr68Ter,0.0080975202513093,0.117809736184804,8.0,0.0416520316730365,-0.0735389617107639,0.0897340022133825,1.0,1.0,nonsense,low,68
urn:mavedb:00000013-a-1#4335,p.Asn69Ala,0.731309977010192,0.174979129289664,7.0,0.0661358943895813,0.601686005921268,0.860933948099115,0.0,3.0,missense,possibly_wt_like,69
urn:mavedb:00000013-a-1#4336,p.Asn69Asp,1.03077409646512,0.0695253348594605,6.0,0.0283835991003024,0.9751432644769068,1.08640492845334,1.0,4.0,missense,wt_like,69
urn:mavedb:00000013-a-1#4337,p.Asn69Glu,0.8629322386191641,0.118036264872558,3.0,0.0681482692983095,0.729364085185741,0.996500392052588,0.0,4.0,missense,wt_like,69
urn:mavedb:00000013-a-1#4338,p.Asn69Gly,0.408556086437003,0.0694423930180917,8.0,0.024551593502457,0.3604358474091189,0.456676325464886,0.0,1.0,missense,low,69
urn:mavedb:00000013-a-1#4339,p.Asn69His,0.278101800261876,0.5119183574405051,2.0,0.36198094196006,-0.431367809069725,0.9875714095934772,1.0,2.0,missense,possibly_low,69
urn:mavedb:00000013-a-1#4340,p.Asn69Leu,0.8711698074638822,0.244138186705376,6.0,0.0996689973594174,0.675822162264207,1.06651745266356,0.0,3.0,missense,possibly_wt_like,69
urn:mavedb:00000013-a-1#4341,p.Asn69Met,0.943194103054702,0.19011861612894,4.0,0.0950593080644698,0.7568812828530441,1.1295069232563602,0.0,4.0,missense,wt_like,69
urn:mavedb:00000013-a-1#4342,p.Asn69Pro,0.151820171998374,0.157337290396061,3.0,0.090838726963732,-0.0262204612520082,0.329860805248756,0.0,1.0,missense,low,69
urn:mavedb:00000013-a-1#4343,p.Asn69Arg,0.290662478717157,0.175616277705503,8.0,0.0620897304261506,0.168968843272101,0.4123561141622129,0.0,1.0,missense,low,69
urn:mavedb:00000013-a-1#4344,p.Asn12Ala,0.858563545485014,0.302730353581725,6.0,0.12358914932126,0.616333263935402,1.1007938270346298,0.0,3.0,missense,possibly_wt_like,12
urn:mavedb:00000013-a-1#4345,p.Asn69Ser,0.952882455611292,0.0982116427107555,8.0,0.0347230592761228,0.8848265099970419,1.02093840122554,1.0,4.0,missense,wt_like,69
urn:mavedb:00000013-a-1#4346,p.Asn69Thr,0.7944619160545721,0.232626939539316,5.0,0.104033930041529,0.590559160003016,0.998364672106128,1.0,3.0,missense,possibly_wt_like,69
urn:mavedb:00000013-a-1#4347,p.Asn69Val,0.8576232399794449,0.0878799852673141,8.0,0.0310702667565458,0.796726636146563,0.9185198438123272,0.0,4.0,missense,wt_like,69
urn:mavedb:00000013-a-1#4348,p.Asn69Trp,0.840788823806946,0.209970151935758,5.0,0.0939015065948628,0.656745252786965,1.02483239482693,0.0,3.0,missense,possibly_wt_like,69
urn:mavedb:00000013-a-1#4349,p.Asn69Ter,-0.0344503385336618,0.0385786292028729,3.0,0.0222733819552454,-0.0781053649798472,0.0092046879125235,0.0,1.0,nonsense,low,69
urn:mavedb:00000013-a-1#4350,p.Asn69Tyr,0.510685867091541,0.0918776455848459,2.0,0.0649673062324988,0.383352286703259,0.638019447479823,1.0,1.0,missense,low,69
urn:mavedb:00000013-a-1#4351,p.Cys71Asp,0.8491504528764481,0.1694367335812169,3.0,0.0978243437437267,0.657418262327478,1.04088264342542,0.0,3.0,missense,possibly_wt_like,71
urn:mavedb:00000013-a-1#4352,p.Cys71Gly,0.925646245912719,0.224222115477494,3.0,0.129454698729199,0.6719196987740071,1.17937279305143,1.0,3.0,missense,possibly_wt_like,71
urn:mavedb:00000013-a-1#4353,p.Cys71Ile,0.279917666880116,0.26509367032621,6.0,0.108224037723466,0.0678024506806182,0.4920328830796141,0.0,1.0,missense,low,71
urn:mavedb:00000013-a-1#4354,p.Cys71Thr,0.5629155888887261,0.183589046454326,5.0,0.0821035175592479,0.4019956514685479,0.723835526308904,0.0,2.0,missense,possibly_low,71
urn:mavedb:00000013-a-1#4355,p.Asn12Cys,0.871485426686977,0.076793200173564,2.0,0.0543009925917429,0.7650574368823839,0.9779134164915692,0.0,4.0,missense,wt_like,12
urn:mavedb:00000013-a-1#4356,p.Ala72=,1.06095857014735,0.231618473068582,8.0,0.0818894964774339,0.9004581063394609,1.22145903395524,0.0,4.0,synonymous,wt_like,72
urn:mavedb:00000013-a-1#4357,p.Ala72Cys,0.6628994407772011,0.413602532110821,5.0,0.184968675493167,0.300367498542517,1.02543138301189,0.0,2.0,missense,possibly_low,72
urn:mavedb:00000013-a-1#4358,p.Ala72Asp,0.767448347034691,0.185215844723102,8.0,0.0654836898934502,0.6391026732687389,0.895794020800643,1.0,3.0,missense,possibly_wt_like,72
urn:mavedb:00000013-a-1#4359,p.Ala72Glu,0.653062602390967,0.4765639594331071,6.0,0.194556421735256,0.271739022828881,1.03438618195305,0.0,2.0,missense,possibly_low,72
urn:mavedb:00000013-a-1#4360,p.Ala72Phe,0.9322281083102292,0.458326039241905,2.0,0.3240854503423221,0.297032297725833,1.5674239188946295,0.0,3.0,missense,possibly_wt_like,72
urn:mavedb:00000013-a-1#4361,p.Ala72Gly,0.9052050424600768,0.0735721983641389,8.0,0.0260117001850422,0.8542230469207409,0.956187037999414,1.0,4.0,missense,wt_like,72
urn:mavedb:00000013-a-1#4362,p.Ala72His,0.8230020022460981,0.118773718795928,6.0,0.0484891676504731,0.727964980010846,0.91803902448135,0.0,4.0,missense,wt_like,72
urn:mavedb:00000013-a-1#4363,p.Ala72Ile,0.851082399921024,0.121810257224125,7.0,0.0460399496788347,0.760845756700472,0.9413190431415772,0.0,4.0,missense,wt_like,72
urn:mavedb:00000013-a-1#4364,p.Ala72Lys,0.772515173937322,0.245667651913845,3.0,0.141836284963642,0.494521163707625,1.05050918416702,0.0,3.0,missense,possibly_wt_like,72
urn:mavedb:00000013-a-1#4365,p.Ala72Leu,0.6270534349666479,0.264857636141941,8.0,0.0936413152825028,0.4435198295479821,0.810587040385313,0.0,2.0,missense,possibly_low,72
urn:mavedb:00000013-a-1#4366,p.Asn12Asp,0.996460642374453,0.437770510010564,7.0,0.1654617001151239,0.6721616693280439,1.32075961542086,1.0,3.0,missense,possibly_wt_like,12
urn:mavedb:00000013-a-1#4367,p.Ala72Met,0.8377975691553108,0.227498077597456,5.0,0.101740233251687,0.6383903762033011,1.03720476210732,0.0,3.0,missense,possibly_wt_like,72
urn:mavedb:00000013-a-1#4368,p.Ala72Asn,0.8766476440923839,0.13635589169846,8.0,0.0482090878373598,0.7821595682036311,0.971135719981138,0.0,4.0,missense,wt_like,72
urn:mavedb:00000013-a-1#4369,p.Ala72Pro,0.7746686478203471,0.347150084862034,8.0,0.122736089547715,0.5341103327035429,1.01522696293715,1.0,3.0,missense,possibly_wt_like,72
urn:mavedb:00000013-a-1#4370,p.Ala72Gln,0.65962471433178,0.370441734157342,4.0,0.185220867078671,0.296598485672304,1.02265094299126,0.0,2.0,missense,possibly_low,72
urn:mavedb:00000013-a-1#4371,p.Ala72Arg,0.8541643810754351,0.175704071190098,8.0,0.0621207701103012,0.732409908967352,0.9759188531835172,0.0,4.0,missense,wt_like,72
urn:mavedb:00000013-a-1#4372,p.Ala72Ser,0.7744702652407859,0.4468408236990089,4.0,0.223420411849505,0.336574304604651,1.21236622587692,1.0,3.0,missense,possibly_wt_like,72
urn:mavedb:00000013-a-1#4373,p.Ala72Thr,1.0364908879939,0.0827370532022238,4.0,0.0413685266011119,0.955410065762237,1.11757171022557,1.0,4.0,missense,wt_like,72
urn:mavedb:00000013-a-1#4374,p.Ala72Val,0.7958653620085681,0.1721616436473659,8.0,0.0608683328416371,0.676565621839963,0.915165102177173,1.0,3.0,missense,possibly_wt_like,72
urn:mavedb:00000013-a-1#4375,p.Ala72Trp,0.5077769276101161,0.259679786829046,6.0,0.106013829040978,0.299993640826612,0.71556021439362,0.0,2.0,missense,possibly_low,72
urn:mavedb:00000013-a-1#4376,p.Ala72Ter,0.268730932676681,0.328101722374107,5.0,0.146731550952654,-0.0188576225862241,0.556319487939585,0.0,1.0,nonsense,low,72
urn:mavedb:00000013-a-1#4377,p.Asn12Glu,0.7790205884317529,0.402075837583691,6.0,0.164146773330368,0.457298824525772,1.10074235233773,0.0,3.0,missense,possibly_wt_like,12
urn:mavedb:00000013-a-1#4378,p.Ala72Tyr,0.271274482238869,0.254096335332151,2.0,0.179673241788015,-0.0808786006511969,0.623427565128936,0.0,1.0,missense,low,72
urn:mavedb:00000013-a-1#4379,p.Glu73Ala,0.62728781392729,0.166780929108826,7.0,0.0630372659786065,0.503737042925349,0.750838584929231,1.0,2.0,missense,possibly_low,73
urn:mavedb:00000013-a-1#4380,p.Glu73Cys,0.618315686986645,0.1673837086245209,8.0,0.0591790777142758,0.502326826028367,0.734304547944922,0.0,2.0,missense,possibly_low,73
urn:mavedb:00000013-a-1#4381,p.Glu73Asp,0.956420692071539,0.109979423167749,6.0,0.0448989114944353,0.868420442597394,1.04442094154568,1.0,4.0,missense,wt_like,73
urn:mavedb:00000013-a-1#4382,p.Glu73=,1.02062265104422,0.314847351508609,5.0,0.140804016101804,0.744651850606087,1.29659345148236,0.0,4.0,synonymous,wt_like,73
urn:mavedb:00000013-a-1#4383,p.Glu73Phe,0.6033735238404611,0.145165727271844,7.0,0.0548674876073036,0.495835224207948,0.710911823472973,0.0,2.0,missense,possibly_low,73
urn:mavedb:00000013-a-1#4384,p.Glu73Gly,0.827452574838125,0.0658851809103602,8.0,0.0232939291007091,0.7817973127423051,0.8731078369339441,1.0,4.0,missense,wt_like,73
urn:mavedb:00000013-a-1#4385,p.Glu73His,0.6415472239235059,0.289219126534451,7.0,0.109314554744783,0.427294633637699,0.8557998142093121,0.0,2.0,missense,possibly_low,73
urn:mavedb:00000013-a-1#4386,p.Glu73Ile,0.704172959515405,0.262054476033031,3.0,0.151297222280017,0.4076358528856209,1.00071006614519,0.0,2.0,missense,possibly_low,73
urn:mavedb:00000013-a-1#4387,p.Glu73Lys,0.7704201758968471,0.220602887107126,3.0,0.127365136255308,0.520789095950407,1.02005125584329,1.0,3.0,missense,possibly_wt_like,73
urn:mavedb:00000013-a-1#4388,p.Asn12Phe,0.369353294158617,0.290108773853515,7.0,0.109650809824897,0.154441656026169,0.584264932291066,0.0,1.0,missense,low,12
urn:mavedb:00000013-a-1#4389,p.Glu73Leu,0.462357321151058,0.14171571171593,8.0,0.050104070377506,0.3641551477322871,0.5605594945698299,0.0,1.0,missense,low,73
urn:mavedb:00000013-a-1#4390,p.Glu73Met,0.723695951943314,0.149161683835273,5.0,0.0667071329388005,0.5929523738713399,0.854439530015289,0.0,3.0,missense,possibly_wt_like,73
urn:mavedb:00000013-a-1#4391,p.Glu73Pro,0.495279588250751,0.183363038313741,8.0,0.0648286239053074,0.368217820229056,0.622341356272446,0.0,1.0,missense,low,73
urn:mavedb:00000013-a-1#4392,p.Glu73Gln,0.679381029134015,0.167680427650484,7.0,0.0633772444708769,0.555163912531706,0.803598145736324,1.0,2.0,missense,possibly_low,73
urn:mavedb:00000013-a-1#4393,p.Glu73Arg,0.5739774787872789,0.125337935950948,8.0,0.0443136522254201,0.487124316402022,0.6608306411725351,0.0,1.0,missense,low,73
urn:mavedb:00000013-a-1#4394,p.Glu73Ser,0.514915899885116,0.181550377675521,6.0,0.0741176313191002,0.369648011880262,0.6601837878899699,0.0,1.0,missense,low,73
urn:mavedb:00000013-a-1#4395,p.Glu73Thr,0.6963577391870661,0.217756382523631,5.0,0.0973836147714572,0.505489361550688,0.887226116823445,0.0,2.0,missense,possibly_low,73
urn:mavedb:00000013-a-1#4396,p.Glu73Val,0.655124737092992,0.179867319032186,8.0,0.0635927005007516,0.5304853344318761,0.779764139754107,1.0,2.0,missense,possibly_low,73
urn:mavedb:00000013-a-1#4397,p.Glu73Tyr,0.584041802959562,0.349226051573968,6.0,0.142570938540517,0.304607898178075,0.86347570774105,0.0,2.0,missense,possibly_low,73
urn:mavedb:00000013-a-1#4398,p.Arg74Ala,0.886305799127703,0.386659677367426,8.0,0.136704839938955,0.6183692363350389,1.15424236192037,0.0,3.0,missense,possibly_wt_like,74
urn:mavedb:00000013-a-1#4399,p.Asn12Gly,1.12483478032294,0.10119302920304,8.0,0.0357771385791391,1.05471287723793,1.19495668340795,0.0,4.0,missense,wt_like,12
urn:mavedb:00000013-a-1#4400,p.Arg74Cys,1.1859124833428,0.227633514973236,5.0,0.101800802687474,0.986386576478084,1.38543839020752,0.0,4.0,missense,wt_like,74
urn:mavedb:00000013-a-1#4401,p.Arg74Asp,0.889008686630251,0.181374734397381,2.0,0.128251304628297,0.6376407485885129,1.14037662467199,0.0,3.0,missense,possibly_wt_like,74
urn:mavedb:00000013-a-1#4402,p.Arg74Gly,1.05168266862646,0.147447525286809,8.0,0.0521305724997387,0.949508624033518,1.1538567132194,1.0,4.0,missense,wt_like,74
urn:mavedb:00000013-a-1#4403,p.Arg74His,1.25013708799303,0.1378983520718719,2.0,0.0975088598644707,1.0590232344850998,1.4412509415009498,0.0,4.0,missense,wt_like,74
urn:mavedb:00000013-a-1#4404,p.Arg74Leu,0.6571447756470711,0.6875168219356459,6.0,0.280677567220376,0.107026852626815,1.20726269866733,0.0,2.0,missense,possibly_low,74
urn:mavedb:00000013-a-1#4405,p.Arg74Asn,1.1581269234445302,0.0692671850513912,2.0,0.0489792962635421,1.06212926677987,1.2541245801091898,0.0,4.0,missense,wt_like,74
urn:mavedb:00000013-a-1#4406,p.Arg74Pro,1.05939478126819,0.0905475428895975,2.0,0.0640267815970141,0.933904595292033,1.1848849672443502,0.0,4.0,missense,wt_like,74
urn:mavedb:00000013-a-1#4407,p.Arg74=,1.15674091123496,0.0369989642931972,5.0,0.0165464398513353,1.12431048505399,1.1891713374159398,0.0,4.0,synonymous,wt_like,74
urn:mavedb:00000013-a-1#4408,p.Arg74Ser,0.8687414853911399,0.534848251288298,5.0,0.239191409505505,0.3999349373489791,1.3375480334333,1.0,3.0,missense,possibly_wt_like,74
urn:mavedb:00000013-a-1#4409,p.Arg74Thr,1.03681904855797,0.145954867510599,6.0,0.0595858251460818,0.92003297728255,1.15360511983339,1.0,4.0,missense,wt_like,74
