,accession,hgvs_pro,score,sd,expts,se,lower_ci,upper_ci,snv,abundance_class,record_type,abundance_class_label,Position
423,urn:mavedb:00000013-a-1#424,p.Arg14Ter,0.37155465755546,0.27511325972063,2.0,0.194534451542793,-0.0097258612206667,0.752835176331587,0.0,2.0,nonsense,possibly_low,14
390,urn:mavedb:00000013-a-1#391,p.Arg14Ser,0.5829481901647049,0.4368445258832511,5.0,0.195362811094723,0.200044116500545,0.965852263828864,1.0,2.0,missense,possibly_low,14
323,urn:mavedb:00000013-a-1#324,p.Arg14Lys,0.609680597685592,0.526533616742199,4.0,0.263266808371099,0.0936871349534298,1.12567406041775,1.0,2.0,missense,possibly_low,14
312,urn:mavedb:00000013-a-1#313,p.Arg14Ile,0.664439691750284,0.348515089504688,3.0,0.201215280742178,0.2700649883565,1.0588143951440698,0.0,2.0,missense,possibly_low,14
357,urn:mavedb:00000013-a-1#358,p.Arg14Pro,0.7926256081214051,0.381693588782281,7.0,0.144266616135095,0.509868236325153,1.07538297991766,0.0,3.0,missense,possibly_wt_like,14
412,urn:mavedb:00000013-a-1#413,p.Arg14Val,0.867650334177895,0.1240593256506819,8.0,0.0438615952185137,0.781683187245134,0.9536174811106558,0.0,4.0,missense,wt_like,14
401,urn:mavedb:00000013-a-1#402,p.Arg14Thr,0.962285443245407,0.238066731038653,8.0,0.0841692999461729,0.79731664674696,1.12725423974386,1.0,4.0,missense,wt_like,14
290,urn:mavedb:00000013-a-1#291,p.Arg14Glu,0.998909639665705,0.166395225803257,8.0,0.058829596261275,0.8836057497685741,1.11421352956284,0.0,4.0,missense,wt_like,14
301,urn:mavedb:00000013-a-1#302,p.Arg14Gly,1.04631547009443,0.0721665017456275,8.0,0.025514711379422,0.996307554714829,1.0963233854740302,1.0,4.0,missense,wt_like,14
268,urn:mavedb:00000013-a-1#269,p.Arg14Ala,1.08755153062324,0.198892957439518,8.0,0.0703192794678651,0.949728275447417,1.22537478579906,0.0,4.0,missense,wt_like,14
346,urn:mavedb:00000013-a-1#347,p.Arg14Asn,1.09555841013013,0.108149508598695,5.0,0.0483659305919762,1.00076292809109,1.19035389216916,0.0,4.0,missense,wt_like,14
434,urn:mavedb:00000013-a-1#435,p.Arg14Tyr,1.1073722558994,0.226517383321701,7.0,0.0856155234146158,0.93956891348921,1.2751755983096,0.0,4.0,missense,wt_like,14
279,urn:mavedb:00000013-a-1#280,p.Arg14Asp,1.14287292580154,0.137503321258386,5.0,0.0614933546931484,1.02234816531442,1.2633976862886598,0.0,4.0,missense,wt_like,14
335,urn:mavedb:00000013-a-1#336,p.Arg14Met,1.1524933002779298,0.154291697742133,5.0,0.0690013449030518,1.01725314938313,1.28773345117274,1.0,4.0,missense,wt_like,14
379,urn:mavedb:00000013-a-1#380,p.Arg14=,1.1552153345756102,0.126069273103981,3.0,0.0727861287631238,1.0125571436258,1.29787352552543,0.0,4.0,synonymous,wt_like,14
368,urn:mavedb:00000013-a-1#369,p.Arg14Gln,1.24720707903683,0.137766913761537,3.0,0.0795397647456475,1.09131200479657,1.4031021532770902,0.0,4.0,missense,wt_like,14
645,urn:mavedb:00000013-a-1#646,p.Arg15Ter,0.570876878614779,0.462506987335357,6.0,0.1888176869072509,0.200801012632407,0.94095274459715,1.0,2.0,nonsense,possibly_low,15
568,urn:mavedb:00000013-a-1#569,p.Arg15Asn,0.8242186956489359,0.484368415303272,7.0,0.183074052832416,0.465400145593618,1.18303724570425,0.0,3.0,missense,possibly_wt_like,15
479,urn:mavedb:00000013-a-1#480,p.Arg15Glu,0.913789738698054,0.234169456262773,8.0,0.0827914052350868,0.751521566207823,1.07605791118829,0.0,4.0,missense,wt_like,15
446,urn:mavedb:00000013-a-1#447,p.Arg15Ala,0.946110631684811,0.139354332427911,8.0,0.0492691967237503,0.8495447805590419,1.04267648281058,0.0,4.0,missense,wt_like,15
457,urn:mavedb:00000013-a-1#458,p.Arg15Cys,0.955462373394813,0.327644537734499,7.0,0.123837995039172,0.712744363200386,1.19818038358924,0.0,4.0,missense,wt_like,15
612,urn:mavedb:00000013-a-1#613,p.Arg15Thr,0.966155196017828,0.209530717488856,8.0,0.0740802956016265,0.8209604846745591,1.1113499073611002,1.0,4.0,missense,wt_like,15
623,urn:mavedb:00000013-a-1#624,p.Arg15Val,0.988403512034052,0.1419017138180409,8.0,0.0501698320513648,0.8900724481029529,1.08673457596515,0.0,4.0,missense,wt_like,15
579,urn:mavedb:00000013-a-1#580,p.Arg15Pro,0.995975625540364,0.0868835992897572,7.0,0.032838913818698,0.9316125371643008,1.06033871391643,0.0,4.0,missense,wt_like,15
501,urn:mavedb:00000013-a-1#502,p.Arg15Gly,1.01212332220966,0.137140632790938,8.0,0.0484865357113431,0.9170914584803108,1.10715518593901,1.0,4.0,missense,wt_like,15
601,urn:mavedb:00000013-a-1#602,p.Arg15Ser,1.0251315149842,0.30592646854015,8.0,0.108161340224596,0.813139183624409,1.23712384634399,1.0,4.0,missense,wt_like,15
590,urn:mavedb:00000013-a-1#591,p.Arg15=,1.03242544166684,0.1313093317222599,8.0,0.0464248594469419,0.941434389163495,1.12341649417018,0.0,4.0,synonymous,wt_like,15
634,urn:mavedb:00000013-a-1#635,p.Arg15Trp,1.04324698478536,0.160253138973519,8.0,0.0566580406373028,0.932199265701636,1.15429470386908,0.0,4.0,missense,wt_like,15
468,urn:mavedb:00000013-a-1#469,p.Arg15Asp,1.07312997984404,0.0941576727645704,8.0,0.0332897644562858,1.0078832404559,1.13837671923219,0.0,4.0,missense,wt_like,15
557,urn:mavedb:00000013-a-1#558,p.Arg15Met,1.08697403681407,0.169854024401118,7.0,0.0641987868212648,0.961146726793228,1.21280134683492,0.0,4.0,missense,wt_like,15
523,urn:mavedb:00000013-a-1#524,p.Arg15Ile,1.09873641815531,0.165996032050295,8.0,0.0586884599564115,0.9837091503326252,1.213763685978,1.0,4.0,missense,wt_like,15
545,urn:mavedb:00000013-a-1#546,p.Arg15Leu,1.11928812140498,0.230944794132099,8.0,0.0816513150052691,0.959254484704315,1.27932175810564,0.0,4.0,missense,wt_like,15
490,urn:mavedb:00000013-a-1#491,p.Arg15Phe,1.1827582463852,0.121775073894946,7.0,0.0460266516303628,1.09254766686072,1.27296882590968,0.0,4.0,missense,wt_like,15
534,urn:mavedb:00000013-a-1#535,p.Arg15Lys,1.20518009112705,0.135868914547364,3.0,0.0784439543884231,1.05143276572084,1.35892741653327,1.0,4.0,missense,wt_like,15
512,urn:mavedb:00000013-a-1#513,p.Arg15His,1.22510345780072,0.0883493847943184,4.0,0.0441746923971592,1.13852265167415,1.31168426392729,0.0,4.0,missense,wt_like,15
656,urn:mavedb:00000013-a-1#657,p.Arg15Tyr,1.25365375351507,0.0965336836353858,8.0,0.0341298111557491,1.18676055285065,1.32054695417949,0.0,4.0,missense,wt_like,15
812,urn:mavedb:00000013-a-1#813,p.Tyr16Ter,0.354613210446644,0.263397656194747,5.0,0.117795012873115,0.123739227656908,0.585487193236381,1.0,1.0,nonsense,low,16
679,urn:mavedb:00000013-a-1#680,p.Tyr16Cys,0.819492613439528,0.441730295261964,7.0,0.166958358260898,0.4922602443302321,1.1467249825488202,1.0,3.0,missense,possibly_wt_like,16
723,urn:mavedb:00000013-a-1#724,p.Tyr16Leu,0.822226003373218,0.310242652450639,8.0,0.109687341680574,0.6072427641193541,1.03720924262708,0.0,3.0,missense,possibly_wt_like,16
756,urn:mavedb:00000013-a-1#757,p.Tyr16Arg,0.840504469430741,0.18360224094807,8.0,0.0649131948077134,0.7132769454861899,0.967731993375292,0.0,4.0,missense,wt_like,16
712,urn:mavedb:00000013-a-1#713,p.Tyr16Gly,0.856299041004331,0.276990827448736,6.0,0.1130810317801169,0.634664291380672,1.07793379062799,0.0,3.0,missense,possibly_wt_like,16
790,urn:mavedb:00000013-a-1#791,p.Tyr16Val,0.86227288488711,0.472303840169483,6.0,0.192817235328709,0.484358048044257,1.24018772172996,0.0,3.0,missense,possibly_wt_like,16
779,urn:mavedb:00000013-a-1#780,p.Tyr16Thr,0.878622335811747,0.379154126651069,5.0,0.169562880228271,0.546285197449456,1.2109594741740402,0.0,3.0,missense,possibly_wt_like,16
767,urn:mavedb:00000013-a-1#768,p.Tyr16Ser,0.9078884251135628,0.2661429863385,8.0,0.0940957552025961,0.7234641338183772,1.09231271640875,1.0,4.0,missense,wt_like,16
668,urn:mavedb:00000013-a-1#669,p.Tyr16Ala,0.9500687071198108,0.130596977059975,5.0,0.0584047436724171,0.8355975129955799,1.06453990124404,0.0,4.0,missense,wt_like,16
801,urn:mavedb:00000013-a-1#802,p.Tyr16Trp,0.9688490027387452,0.277081701638661,8.0,0.0979631750857023,0.776844707759577,1.16085329771791,0.0,4.0,missense,wt_like,16
745,urn:mavedb:00000013-a-1#746,p.Tyr16Gln,1.00567982216442,0.491662652957809,3.0,0.283861565035677,0.4493213780993161,1.5620382662295202,0.0,3.0,missense,possibly_wt_like,16
701,urn:mavedb:00000013-a-1#702,p.Tyr16Glu,1.01435617102628,0.199441055538438,4.0,0.0997205277692188,0.8189075280792799,1.20980481397327,0.0,4.0,missense,wt_like,16
734,urn:mavedb:00000013-a-1#735,p.Tyr16Met,1.02801816450391,0.136572149561066,5.0,0.0610769220503623,0.9083095969986352,1.14772673200918,0.0,4.0,missense,wt_like,16
690,urn:mavedb:00000013-a-1#691,p.Tyr16Asp,1.16691212619323,0.209435147444941,2.0,0.1480930129771219,0.876655154396052,1.45716909799042,1.0,4.0,missense,wt_like,16
1034,urn:mavedb:00000013-a-1#1035,p.Gln17Ter,0.2653094792773829,0.213055576164126,4.0,0.106527788082063,0.0565188512838245,0.4741001072709421,1.0,1.0,nonsense,low,17
1045,urn:mavedb:00000013-a-1#1046,p.Gln17Tyr,0.648980428010514,0.3263649901294989,5.0,0.1459548606811209,0.362914157706955,0.9350466983140728,0.0,2.0,missense,possibly_low,17
845,urn:mavedb:00000013-a-1#846,p.Gln17Asp,0.6970966054853102,0.2507645577742349,7.0,0.0947800939285306,0.511331034934067,0.8828621760365541,0.0,2.0,missense,possibly_low,17
1023,urn:mavedb:00000013-a-1#1024,p.Gln17Trp,0.764850326164717,0.304784447394361,8.0,0.107757574776374,0.553649360541644,0.9760512917877908,0.0,3.0,missense,possibly_wt_like,17
967,urn:mavedb:00000013-a-1#968,p.Gln17=,0.800892099083547,0.20230344669179,6.0,0.0825900362668705,0.639018602518624,0.96276559564847,0.0,3.0,synonymous,possibly_wt_like,17
912,urn:mavedb:00000013-a-1#913,p.Gln17Lys,0.8046214924231749,0.179843603414864,8.0,0.0635843157638371,0.679998523544432,0.929244461301918,1.0,3.0,missense,possibly_wt_like,17
856,urn:mavedb:00000013-a-1#857,p.Gln17Glu,0.8176988968283191,0.209312228620099,8.0,0.0740030481212706,0.6726555877644439,0.9627422058921932,1.0,3.0,missense,possibly_wt_like,17
978,urn:mavedb:00000013-a-1#979,p.Gln17Arg,0.84294378579191,0.163923048917754,8.0,0.0579555497412588,0.729352995594823,0.956534575988997,1.0,4.0,missense,wt_like,17
878,urn:mavedb:00000013-a-1#879,p.Gln17Gly,0.8699367166504909,0.140824030811667,8.0,0.0497888135704767,0.7723524352193771,0.967520998081604,0.0,4.0,missense,wt_like,17
989,urn:mavedb:00000013-a-1#990,p.Gln17Ser,0.883376130469478,0.220567555751841,8.0,0.0779824071909342,0.7305334209475101,1.03621883999145,0.0,4.0,missense,wt_like,17
1001,urn:mavedb:00000013-a-1#1002,p.Gln17Thr,0.8835747490300501,0.313133183692997,6.0,0.127836086930173,0.63302062272238,1.13412887533772,0.0,3.0,missense,possibly_wt_like,17
934,urn:mavedb:00000013-a-1#935,p.Gln17Met,0.8993659955499521,0.218871269929703,8.0,0.077382679587102,0.7476987305320292,1.05103326056787,0.0,4.0,missense,wt_like,17
901,urn:mavedb:00000013-a-1#902,p.Gln17Ile,0.9128540487893207,0.157488205701911,8.0,0.0556804891043617,0.803722295503197,1.02198580207544,0.0,4.0,missense,wt_like,17
823,urn:mavedb:00000013-a-1#824,p.Gln17Ala,0.921945609325414,0.209545706064487,8.0,0.0740855948633607,0.7767405116200021,1.06715070703083,0.0,4.0,missense,wt_like,17
956,urn:mavedb:00000013-a-1#957,p.Gln17Pro,0.954703702419106,0.0995336544947118,6.0,0.0406344442910869,0.875061655076777,1.03434574976144,1.0,4.0,missense,wt_like,17
867,urn:mavedb:00000013-a-1#868,p.Gln17Phe,0.985872299212155,0.242945824063413,8.0,0.0858943198280965,0.8175225258725209,1.15422207255179,0.0,4.0,missense,wt_like,17
923,urn:mavedb:00000013-a-1#924,p.Gln17Leu,0.9911529291681708,0.102455124377993,8.0,0.0362233566074951,0.9201564548183292,1.06214940351801,1.0,4.0,missense,wt_like,17
834,urn:mavedb:00000013-a-1#835,p.Gln17Cys,1.01074485968661,0.187002341696848,5.0,0.0836299895971592,0.8468330920487229,1.17465662732451,0.0,4.0,missense,wt_like,17
1012,urn:mavedb:00000013-a-1#1013,p.Gln17Val,1.02067321224283,0.104112388789255,8.0,0.0368092880592061,0.948528333350228,1.09281809113544,0.0,4.0,missense,wt_like,17
890,urn:mavedb:00000013-a-1#891,p.Gln17His,1.09232219069472,0.0235299622820658,3.0,0.0135850300575725,1.06569602105298,1.1189483603364498,1.0,4.0,missense,wt_like,17
945,urn:mavedb:00000013-a-1#946,p.Gln17Asn,1.1354092547965702,0.171581768644463,4.0,0.0857908843222316,0.967262211323158,1.30355629826999,0.0,4.0,missense,wt_like,17
1235,urn:mavedb:00000013-a-1#1236,p.Glu18Ter,0.0838244507922979,0.067759092814196,5.0,0.030302787525252,0.0244320786116344,0.1432168229729609,1.0,1.0,nonsense,low,18
1124,urn:mavedb:00000013-a-1#1125,p.Glu18Lys,0.692516625327712,0.6214089177305079,3.0,0.358770605928543,-0.0106608410038441,1.39569409165927,1.0,2.0,missense,possibly_low,18
1113,urn:mavedb:00000013-a-1#1114,p.Glu18Ile,0.751076337859385,0.288136406824427,2.0,0.203743207172278,0.351746989707037,1.15040568601173,0.0,3.0,missense,possibly_wt_like,18
1201,urn:mavedb:00000013-a-1#1202,p.Glu18Thr,0.8700142671953399,0.242728793448707,8.0,0.0858175879184049,0.701814885635166,1.03821364875551,0.0,3.0,missense,possibly_wt_like,18
1157,urn:mavedb:00000013-a-1#1158,p.Glu18Pro,0.8715260796907001,0.131589869587747,8.0,0.0465240445604745,0.7803406279370341,0.962711531444367,0.0,4.0,missense,wt_like,18
1179,urn:mavedb:00000013-a-1#1180,p.Glu18Arg,0.8770414607167819,0.0861204614713944,8.0,0.0304481811526689,0.8173641222628001,0.936718799170764,0.0,4.0,missense,wt_like,18
1146,urn:mavedb:00000013-a-1#1147,p.Glu18Asn,0.8875565518845201,0.166221209789935,8.0,0.0587680723097475,0.772373246716569,1.00273985705247,0.0,4.0,missense,wt_like,18
1190,urn:mavedb:00000013-a-1#1191,p.Glu18Ser,0.8956492930114789,0.256084455154716,8.0,0.0905395273981808,0.7181950801337671,1.07310350588919,0.0,4.0,missense,wt_like,18
1100,urn:mavedb:00000013-a-1#1101,p.Glu18His,0.8957064572349108,0.4174371435569249,6.0,0.170418000233233,0.561693314460437,1.22971960000939,0.0,3.0,missense,possibly_wt_like,18
1078,urn:mavedb:00000013-a-1#1079,p.Glu18Asp,0.909297834584841,0.0558003421308121,3.0,0.0322163425500976,0.8461549634730451,0.972440705696638,1.0,4.0,missense,wt_like,18
1135,urn:mavedb:00000013-a-1#1136,p.Glu18Leu,0.910302036192976,0.280362995296811,8.0,0.0991232875840737,0.7160239624989849,1.10458010988697,0.0,4.0,missense,wt_like,18
1067,urn:mavedb:00000013-a-1#1068,p.Glu18Cys,0.917617290862704,0.235712626762433,8.0,0.0833369983975051,0.7542797754239209,1.08095480630149,0.0,4.0,missense,wt_like,18
1056,urn:mavedb:00000013-a-1#1057,p.Glu18Ala,0.941364714532718,0.404428083377745,6.0,0.1651070736545409,0.617760796577016,1.26496863248842,1.0,3.0,missense,possibly_wt_like,18
1224,urn:mavedb:00000013-a-1#1225,p.Glu18Trp,0.9545043348518572,0.183329352218367,6.0,0.0748438946349957,0.8078129969045551,1.10119567279916,0.0,4.0,missense,wt_like,18
1089,urn:mavedb:00000013-a-1#1090,p.Glu18Gly,0.96493368079838,0.0803016375586769,8.0,0.0283909162290624,0.9092885075013242,1.02057885409544,1.0,4.0,missense,wt_like,18
1212,urn:mavedb:00000013-a-1#1213,p.Glu18Val,0.9918354576085072,0.145140956330286,8.0,0.0513150772245227,0.89125975438455,1.09241116083246,1.0,4.0,missense,wt_like,18
1168,urn:mavedb:00000013-a-1#1169,p.Glu18Gln,1.0855262778645698,0.245880550310862,3.0,0.141959201910469,0.807291354846002,1.36376120088314,1.0,4.0,missense,wt_like,18
1279,urn:mavedb:00000013-a-1#1280,p.Asp19Phe,0.513433505986566,0.377476971918378,6.0,0.154104328475153,0.211394572313536,0.8154724396595969,0.0,2.0,missense,possibly_low,19
1301,urn:mavedb:00000013-a-1#1302,p.Asp19His,0.538782382101053,0.443634472614182,2.0,0.313696943953606,-0.0760523301082946,1.1536170943103998,1.0,2.0,missense,possibly_low,19
1257,urn:mavedb:00000013-a-1#1258,p.Asp19Cys,0.619867874127646,0.225921811505315,8.0,0.0798754224666787,0.463314922843034,0.776420825412257,0.0,2.0,missense,possibly_low,19
1312,urn:mavedb:00000013-a-1#1313,p.Asp19Lys,0.633710634399675,0.311276842986203,6.0,0.127078239010106,0.3846418627210949,0.8827794060782559,0.0,2.0,missense,possibly_low,19
1368,urn:mavedb:00000013-a-1#1369,p.Asp19Gln,0.6656514089148621,0.229876145196505,8.0,0.0812734905507362,0.506358294537562,0.824944523292161,0.0,2.0,missense,possibly_low,19
1423,urn:mavedb:00000013-a-1#1424,p.Asp19Trp,0.7352265064315021,0.157733994101913,7.0,0.0596178459563702,0.618377675521159,0.8520753373418442,0.0,3.0,missense,possibly_wt_like,19
1335,urn:mavedb:00000013-a-1#1336,p.Asp19Met,0.7619434989285531,0.135194072147478,8.0,0.0477983225958526,0.668260508119255,0.855626489737852,0.0,3.0,missense,possibly_wt_like,19
1401,urn:mavedb:00000013-a-1#1402,p.Asp19Thr,0.796982438837225,0.250297368833716,8.0,0.0884934834077354,0.623538398491571,0.970426479182879,0.0,3.0,missense,possibly_wt_like,19
1323,urn:mavedb:00000013-a-1#1324,p.Asp19Leu,0.809827097931295,0.0838433124043558,8.0,0.0296430873791311,0.7517277142776241,0.8679264815849659,0.0,4.0,missense,wt_like,19
1412,urn:mavedb:00000013-a-1#1413,p.Asp19Val,0.820660513650636,0.0956880047052315,8.0,0.0338308185026397,0.75435332781795,0.8869676994833209,1.0,4.0,missense,wt_like,19
1290,urn:mavedb:00000013-a-1#1291,p.Asp19Gly,0.842904988048291,0.162034532735642,8.0,0.0572878584418831,0.730622848750771,0.955187127345811,1.0,4.0,missense,wt_like,19
1246,urn:mavedb:00000013-a-1#1247,p.Asp19Ala,0.875620980711325,0.102061122734212,8.0,0.036084055990437,0.804897530553942,0.946344430868708,1.0,4.0,missense,wt_like,19
1379,urn:mavedb:00000013-a-1#1380,p.Asp19Arg,0.903656013591753,0.0785680149727589,8.0,0.027777988085802,0.8492121573805981,0.958099869802907,0.0,4.0,missense,wt_like,19
1268,urn:mavedb:00000013-a-1#1269,p.Asp19Glu,0.961582135641724,0.136031369172628,8.0,0.0480943517980278,0.86731893825779,1.05584533302566,1.0,4.0,missense,wt_like,19
1357,urn:mavedb:00000013-a-1#1358,p.Asp19Pro,0.970758734362805,0.121230116347077,8.0,0.042861318676526,0.8867520934269201,1.05476537529869,0.0,4.0,missense,wt_like,19
1390,urn:mavedb:00000013-a-1#1391,p.Asp19Ser,0.9820436266122008,0.0917982802149913,8.0,0.0324555932206416,0.918431832802861,1.04565542042154,0.0,4.0,missense,wt_like,19
1434,urn:mavedb:00000013-a-1#1435,p.Asp19Tyr,1.0123927768108298,0.0920643521759047,3.0,0.0531533785115271,0.908214069271616,1.11657148435005,1.0,4.0,missense,wt_like,19
1346,urn:mavedb:00000013-a-1#1347,p.Asp19Asn,1.14509188612619,0.13943476239176,5.0,0.0623571214269012,1.02287417394987,1.2673095983025,1.0,4.0,missense,wt_like,19
1623,urn:mavedb:00000013-a-1#1624,p.Gly20Val,0.7089209137534099,0.271320709300848,8.0,0.0959263567114868,0.520908709430754,0.8969331180760659,1.0,3.0,missense,possibly_wt_like,20
1634,urn:mavedb:00000013-a-1#1635,p.Gly20Trp,0.780817192546597,0.290274814743778,3.0,0.167590242431289,0.452346353220934,1.10928803187226,0.0,3.0,missense,possibly_wt_like,20
1590,urn:mavedb:00000013-a-1#1591,p.Gly20Arg,0.8062813278162371,0.171915803982296,8.0,0.0607814153945093,0.6871519427136309,0.925410712918844,1.0,3.0,missense,possibly_wt_like,20
1457,urn:mavedb:00000013-a-1#1458,p.Gly20Cys,0.818745760751952,0.225586002070198,7.0,0.0852634943907209,0.651632382550106,0.985859138953798,0.0,3.0,missense,possibly_wt_like,20
1645,urn:mavedb:00000013-a-1#1646,p.Gly20Tyr,0.8216751197231609,0.2056793503611869,4.0,0.102839675180594,0.6201130601874001,1.02323717925892,0.0,3.0,missense,possibly_wt_like,20
1534,urn:mavedb:00000013-a-1#1535,p.Gly20Leu,0.840083497653014,0.0570133684922756,8.0,0.0201572697395878,0.8005759749367629,0.8795910203692651,0.0,4.0,missense,wt_like,20
1545,urn:mavedb:00000013-a-1#1546,p.Gly20Met,0.8440363380849392,0.171200420632367,8.0,0.060528489185568,0.725402679242603,0.962669996927274,0.0,4.0,missense,wt_like,20
1568,urn:mavedb:00000013-a-1#1569,p.Gly20Pro,0.848242767608899,0.289357590247945,7.0,0.109366889109284,0.633887603853516,1.06259793136428,0.0,3.0,missense,possibly_wt_like,20
1446,urn:mavedb:00000013-a-1#1447,p.Gly20Ala,0.8531795567101,0.118250203235501,7.0,0.0446943757491402,0.765580189930284,0.940778923489915,1.0,4.0,missense,wt_like,20
1601,urn:mavedb:00000013-a-1#1602,p.Gly20Ser,0.867774855144923,0.288358960806982,8.0,0.101950288301261,0.667955961860976,1.06759374842887,0.0,3.0,missense,possibly_wt_like,20
1490,urn:mavedb:00000013-a-1#1491,p.Gly20Phe,0.8717184186139392,0.184438243638408,8.0,0.0652087663934274,0.743911585006536,0.999525252221343,0.0,4.0,missense,wt_like,20
1512,urn:mavedb:00000013-a-1#1513,p.Gly20His,0.913933658684351,0.213081611747358,7.0,0.080537279092047,0.7560834922510881,1.07178382511761,0.0,4.0,missense,wt_like,20
1579,urn:mavedb:00000013-a-1#1580,p.Gly20Gln,0.92061115686805,0.164669764786093,6.0,0.0672261499650088,0.7888503241173441,1.05237198961876,0.0,4.0,missense,wt_like,20
1479,urn:mavedb:00000013-a-1#1480,p.Gly20Glu,0.963849319525736,0.1059705570192319,7.0,0.0400531057382684,0.8853466748097559,1.04235196424172,1.0,4.0,missense,wt_like,20
1523,urn:mavedb:00000013-a-1#1524,p.Gly20Ile,0.967527527839018,0.4594274676506229,5.0,0.205462209679476,0.564828996683229,1.37022605899481,0.0,3.0,missense,possibly_wt_like,20
1612,urn:mavedb:00000013-a-1#1613,p.Gly20Thr,0.982200108079512,0.117669903989181,8.0,0.0416025935261598,0.9006605231047792,1.06373969305424,0.0,4.0,missense,wt_like,20
1501,urn:mavedb:00000013-a-1#1502,p.Gly20=,0.9840293509021908,0.108848627727506,8.0,0.0384838013944849,0.9086024861808092,1.0594562156235698,0.0,4.0,synonymous,wt_like,20
1557,urn:mavedb:00000013-a-1#1558,p.Gly20Asn,0.9935961498397872,0.252040870149519,4.0,0.126020435074759,0.7466006357771899,1.24059166390238,0.0,4.0,missense,wt_like,20
1468,urn:mavedb:00000013-a-1#1469,p.Gly20Asp,1.07746659767115,0.3356777588878079,5.0,0.1501196574815849,0.7832374756357521,1.37169571970654,0.0,4.0,missense,wt_like,20
1845,urn:mavedb:00000013-a-1#1846,p.Phe21Ter,0.4088827300875229,0.0204615552874619,2.0,0.0144685044973878,0.3805249823624871,0.4372404778125589,0.0,1.0,nonsense,low,21
1756,urn:mavedb:00000013-a-1#1757,p.Phe21Met,0.7324932999508309,0.234437380085464,6.0,0.0957086596407174,0.5449077740464221,0.920078825855239,0.0,3.0,missense,possibly_wt_like,21
1690,urn:mavedb:00000013-a-1#1691,p.Phe21Glu,0.8085424180514871,0.213091182907316,8.0,0.0753391102224129,0.6608804753882641,0.95620436071471,0.0,3.0,missense,possibly_wt_like,21
1767,urn:mavedb:00000013-a-1#1768,p.Phe21Asn,0.817236933810671,0.481953258958985,7.0,0.182161209537513,0.4602075237368921,1.1742663438844498,0.0,3.0,missense,possibly_wt_like,21
1801,urn:mavedb:00000013-a-1#1802,p.Phe21Arg,0.8474053741809051,0.0645478534679768,8.0,0.022821112449121,0.802676815693489,0.892133932668321,0.0,4.0,missense,wt_like,21
1745,urn:mavedb:00000013-a-1#1746,p.Phe21Leu,0.850183358599965,0.11952473772736,7.0,0.0451761045066877,0.76163982080504,0.938726896394891,1.0,4.0,missense,wt_like,21
1812,urn:mavedb:00000013-a-1#1813,p.Phe21Ser,0.8693515851533459,0.104963728217116,8.0,0.0371102820004722,0.796616768976295,0.942086401330396,1.0,4.0,missense,wt_like,21
1823,urn:mavedb:00000013-a-1#1824,p.Phe21Val,0.8914277328145659,0.220340000162753,8.0,0.0779019541408638,0.738742708373182,1.04411275725595,1.0,4.0,missense,wt_like,21
1790,urn:mavedb:00000013-a-1#1791,p.Phe21Gln,0.892204321918575,0.102707861434092,7.0,0.0388199227208412,0.816118671503098,0.968289972334052,0.0,4.0,missense,wt_like,21
1712,urn:mavedb:00000013-a-1#1713,p.Phe21Gly,0.909542784017808,0.0626452247916101,8.0,0.0221484316295516,0.8661326557098399,0.952952912325777,0.0,4.0,missense,wt_like,21
1668,urn:mavedb:00000013-a-1#1669,p.Phe21Cys,0.910502801350021,0.291951180725913,7.0,0.110347174167491,0.6942263141859689,1.1267792885140702,1.0,3.0,missense,possibly_wt_like,21
1779,urn:mavedb:00000013-a-1#1780,p.Phe21Pro,0.918821223329698,0.164662536214863,8.0,0.0582169979824526,0.8047180039960501,1.03292444266335,0.0,4.0,missense,wt_like,21
1679,urn:mavedb:00000013-a-1#1680,p.Phe21Asp,0.924269188412593,0.216430061400738,3.0,0.124955954210443,0.6793600185062879,1.1691783583189,0.0,3.0,missense,possibly_wt_like,21
1656,urn:mavedb:00000013-a-1#1657,p.Phe21Ala,0.928378884983948,0.125072128150891,8.0,0.044219674976464,0.8417099146220111,1.01504785534588,0.0,4.0,missense,wt_like,21
1734,urn:mavedb:00000013-a-1#1735,p.Phe21Ile,0.945651605640987,0.142451238874693,4.0,0.0712256194373466,0.8060519567672321,1.08525125451474,1.0,4.0,missense,wt_like,21
1834,urn:mavedb:00000013-a-1#1835,p.Phe21Trp,0.954272460002629,0.108889199920383,7.0,0.0411562490643041,0.873607694097832,1.03493722590742,0.0,4.0,missense,wt_like,21
1723,urn:mavedb:00000013-a-1#1724,p.Phe21His,1.01792928524275,0.1637616899103209,4.0,0.0818808449551607,0.857445778106925,1.17841279237857,0.0,4.0,missense,wt_like,21
1701,urn:mavedb:00000013-a-1#1702,p.Phe21=,1.08036869141066,0.1524953847552519,4.0,0.0762476923776259,0.93092596044622,1.2298114223750902,0.0,4.0,synonymous,wt_like,21
1945,urn:mavedb:00000013-a-1#1946,p.Asp22Met,0.40590615119505,0.480558729266003,5.0,0.21491239716394,-0.0153144070774409,0.8271267094675409,0.0,2.0,missense,possibly_low,22
1934,urn:mavedb:00000013-a-1#1935,p.Asp22Leu,0.448036271076526,0.312836402302893,6.0,0.1277149264350219,0.197719614975702,0.6983529271773511,0.0,1.0,missense,low,22
1890,urn:mavedb:00000013-a-1#1891,p.Asp22Phe,0.6497644096151229,0.134565348813531,7.0,0.0508609211496092,0.5500788359413571,0.7494499832888879,0.0,2.0,missense,possibly_low,22
2023,urn:mavedb:00000013-a-1#2024,p.Asp22Val,0.6745362097493729,0.0890950643960715,8.0,0.0314998621023571,0.6127976145107751,0.7362748049879709,1.0,2.0,missense,possibly_low,22
2012,urn:mavedb:00000013-a-1#2013,p.Asp22Thr,0.7125482727076049,0.22071896936367,7.0,0.0834239289386793,0.549040376538965,0.8760561688762459,0.0,3.0,missense,possibly_wt_like,22
1878,urn:mavedb:00000013-a-1#1879,p.Asp22Glu,0.750652142482228,0.0667673573335597,8.0,0.0236058255662327,0.704385574547077,0.7969187104173789,1.0,3.0,missense,possibly_wt_like,22
1989,urn:mavedb:00000013-a-1#1990,p.Asp22Arg,0.7658874833957959,0.0509026226653336,8.0,0.0179967948334187,0.730614413685139,0.801160553106453,0.0,4.0,missense,wt_like,22
1856,urn:mavedb:00000013-a-1#1857,p.Asp22Cys,0.8029206059674391,0.150504832356176,2.0,0.106422987560397,0.594335383221907,1.01150582871297,0.0,3.0,missense,possibly_wt_like,22
1978,urn:mavedb:00000013-a-1#1979,p.Asp22Gln,0.8204625000233342,0.17586722649766,6.0,0.0717974945662909,0.6797419964931931,0.961183003553474,0.0,3.0,missense,possibly_wt_like,22
1912,urn:mavedb:00000013-a-1#1913,p.Asp22His,0.837734617878385,0.379052427636479,8.0,0.1340152710034889,0.575069513333172,1.1003997224236002,1.0,3.0,missense,possibly_wt_like,22
2034,urn:mavedb:00000013-a-1#2035,p.Asp22Trp,0.8393727992290569,0.2064618668502469,6.0,0.0842877041875912,0.674171934681813,1.0045736637763,0.0,3.0,missense,possibly_wt_like,22
1923,urn:mavedb:00000013-a-1#1924,p.Asp22Lys,0.8662452368564642,0.153560960212212,7.0,0.0580405874013996,0.752487775908172,0.980002697804757,0.0,4.0,missense,wt_like,22
1901,urn:mavedb:00000013-a-1#1902,p.Asp22Gly,0.92056085781108,0.0585907221349163,8.0,0.020714948468108,0.8799603048719851,0.9611614107501752,1.0,4.0,missense,wt_like,22
1867,urn:mavedb:00000013-a-1#1868,p.Asp22=,0.9407695784657428,0.243877978076422,6.0,0.0995627676314826,0.745630139706907,1.13590901722458,0.0,4.0,synonymous,wt_like,22
2001,urn:mavedb:00000013-a-1#2002,p.Asp22Ser,0.9424062704382192,0.0623570388485087,8.0,0.0220465425122468,0.8991958411305842,0.985616699745854,0.0,4.0,missense,wt_like,22
1967,urn:mavedb:00000013-a-1#1968,p.Asp22Pro,1.00009877925043,0.319133850928244,5.0,0.142720996919367,0.720370765450817,1.27982679305004,0.0,4.0,missense,wt_like,22
1956,urn:mavedb:00000013-a-1#1957,p.Asp22Asn,1.36050291199857,0.0213019011957825,2.0,0.0150627187877036,1.33098052566541,1.3900252983317198,1.0,4.0,missense,wt_like,22
2056,urn:mavedb:00000013-a-1#2057,p.Leu23Asp,0.316921860788886,0.326617927188954,7.0,0.123449972725339,0.0749643603547691,0.5588793612230029,0.0,1.0,missense,low,23
2067,urn:mavedb:00000013-a-1#2068,p.Leu23Glu,0.525456389242877,0.28523725634994,8.0,0.100846599106044,0.327800687031681,0.723112091454072,0.0,2.0,missense,possibly_low,23
2045,urn:mavedb:00000013-a-1#2046,p.Leu23Ala,0.544636141178215,0.215301549310991,7.0,0.0813763366233989,0.385141452202546,0.704130830153885,0.0,1.0,missense,low,23
2156,urn:mavedb:00000013-a-1#2157,p.Leu23Gln,0.561107598223781,0.20856772188544,6.0,0.0851474159056733,0.394221729672008,0.7279934667755529,0.0,2.0,missense,possibly_low,23
2167,urn:mavedb:00000013-a-1#2168,p.Leu23Arg,0.582188246847121,0.127674732595917,5.0,0.0570978762187158,0.470278465864712,0.6940980278295301,0.0,1.0,missense,low,23
2089,urn:mavedb:00000013-a-1#2090,p.Leu23His,0.587617643356906,0.248271722266575,8.0,0.0877773091957791,0.4155772786733421,0.7596580080404691,0.0,2.0,missense,possibly_low,23
2078,urn:mavedb:00000013-a-1#2079,p.Leu23Gly,0.671958382848102,0.128582426731607,8.0,0.0454607529416708,0.582856944372354,0.76105982132385,0.0,2.0,missense,possibly_low,23
2178,urn:mavedb:00000013-a-1#2179,p.Leu23Ser,0.682710016994181,0.478205415751675,6.0,0.195226543471182,0.30007302296442,1.06534701102394,1.0,2.0,missense,possibly_low,23
2134,urn:mavedb:00000013-a-1#2135,p.Leu23Asn,0.688573747533759,0.1728994551171359,3.0,0.0998235469546182,0.492923190693664,0.884224304373853,0.0,2.0,missense,possibly_low,23
2200,urn:mavedb:00000013-a-1#2201,p.Leu23Val,0.693521502434849,0.186534026201343,7.0,0.0705032349114798,0.555337701214781,0.8317053036549158,1.0,2.0,missense,possibly_low,23
2189,urn:mavedb:00000013-a-1#2190,p.Leu23Thr,0.695732008606155,0.126998939056437,4.0,0.0634994695282184,0.571275335293449,0.820188681918862,0.0,2.0,missense,possibly_low,23
2224,urn:mavedb:00000013-a-1#2225,p.Leu23Tyr,0.7098380412066441,0.134549037444923,8.0,0.047570268389714,0.6166020284279,0.8030740539853871,0.0,3.0,missense,possibly_wt_like,23
2145,urn:mavedb:00000013-a-1#2146,p.Leu23Pro,0.74321358433568,0.3684443300076661,6.0,0.150416767856733,0.448402136665561,1.0380250320058,0.0,3.0,missense,possibly_wt_like,23
2123,urn:mavedb:00000013-a-1#2124,p.Leu23Met,0.8608499769840379,0.15717933981265,6.0,0.0641681967747531,0.7350826223526421,0.986617331615433,0.0,4.0,missense,wt_like,23
2211,urn:mavedb:00000013-a-1#2212,p.Leu23Trp,0.8655819819084929,0.338832122685856,3.0,0.195624817242771,0.482164385630432,1.24899957818655,0.0,3.0,missense,possibly_wt_like,23
2112,urn:mavedb:00000013-a-1#2113,p.Leu23=,0.9033540606635808,0.163171995933665,6.0,0.0666146883914953,0.7727916705748922,1.03391645075227,0.0,4.0,synonymous,wt_like,23
2100,urn:mavedb:00000013-a-1#2101,p.Leu23Ile,1.31262379634751,0.490499370520028,2.0,0.346835431062445,0.632838842902697,1.99240874979233,1.0,3.0,missense,possibly_wt_like,23
2323,urn:mavedb:00000013-a-1#2324,p.Asp24Val,0.3712020929136571,0.239128669523306,2.0,0.169089503796046,0.0397927553096575,0.7026114305176561,1.0,1.0,missense,low,24
2257,urn:mavedb:00000013-a-1#2258,p.Asp24Ile,0.379687125124571,0.268985729189893,2.0,0.190201633152582,0.0068987743448117,0.752475475904331,0.0,2.0,missense,possibly_low,24
2279,urn:mavedb:00000013-a-1#2280,p.Asp24Met,0.4294364165431289,0.2962161427328089,4.0,0.148108071366405,0.1391499308452869,0.71972290224097,0.0,2.0,missense,possibly_low,24
2268,urn:mavedb:00000013-a-1#2269,p.Asp24Leu,0.475743791732349,0.152484638443789,6.0,0.0622515929666772,0.353732911537415,0.5977546719272829,0.0,1.0,missense,low,24
2312,urn:mavedb:00000013-a-1#2313,p.Asp24Ser,0.6279673987994039,0.327417696942005,8.0,0.1157596368940869,0.40108267962356,0.854852117975249,0.0,2.0,missense,possibly_low,24
2335,urn:mavedb:00000013-a-1#2336,p.Asp24Tyr,0.647107290268216,0.248179127412646,4.0,0.124089563706323,0.403896214546534,0.890318365989898,1.0,2.0,missense,possibly_low,24
2301,urn:mavedb:00000013-a-1#2302,p.Asp24Arg,0.673782955571218,0.158274686165983,6.0,0.064615370050967,0.547139157423595,0.800426753718841,0.0,2.0,missense,possibly_low,24
2235,urn:mavedb:00000013-a-1#2236,p.Asp24Glu,0.82740114356139,0.187980972222724,7.0,0.0710501291019241,0.688145449424698,0.9666568376980832,1.0,3.0,missense,possibly_wt_like,24
2290,urn:mavedb:00000013-a-1#2291,p.Asp24Asn,0.849291645696078,0.0584775170091303,4.0,0.0292387585045651,0.7919847320744658,0.90659855931769,1.0,4.0,missense,wt_like,24
2246,urn:mavedb:00000013-a-1#2247,p.Asp24Gly,0.874868539085298,0.0699625756048169,8.0,0.0247355058197213,0.826387838539263,0.923349239631332,1.0,4.0,missense,wt_like,24
2368,urn:mavedb:00000013-a-1#2369,p.Leu25Asp,0.345579706064662,0.23244457193203,6.0,0.0948950991188556,0.159588729482346,0.531570682646977,0.0,1.0,missense,low,25
2390,urn:mavedb:00000013-a-1#2391,p.Leu25Gly,0.358222304187231,0.0958506003821812,8.0,0.0338883047555211,0.291802447369292,0.424642161005169,0.0,1.0,missense,low,25
2479,urn:mavedb:00000013-a-1#2480,p.Leu25Arg,0.361511736170458,0.136800595992476,8.0,0.0483663145483203,0.266715501590814,0.456307970750101,0.0,1.0,missense,low,25
2523,urn:mavedb:00000013-a-1#2524,p.Leu25Trp,0.434919228187647,0.16277964186426,7.0,0.0615249215538559,0.314332597790438,0.555505858584857,1.0,1.0,missense,low,25
2379,urn:mavedb:00000013-a-1#2380,p.Leu25Glu,0.459421107372669,0.1852728419067469,8.0,0.0655038414409821,0.331035937299322,0.5878062774460171,0.0,1.0,missense,low,25
2457,urn:mavedb:00000013-a-1#2458,p.Leu25Pro,0.463589461226518,0.202715974111103,8.0,0.0716709199743988,0.323117039337844,0.6040618831151919,0.0,1.0,missense,low,25
2490,urn:mavedb:00000013-a-1#2491,p.Leu25Ser,0.501896280800665,0.128318099359207,8.0,0.0453672991029323,0.4129780084830609,0.5908145531182679,1.0,1.0,missense,low,25
2446,urn:mavedb:00000013-a-1#2447,p.Leu25Asn,0.523468650749743,0.2891339587199,3.0,0.166931568898797,0.196288787825336,0.8506485136741508,0.0,2.0,missense,possibly_low,25
2468,urn:mavedb:00000013-a-1#2469,p.Leu25Gln,0.5525101449053891,0.2236062748060269,8.0,0.0790567566156022,0.39756174920426,0.7074585406065179,0.0,2.0,missense,possibly_low,25
2346,urn:mavedb:00000013-a-1#2347,p.Leu25Ala,0.5629445804572,0.175337858973318,4.0,0.0876689294866591,0.391116636100166,0.7347725248142329,0.0,2.0,missense,possibly_low,25
2357,urn:mavedb:00000013-a-1#2358,p.Leu25Cys,0.599196176144,0.335235502661989,7.0,0.126707110097622,0.3508548037675089,0.847537548520491,0.0,2.0,missense,possibly_low,25
2501,urn:mavedb:00000013-a-1#2502,p.Leu25Thr,0.634034574544365,0.0867893472184372,7.0,0.0328032898842315,0.5697413077968441,0.6983278412918851,0.0,1.0,missense,low,25
2534,urn:mavedb:00000013-a-1#2535,p.Leu25Ter,0.658178169349559,0.170041446461815,8.0,0.0601187299379592,0.540347623874869,0.776008714824249,1.0,2.0,nonsense,possibly_low,25
2412,urn:mavedb:00000013-a-1#2413,p.Leu25Ile,0.700371691380119,0.253154552426421,5.0,0.113214157607802,0.478476019928785,0.9222673628314528,0.0,2.0,missense,possibly_low,25
2401,urn:mavedb:00000013-a-1#2402,p.Leu25His,0.746838400428582,0.148754289670577,5.0,0.066524940729621,0.6164519125248629,0.877224888332301,0.0,3.0,missense,possibly_wt_like,25
2512,urn:mavedb:00000013-a-1#2513,p.Leu25Val,0.8788539658217179,0.105553634829821,8.0,0.0373188454835276,0.8057103727293878,0.951997558914047,1.0,4.0,missense,wt_like,25
2423,urn:mavedb:00000013-a-1#2424,p.Leu25=,0.921993202683704,0.313875179078394,8.0,0.110971633786237,0.70449279715711,1.1394936082103,0.0,3.0,synonymous,possibly_wt_like,25
2545,urn:mavedb:00000013-a-1#2546,p.Leu25Tyr,0.934363836071874,0.197813193489374,3.0,0.11420750051035,0.7105212483072489,1.1582064238365,0.0,4.0,missense,wt_like,25
2434,urn:mavedb:00000013-a-1#2435,p.Leu25Met,1.00565117196936,0.162209057463316,7.0,0.0613092609214456,0.8854872286445581,1.12581511529416,1.0,4.0,missense,wt_like,25
2656,urn:mavedb:00000013-a-1#2657,p.Thr26Pro,0.13051033572119,0.078561578584885,3.0,0.0453575485439453,0.0416111741480304,0.21940949729435,1.0,1.0,missense,low,26
2645,urn:mavedb:00000013-a-1#2646,p.Thr26Asn,0.42161733710288,0.0486238485279288,2.0,0.034382253021486,0.354229359473424,0.4890053147323361,1.0,1.0,missense,low,26
2601,urn:mavedb:00000013-a-1#2602,p.Thr26Gly,0.4266731903073271,0.122252199802019,8.0,0.0432226797474903,0.341958294686937,0.511388085927717,0.0,1.0,missense,low,26
2623,urn:mavedb:00000013-a-1#2624,p.Thr26Leu,0.486823664496591,0.0891276161324743,6.0,0.036386196919202,0.415508029000572,0.558139299992609,0.0,1.0,missense,low,26
2723,urn:mavedb:00000013-a-1#2724,p.Thr26Ter,0.5279251246918351,0.324148904653439,4.0,0.16207445232672,0.21026503531741,0.845585214066259,0.0,2.0,nonsense,possibly_low,26
2590,urn:mavedb:00000013-a-1#2591,p.Thr26Glu,0.5358176580423589,0.371804213071237,2.0,0.262905280336399,0.0205327772376095,1.05110253884711,0.0,2.0,missense,possibly_low,26
2679,urn:mavedb:00000013-a-1#2680,p.Thr26Arg,0.604193828195795,0.25705566576299,8.0,0.0908829022017165,0.426066613069954,0.782321043321635,0.0,2.0,missense,possibly_low,26
2612,urn:mavedb:00000013-a-1#2613,p.Thr26Lys,0.62595598946623,0.132415456685554,8.0,0.0468159336781345,0.534198445554471,0.7177135333779899,0.0,2.0,missense,possibly_low,26
2579,urn:mavedb:00000013-a-1#2580,p.Thr26Asp,0.67014417668323,0.080571109581244,2.0,0.056972377952622,0.558480367782487,0.7818079855839731,0.0,2.0,missense,possibly_low,26
2712,urn:mavedb:00000013-a-1#2713,p.Thr26Val,0.6916531124075881,0.282893163580696,8.0,0.100017837159613,0.495621753763155,0.887684471052021,0.0,2.0,missense,possibly_low,26
2634,urn:mavedb:00000013-a-1#2635,p.Thr26Met,0.706704568216981,0.132455101327531,4.0,0.0662275506637656,0.576900954131699,0.836508182302264,0.0,2.0,missense,possibly_low,26
2557,urn:mavedb:00000013-a-1#2558,p.Thr26Ala,0.779671300254878,0.10266428119058,8.0,0.0362973047077509,0.70852989029181,0.8508127102179459,1.0,4.0,missense,wt_like,26
2668,urn:mavedb:00000013-a-1#2669,p.Thr26Gln,0.9261789194086892,0.142269133585344,4.0,0.0711345667926718,0.786757730439193,1.06560010837818,0.0,4.0,missense,wt_like,26
2568,urn:mavedb:00000013-a-1#2569,p.Thr26Cys,0.963216717709902,0.0807017511470238,5.0,0.0360909202936034,0.892479813765534,1.03395362165427,0.0,4.0,missense,wt_like,26
2690,urn:mavedb:00000013-a-1#2691,p.Thr26Ser,1.00302921822502,0.134775830433226,7.0,0.0509404757240751,0.903187720450496,1.10287071599954,1.0,4.0,missense,wt_like,26
2701,urn:mavedb:00000013-a-1#2702,p.Thr26=,1.14513234041245,0.161442329605827,7.0,0.0610194650308485,1.0255363865960898,1.26472829422882,0.0,4.0,synonymous,wt_like,26
2756,urn:mavedb:00000013-a-1#2757,p.Tyr27Gly,0.274944310704277,0.0587903071898865,4.0,0.0293951535949433,0.217330868338165,0.332557753070389,0.0,1.0,missense,low,27
2790,urn:mavedb:00000013-a-1#2791,p.Tyr27Gln,0.3145223727770789,0.229375870402572,5.0,0.102580007723667,0.113469252104852,0.5155754934493061,0.0,1.0,missense,low,27
2734,urn:mavedb:00000013-a-1#2735,p.Tyr27Cys,0.3494593521983481,0.140031730799771,5.0,0.0626240938150478,0.226718383756397,0.472200320640299,1.0,1.0,missense,low,27
2779,urn:mavedb:00000013-a-1#2780,p.Tyr27Leu,0.375397363355835,0.204061432522019,5.0,0.0912590469410444,0.196532918087938,0.554261808623732,0.0,1.0,missense,low,27
2812,urn:mavedb:00000013-a-1#2813,p.Tyr27Val,0.400731691836378,0.223306715073704,7.0,0.084402004882254,0.2353068020441869,0.56615658162857,0.0,1.0,missense,low,27
2801,urn:mavedb:00000013-a-1#2802,p.Tyr27Ser,0.5088289594896521,0.364800250661964,6.0,0.148929078693535,0.2169333289995909,0.800724589979713,1.0,2.0,missense,possibly_low,27
2767,urn:mavedb:00000013-a-1#2768,p.Tyr27Lys,0.552845894320624,0.171549425655347,6.0,0.0700347597538532,0.4155802875371569,0.690111501104092,0.0,1.0,missense,low,27
2745,urn:mavedb:00000013-a-1#2746,p.Tyr27Glu,0.684512817638745,0.192520428947596,8.0,0.0680662504128939,0.5511054182667879,0.8179202170107011,0.0,2.0,missense,possibly_low,27
2912,urn:mavedb:00000013-a-1#2913,p.Ile28Pro,0.132481857353196,0.267988172345207,2.0,0.189496253943085,-0.238923975580507,0.5038876902869001,0.0,1.0,missense,low,28
2823,urn:mavedb:00000013-a-1#2824,p.Ile28Asp,0.195986826477525,0.148595503546686,6.0,0.0606638602935515,0.0770878451389949,0.314885807816056,0.0,1.0,missense,low,28
2834,urn:mavedb:00000013-a-1#2835,p.Ile28Glu,0.201342301910482,0.269056429474344,7.0,0.101693771576015,0.0020261721694498,0.4006584316515129,0.0,1.0,missense,low,28
2945,urn:mavedb:00000013-a-1#2946,p.Ile28Ser,0.234566174343512,0.185032793749785,7.0,0.0699358223790626,0.0974944812513591,0.3716378674356649,1.0,1.0,missense,low,28
2867,urn:mavedb:00000013-a-1#2868,p.Ile28His,0.240580916254494,0.423204010326856,4.0,0.211602005163428,-0.174151392922283,0.6553132254312719,0.0,1.0,missense,low,28
2934,urn:mavedb:00000013-a-1#2935,p.Ile28Arg,0.277164103661491,0.117795921228612,7.0,0.0445226732898087,0.189901267518023,0.3644269398049601,0.0,1.0,missense,low,28
2923,urn:mavedb:00000013-a-1#2924,p.Ile28Gln,0.279772324419931,0.1538425317881009,8.0,0.0543915487311368,0.1731668478435469,0.386377800996314,0.0,1.0,missense,low,28
2856,urn:mavedb:00000013-a-1#2857,p.Ile28Gly,0.295384072654918,0.150787810724304,8.0,0.0533115417417146,0.190895370880854,0.3998727744289821,0.0,1.0,missense,low,28
2845,urn:mavedb:00000013-a-1#2846,p.Ile28Phe,0.3654844597644241,0.2074367113528689,8.0,0.0733399526323249,0.221740793977194,0.509228125551655,1.0,1.0,missense,low,28
2878,urn:mavedb:00000013-a-1#2879,p.Ile28Lys,0.3719564939329361,0.169922906592769,4.0,0.0849614532963845,0.20543510539784,0.538477882468031,0.0,1.0,missense,low,28
2901,urn:mavedb:00000013-a-1#2902,p.Ile28Met,0.506604223523752,0.109014530039736,2.0,0.0770849134389618,0.355520569432,0.657687877615505,1.0,1.0,missense,low,28
2890,urn:mavedb:00000013-a-1#2891,p.Ile28Leu,0.8121736762258579,0.143983995500378,8.0,0.0509060298003252,0.712399691221298,0.911947661230418,1.0,4.0,missense,wt_like,28
2956,urn:mavedb:00000013-a-1#2957,p.Ile28Val,1.0142934153102,0.252871619157475,8.0,0.0894036183379364,0.8390655432802759,1.18952128734012,1.0,4.0,missense,wt_like,28
2989,urn:mavedb:00000013-a-1#2990,p.Tyr29Asp,0.0242108788976218,0.0556051894188094,2.0,0.0393188065072026,-0.0528525657715943,0.101274323566838,1.0,1.0,missense,low,29
3134,urn:mavedb:00000013-a-1#3135,p.Tyr29Ter,0.168891762455647,0.121479851729604,6.0,0.0495939417944143,0.0716894226872195,0.266094102224075,1.0,1.0,nonsense,low,29
3112,urn:mavedb:00000013-a-1#3113,p.Tyr29Thr,0.3905586134709189,0.471924066158695,4.0,0.235962033079348,-0.0719184730834507,0.8530357000252901,0.0,2.0,missense,possibly_low,29
3078,urn:mavedb:00000013-a-1#3079,p.Tyr29Pro,0.4502163037046729,0.25481859557686,8.0,0.0900919784524149,0.273639270641981,0.6267933367673649,0.0,1.0,missense,low,29
3023,urn:mavedb:00000013-a-1#3024,p.Tyr29Ile,0.490620608936198,0.513769880985002,4.0,0.256884940492501,-0.0128646225998189,0.994105840472215,0.0,2.0,missense,possibly_low,29
2978,urn:mavedb:00000013-a-1#2979,p.Tyr29Cys,0.7287216649051079,0.6696382744000671,3.0,0.386615837984555,-0.0290314533973925,1.4864747832076102,1.0,3.0,missense,possibly_wt_like,29
3067,urn:mavedb:00000013-a-1#3068,p.Tyr29Asn,0.7410462949158131,0.4027161401959339,5.0,0.1801001330228889,0.388056520580077,1.09403606925155,1.0,3.0,missense,possibly_wt_like,29
2967,urn:mavedb:00000013-a-1#2968,p.Tyr29Ala,0.787979280275278,0.2347937908663299,8.0,0.0830121408510391,0.625278473927676,0.950680086622881,0.0,3.0,missense,possibly_wt_like,29
3034,urn:mavedb:00000013-a-1#3035,p.Tyr29Lys,0.825138611794961,0.246575522720061,4.0,0.12328776136003,0.5834990397947329,1.06677818379519,0.0,3.0,missense,possibly_wt_like,29
3123,urn:mavedb:00000013-a-1#3124,p.Tyr29Val,0.8403946442670849,0.419838297921904,7.0,0.158683961023143,0.5293797957375661,1.1514094927966,0.0,3.0,missense,possibly_wt_like,29
3089,urn:mavedb:00000013-a-1#3090,p.Tyr29Arg,0.841368879373928,0.2195028305478,8.0,0.0776059699849955,0.6892639732180411,0.9934737855298158,0.0,3.0,missense,possibly_wt_like,29
3012,urn:mavedb:00000013-a-1#3013,p.Tyr29Gly,0.8503665283856541,0.0836598435817311,8.0,0.029578221354824,0.7923942798034449,0.908338776967862,0.0,4.0,missense,wt_like,29
3100,urn:mavedb:00000013-a-1#3101,p.Tyr29Ser,0.861129727846938,0.188823864448001,8.0,0.0667593175005155,0.7302838699134531,0.991975585780422,1.0,4.0,missense,wt_like,29
3001,urn:mavedb:00000013-a-1#3002,p.Tyr29Phe,0.881937408977753,0.555958187997685,7.0,0.21013244354171,0.470085387652605,1.2937894303028998,1.0,3.0,missense,possibly_wt_like,29
3056,urn:mavedb:00000013-a-1#3057,p.Tyr29Met,0.9750354681582232,0.267354454325583,8.0,0.0945240738170243,0.7897716878048501,1.1602992485116002,0.0,4.0,missense,wt_like,29
3045,urn:mavedb:00000013-a-1#3046,p.Tyr29Leu,0.9800443433171928,0.194218426381956,8.0,0.0686665831630306,0.845460313376229,1.11462837325816,0.0,4.0,missense,wt_like,29
3223,urn:mavedb:00000013-a-1#3224,p.Pro30Ile,0.205142805565585,0.32447275619881,2.0,0.229436886218468,-0.244545228147625,0.654830839278796,0.0,1.0,missense,low,30
3335,urn:mavedb:00000013-a-1#3336,p.Pro30Val,0.306205999218019,0.106484292474725,8.0,0.0376478826493648,0.2324175051310739,0.3799944933049649,0.0,1.0,missense,low,30
3245,urn:mavedb:00000013-a-1#3246,p.Pro30Leu,0.3159476950399489,0.162306423944488,8.0,0.0573839865006429,0.203477148209356,0.428418241870542,1.0,1.0,missense,low,30
3256,urn:mavedb:00000013-a-1#3257,p.Pro30Met,0.4364000065747899,0.194519141094988,6.0,0.079412106814528,0.280755137281867,0.592044875867712,0.0,1.0,missense,low,30
3346,urn:mavedb:00000013-a-1#3347,p.Pro30Trp,0.482717434755324,0.2536286398031689,7.0,0.0958626151832517,0.294830161532328,0.67060470797832,0.0,1.0,missense,low,30
3189,urn:mavedb:00000013-a-1#3190,p.Pro30Phe,0.494959260834684,0.0839374787038855,8.0,0.0296763801936094,0.436794624463692,0.553123897205676,0.0,1.0,missense,low,30
3300,urn:mavedb:00000013-a-1#3301,p.Pro30Arg,0.515693369851473,0.281636146003098,8.0,0.0995734143330177,0.320533063941074,0.7108536757618721,1.0,2.0,missense,possibly_low,30
3311,urn:mavedb:00000013-a-1#3312,p.Pro30Ser,0.51579984390907,0.291001300174747,8.0,0.102884496343833,0.314149936507615,0.7174497513105251,1.0,2.0,missense,possibly_low,30
3156,urn:mavedb:00000013-a-1#3157,p.Pro30Cys,0.5294258267967971,0.168101207811759,7.0,0.0635362844227862,0.4048969976166429,0.653954655976951,0.0,1.0,missense,low,30
3357,urn:mavedb:00000013-a-1#3358,p.Pro30Tyr,0.545779530579021,0.358613215476726,8.0,0.126788918243353,0.297277817183256,0.7942812439747859,0.0,2.0,missense,possibly_low,30
3145,urn:mavedb:00000013-a-1#3146,p.Pro30Ala,0.6951514713990021,0.299100269002835,8.0,0.105747914233312,0.487889368061479,0.902413574736525,1.0,2.0,missense,possibly_low,30
3322,urn:mavedb:00000013-a-1#3323,p.Pro30Thr,0.7151539642668471,0.100127458231334,7.0,0.0378446219841597,0.640979868169361,0.7893280603643329,1.0,3.0,missense,possibly_wt_like,30
3167,urn:mavedb:00000013-a-1#3168,p.Pro30Asp,0.7927212843489909,0.377127220593906,6.0,0.15396154309485,0.490962204878873,1.0944803638191098,0.0,3.0,missense,possibly_wt_like,30
3289,urn:mavedb:00000013-a-1#3290,p.Pro30Gln,0.811433910465838,0.188322116438728,7.0,0.0711790694957462,0.6719254978011021,0.950942323130574,1.0,3.0,missense,possibly_wt_like,30
3200,urn:mavedb:00000013-a-1#3201,p.Pro30Gly,0.814705086018216,0.0882351148277004,8.0,0.0311958240167203,0.753562394477394,0.8758477775590371,0.0,4.0,missense,wt_like,30
3267,urn:mavedb:00000013-a-1#3268,p.Pro30Asn,0.8547187526114659,0.2222610743278889,6.0,0.0907377036310224,0.6768761214547929,1.03256138376814,0.0,3.0,missense,possibly_wt_like,30
3178,urn:mavedb:00000013-a-1#3179,p.Pro30Glu,0.86635706466546,0.173456736498323,8.0,0.0613262173102262,0.7461598874293391,0.98655424190158,0.0,4.0,missense,wt_like,30
3234,urn:mavedb:00000013-a-1#3235,p.Pro30Lys,0.911266876724201,0.133197106573175,8.0,0.0470922886461598,0.8189676870281629,1.00356606642024,0.0,4.0,missense,wt_like,30
3278,urn:mavedb:00000013-a-1#3279,p.Pro30=,0.9441525373046628,0.256176066446737,8.0,0.0905719168810915,0.7666348422069681,1.1216702324023602,0.0,4.0,synonymous,wt_like,30
3211,urn:mavedb:00000013-a-1#3212,p.Pro30His,1.04170423246769,0.138208472212087,6.0,0.0564233725082068,0.931116454465313,1.15229201047006,0.0,4.0,missense,wt_like,30
3545,urn:mavedb:00000013-a-1#3546,p.Asn31Ter,0.0236428744426264,0.0273981263465173,2.0,0.0193734009314282,-0.0143282936410276,0.0616140425262803,0.0,1.0,nonsense,low,31
3523,urn:mavedb:00000013-a-1#3524,p.Asn31Val,0.200728100127828,0.189390354981317,8.0,0.0669596021493083,0.0694896914960532,0.331966508759603,0.0,1.0,missense,low,31
3468,urn:mavedb:00000013-a-1#3469,p.Asn31Pro,0.250658190873891,0.184087912503062,6.0,0.0751535755744363,0.103359889438586,0.3979564923091951,0.0,1.0,missense,low,31
3390,urn:mavedb:00000013-a-1#3391,p.Asn31Asp,0.262646186425402,0.364056621925053,4.0,0.1820283109625269,-0.0941227472278073,0.619415120078612,1.0,1.0,missense,low,31
3534,urn:mavedb:00000013-a-1#3535,p.Asn31Trp,0.2811811747789929,0.181496106023451,7.0,0.0685990800663804,0.146729448476308,0.415632901081678,0.0,1.0,missense,low,31
3368,urn:mavedb:00000013-a-1#3369,p.Asn31Ala,0.312024050030419,0.163745088820392,7.0,0.0618898262038484,0.190722219661433,0.433325880399405,0.0,1.0,missense,low,31
3457,urn:mavedb:00000013-a-1#3458,p.Asn31Leu,0.312116313567024,0.255737187863548,8.0,0.0904167498699463,0.134902740222763,0.489329886911285,0.0,1.0,missense,low,31
3412,urn:mavedb:00000013-a-1#3413,p.Asn31Phe,0.326835413795987,0.1676252201106619,8.0,0.0592644649190684,0.210679196991576,0.442991630600399,0.0,1.0,missense,low,31
3557,urn:mavedb:00000013-a-1#3558,p.Asn31Tyr,0.4389139405509349,0.140814293103072,7.0,0.0532228000848696,0.334599169228215,0.543228711873654,1.0,1.0,missense,low,31
3401,urn:mavedb:00000013-a-1#3402,p.Asn31Glu,0.5250543156665589,0.153665796520968,7.0,0.0580802118015906,0.411219192320983,0.638889439012135,0.0,1.0,missense,low,31
3423,urn:mavedb:00000013-a-1#3424,p.Asn31Gly,0.588536315738235,0.168984354651257,8.0,0.0597449915441682,0.471438284055016,0.7056343474214549,0.0,1.0,missense,low,31
3379,urn:mavedb:00000013-a-1#3380,p.Asn31Cys,0.621920700514229,0.529248132303609,6.0,0.216064645244141,0.19844177750329,1.04539962352517,0.0,2.0,missense,possibly_low,31
3512,urn:mavedb:00000013-a-1#3513,p.Asn31Thr,0.638599460501703,0.311057879514447,5.0,0.139109312706249,0.365950217683336,0.91124870332007,1.0,2.0,missense,possibly_low,31
3501,urn:mavedb:00000013-a-1#3502,p.Asn31Ser,0.68472207654788,0.118294362940769,8.0,0.0418233731057802,0.6027497715485699,0.7666943815471899,1.0,2.0,missense,possibly_low,31
3434,urn:mavedb:00000013-a-1#3435,p.Asn31His,0.69428868495458,0.272939641176191,3.0,0.157581775305593,0.3854340807357341,1.00314328917343,1.0,2.0,missense,possibly_low,31
3446,urn:mavedb:00000013-a-1#3447,p.Asn31Lys,0.724761785841912,0.0953960285642473,4.0,0.0476980142821236,0.6312753957148729,0.818248175968952,1.0,3.0,missense,possibly_wt_like,31
3479,urn:mavedb:00000013-a-1#3480,p.Asn31Gln,0.831986849424687,0.248731348825034,8.0,0.0879398117239289,0.659627985638553,1.00434571321082,0.0,3.0,missense,possibly_wt_like,31
3490,urn:mavedb:00000013-a-1#3491,p.Asn31Arg,0.914867640988046,0.152750680305743,7.0,0.057734330383561,0.80171043276473,1.02802484921136,0.0,4.0,missense,wt_like,31
3723,urn:mavedb:00000013-a-1#3724,p.Met35Ter,0.180567849008464,0.179175839597811,3.0,0.103447219224073,-0.0221849749715385,0.3833206729884671,0.0,1.0,nonsense,low,35
3679,urn:mavedb:00000013-a-1#3680,p.Met35Arg,0.343871147334104,0.186191150053552,8.0,0.0658285123998942,0.214849633874463,0.472892660793745,1.0,1.0,missense,low,35
3634,urn:mavedb:00000013-a-1#3635,p.Met35Lys,0.356400875207199,0.3379987428923499,7.0,0.127751516735088,0.106012503436061,0.606789246978338,1.0,1.0,missense,low,35
3656,urn:mavedb:00000013-a-1#3657,p.Met35Pro,0.372339117150519,0.167365203141658,7.0,0.0632581008055191,0.248355517841298,0.496322716459741,0.0,1.0,missense,low,35
3601,urn:mavedb:00000013-a-1#3602,p.Met35Gly,0.375145595583502,0.128576785816192,8.0,0.0454587585768998,0.286048065990877,0.464243125176127,0.0,1.0,missense,low,35
3668,urn:mavedb:00000013-a-1#3669,p.Met35Gln,0.376256704900798,0.175104696198476,2.0,0.123817718099553,0.133578436777741,0.6189349730238539,0.0,1.0,missense,low,35
3579,urn:mavedb:00000013-a-1#3580,p.Met35Asp,0.421976036949061,0.107170095381575,7.0,0.0405064886232454,0.3425847781073189,0.501367295790804,0.0,1.0,missense,low,35
3568,urn:mavedb:00000013-a-1#3569,p.Met35Ala,0.522027197740106,0.187285887628181,6.0,0.076459143452212,0.372170030284989,0.6718843651952231,0.0,1.0,missense,low,35
3612,urn:mavedb:00000013-a-1#3613,p.Met35His,0.533922595389126,0.133070025326738,6.0,0.0543256103516237,0.427446355661787,0.6403988351164649,0.0,1.0,missense,low,35
3701,urn:mavedb:00000013-a-1#3702,p.Met35Thr,0.601580782987179,0.118147420771233,4.0,0.0590737103856165,0.485798438198221,0.7173631277761371,1.0,2.0,missense,possibly_low,35
3690,urn:mavedb:00000013-a-1#3691,p.Met35Ser,0.610035334197037,0.126335063108277,8.0,0.0446661899127465,0.522491210641428,0.697579457752647,0.0,1.0,missense,low,35
3734,urn:mavedb:00000013-a-1#3735,p.Met35Tyr,0.72093274906027,0.0819878845455813,7.0,0.030988507575412,0.6601963902778161,0.7816691078427241,0.0,3.0,missense,possibly_wt_like,35
3645,urn:mavedb:00000013-a-1#3646,p.Met35Leu,0.884312033427592,0.227244499335383,8.0,0.0803430632336956,0.726842523081924,1.04178154377326,1.0,4.0,missense,wt_like,35
3623,urn:mavedb:00000013-a-1#3624,p.Met35Ile,0.9945011059880008,0.142993716908051,7.0,0.0540465448547823,0.8885718245838,1.1004303873922,1.0,4.0,missense,wt_like,35
3712,urn:mavedb:00000013-a-1#3713,p.Met35Val,1.06120850439345,0.082293533599916,5.0,0.036802787047615,0.9890763672494308,1.1333406415374798,1.0,4.0,missense,wt_like,35
3590,urn:mavedb:00000013-a-1#3591,p.Met35Phe,1.10980210855726,0.19455680618569,4.0,0.097278403092845,0.919139942021714,1.3004642750928102,0.0,4.0,missense,wt_like,35
3793,urn:mavedb:00000013-a-1#3794,p.Gly36Leu,0.525434068352019,0.173728952622877,4.0,0.0868644763114385,0.3551828232456671,0.695685313458371,0.0,1.0,missense,low,36
3798,urn:mavedb:00000013-a-1#3799,p.Gly36Val,0.560917990472215,0.167060193006474,7.0,0.0631428178105116,0.437160341681238,0.684675639263192,1.0,1.0,missense,low,36
3795,urn:mavedb:00000013-a-1#3796,p.Gly36Arg,0.670366063895785,0.145831427472897,5.0,0.0652177970170454,0.542541530591332,0.798190597200238,1.0,2.0,missense,possibly_low,36
3794,urn:mavedb:00000013-a-1#3795,p.Gly36Pro,0.6752813324400021,0.112438499127924,7.0,0.0424977580688341,0.591987257201391,0.7585754076786129,0.0,2.0,missense,possibly_low,36
3792,urn:mavedb:00000013-a-1#3793,p.Gly36Lys,0.67815451122501,0.37383250283673,5.0,0.167182977708362,0.350481896088457,1.00582712636156,0.0,2.0,missense,possibly_low,36
3745,urn:mavedb:00000013-a-1#3746,p.Gly36Ala,0.7449907960248241,0.303634247232533,8.0,0.107350917609298,0.5345868638032729,0.955394728246376,1.0,3.0,missense,possibly_wt_like,36
3800,urn:mavedb:00000013-a-1#3801,p.Gly36Trp,0.756337236948117,0.186674411207802,3.0,0.107776521561639,0.545099136308299,0.967575337587935,0.0,3.0,missense,possibly_wt_like,36
3791,urn:mavedb:00000013-a-1#3792,p.Gly36His,0.8003637465471322,0.318728035480643,7.0,0.1204678739637069,0.5642510522841561,1.03647644081011,0.0,3.0,missense,possibly_wt_like,36
3756,urn:mavedb:00000013-a-1#3757,p.Gly36Cys,0.8150749536172521,0.156908909793566,2.0,0.110951354143618,0.597614295459811,1.03253561177469,0.0,3.0,missense,possibly_wt_like,36
3779,urn:mavedb:00000013-a-1#3780,p.Gly36Phe,0.8609599684244059,0.191310756885556,4.0,0.0956553784427782,0.673478871749012,1.0484410650998002,0.0,3.0,missense,possibly_wt_like,36
3796,urn:mavedb:00000013-a-1#3797,p.Gly36Ser,0.8718286655621851,0.219783764249004,8.0,0.0777052950475881,0.719529085860854,1.02412824526352,0.0,4.0,missense,wt_like,36
3767,urn:mavedb:00000013-a-1#3768,p.Gly36Asp,0.966427058291766,0.302224085583573,7.0,0.114229967238291,0.7425404365495258,1.19031368003401,0.0,4.0,missense,wt_like,36
3797,urn:mavedb:00000013-a-1#3798,p.Gly36Thr,0.9745694655215892,0.0827058773897991,6.0,0.0337645330556993,0.908392196777606,1.04074673426557,0.0,4.0,missense,wt_like,36
3790,urn:mavedb:00000013-a-1#3791,p.Gly36=,1.03494462064349,0.250374478627172,8.0,0.0885207458366599,0.861447146919015,1.20844209436797,0.0,4.0,synonymous,wt_like,36
3807,urn:mavedb:00000013-a-1#3808,p.Phe37Leu,0.575624600243423,0.4591664087018549,4.0,0.229583204350928,0.1256497882603049,1.02559941222654,1.0,2.0,missense,possibly_low,37
3815,urn:mavedb:00000013-a-1#3816,p.Phe37Val,0.581470558033593,0.302627962429689,7.0,0.114382618337594,0.3572847456345179,0.805656370432667,1.0,2.0,missense,possibly_low,37
3816,urn:mavedb:00000013-a-1#3817,p.Phe37Tyr,0.751255198634222,0.253418993843137,6.0,0.103457871007533,0.548481497542267,0.954028899726177,1.0,3.0,missense,possibly_wt_like,37
3812,urn:mavedb:00000013-a-1#3813,p.Phe37Gln,0.763770340776027,0.220945372903439,6.0,0.0902005707737295,0.586980470674561,0.9405602108774928,0.0,3.0,missense,possibly_wt_like,37
3804,urn:mavedb:00000013-a-1#3805,p.Phe37Glu,0.7774729482747931,0.4273809467300329,3.0,0.246748504641102,0.2938547659391189,1.26109113061047,0.0,3.0,missense,possibly_wt_like,37
3813,urn:mavedb:00000013-a-1#3814,p.Phe37Arg,0.78676686229995,0.183343559587246,7.0,0.0692973518790293,0.650946548393053,0.922587176206846,0.0,3.0,missense,possibly_wt_like,37
3814,urn:mavedb:00000013-a-1#3815,p.Phe37Ser,0.841096374865119,0.6768079060169641,5.0,0.302677697112644,0.247858989600814,1.43433376012942,1.0,3.0,missense,possibly_wt_like,37
3805,urn:mavedb:00000013-a-1#3806,p.Phe37Gly,0.8535708011295869,0.35877346093534,8.0,0.126845573568573,0.6049580453368579,1.1021835569223202,0.0,3.0,missense,possibly_wt_like,37
3806,urn:mavedb:00000013-a-1#3807,p.Phe37His,0.877439622234752,0.291916930902984,6.0,0.119174587998601,0.6438617218850949,1.11101752258441,0.0,3.0,missense,possibly_wt_like,37
3803,urn:mavedb:00000013-a-1#3804,p.Phe37Asp,0.9145382168406592,0.0974303019978385,4.0,0.0487151509989193,0.8190582753813471,1.01001815829997,0.0,4.0,missense,wt_like,37
3809,urn:mavedb:00000013-a-1#3810,p.Phe37Asn,0.9803641433880472,0.0905012460421417,7.0,0.0342062557669965,0.913321114038768,1.04740717273733,0.0,4.0,missense,wt_like,37
3801,urn:mavedb:00000013-a-1#3802,p.Phe37Ala,0.999407466033995,0.248125055733132,8.0,0.0877254547455939,0.8274687342052321,1.17134619786276,0.0,4.0,missense,wt_like,37
3802,urn:mavedb:00000013-a-1#3803,p.Phe37Cys,1.08066497885685,0.14403453770728,2.0,0.101847798337887,0.881046962209889,1.2802829955038,1.0,4.0,missense,wt_like,37
3811,urn:mavedb:00000013-a-1#3812,p.Phe37Pro,1.16305428446803,0.403892951972226,2.0,0.285595445213013,0.603297497701838,1.72281107123422,0.0,3.0,missense,possibly_wt_like,37
3808,urn:mavedb:00000013-a-1#3809,p.Phe37Met,1.1951303364328,0.25255232202515,4.0,0.126276161012575,0.947633608742174,1.44262706412343,0.0,4.0,missense,wt_like,37
3834,urn:mavedb:00000013-a-1#3835,p.Pro38Ter,-0.0274945396175169,0.106371186506055,8.0,0.0376078936506451,-0.101204656707194,0.0462155774721602,0.0,1.0,nonsense,low,38
3823,urn:mavedb:00000013-a-1#3824,p.Pro38His,0.620797543368032,0.2444478159426749,5.0,0.109320386679835,0.406533522699562,0.8350615640365021,1.0,2.0,missense,possibly_low,38
3826,urn:mavedb:00000013-a-1#3827,p.Pro38Leu,0.627175442185471,0.128315660892477,7.0,0.0484987611480557,0.532119617040471,0.7222312673304699,1.0,2.0,missense,possibly_low,38
3824,urn:mavedb:00000013-a-1#3825,p.Pro38Ile,0.68473266990327,0.430035829970084,3.0,0.248281302194412,0.198110259567516,1.17135508023902,0.0,2.0,missense,possibly_low,38
3819,urn:mavedb:00000013-a-1#3820,p.Pro38Glu,0.6907232373229579,0.276791246309267,6.0,0.11299955312112,0.469248182936441,0.912198291709475,0.0,2.0,missense,possibly_low,38
3827,urn:mavedb:00000013-a-1#3828,p.Pro38Met,0.7133440668791372,0.347204543844551,4.0,0.1736022719222759,0.373089866277147,1.0535982674811302,0.0,3.0,missense,possibly_wt_like,38
3820,urn:mavedb:00000013-a-1#3821,p.Pro38Phe,0.779743401753261,0.151160474537855,6.0,0.0617110053157855,0.6587920538845621,0.9006947496219609,0.0,3.0,missense,possibly_wt_like,38
3822,urn:mavedb:00000013-a-1#3823,p.Pro38Gly,0.7802943462141959,0.279563089449899,7.0,0.105664915776762,0.573194916862284,0.987393775566109,0.0,3.0,missense,possibly_wt_like,38
3833,urn:mavedb:00000013-a-1#3834,p.Pro38Val,0.79618040024161,0.285881356610703,8.0,0.101074322937119,0.5980783675230871,0.994282432960134,0.0,3.0,missense,possibly_wt_like,38
3818,urn:mavedb:00000013-a-1#3819,p.Pro38Cys,0.832771498600659,0.218184902331434,8.0,0.0771400119955409,0.681579853322411,0.9839631438789068,0.0,3.0,missense,possibly_wt_like,38
3829,urn:mavedb:00000013-a-1#3830,p.Pro38Arg,0.8615850821620259,0.157634194025488,7.0,0.0595801250730779,0.744810182824402,0.978359981499651,1.0,4.0,missense,wt_like,38
3817,urn:mavedb:00000013-a-1#3818,p.Pro38Ala,0.871090202682648,0.0931122338462123,8.0,0.0329201459820421,0.8065679021920441,0.935612503173251,1.0,4.0,missense,wt_like,38
3831,urn:mavedb:00000013-a-1#3832,p.Pro38Thr,0.886312499227035,0.1874596217422869,4.0,0.0937298108711437,0.702605445641842,1.07001955281223,1.0,3.0,missense,possibly_wt_like,38
3835,urn:mavedb:00000013-a-1#3836,p.Pro38Tyr,0.912021542565524,0.0454270825973377,2.0,0.0321217981540989,0.849063975064825,0.974979110066223,0.0,4.0,missense,wt_like,38
3825,urn:mavedb:00000013-a-1#3826,p.Pro38Lys,0.96271311969749,0.0558222632953659,4.0,0.027911131647683,0.908008306900276,1.01741793249471,0.0,4.0,missense,wt_like,38
3830,urn:mavedb:00000013-a-1#3831,p.Pro38Ser,1.13611952068973,0.262707164665255,4.0,0.131353582332628,0.878671230077466,1.393567811302,1.0,4.0,missense,wt_like,38
3828,urn:mavedb:00000013-a-1#3829,p.Pro38=,1.19244499635198,0.0283553968448751,2.0,0.0200502933922468,1.15314714342371,1.23174284928024,0.0,4.0,synonymous,wt_like,38
3849,urn:mavedb:00000013-a-1#3850,p.Ala39Ter,0.0661377597389904,0.13064798586771,8.0,0.0461910383777111,-0.0243950118898308,0.1566705313678119,0.0,1.0,nonsense,low,39
3841,urn:mavedb:00000013-a-1#3842,p.Ala39Leu,0.522748270876499,0.262842202294154,8.0,0.0929287518121012,0.34061126419652,0.704885277556479,0.0,1.0,missense,low,39
3844,urn:mavedb:00000013-a-1#3845,p.Ala39Pro,0.68327531602677,0.0971121751326483,5.0,0.0434298850078932,0.598154305558583,0.7683963264949558,1.0,2.0,missense,possibly_low,39
3845,urn:mavedb:00000013-a-1#3846,p.Ala39Arg,0.696042182917223,0.248535231384844,8.0,0.0878704737379953,0.52381921908628,0.8682651467481659,0.0,2.0,missense,possibly_low,39
3846,urn:mavedb:00000013-a-1#3847,p.Ala39Ser,0.7025069855048659,0.131484533128525,2.0,0.0929736049963273,0.520282068199211,0.88473190281052,1.0,2.0,missense,possibly_low,39
3848,urn:mavedb:00000013-a-1#3849,p.Ala39Trp,0.719033177936859,0.0716134330768575,2.0,0.0506383441526949,0.619783847160832,0.8182825087128851,0.0,3.0,missense,possibly_wt_like,39
3842,urn:mavedb:00000013-a-1#3843,p.Ala39Met,0.818996305058285,0.17582339431507,2.0,0.124325914411423,0.575321990466887,1.06267061964968,0.0,3.0,missense,possibly_wt_like,39
3838,urn:mavedb:00000013-a-1#3839,p.Ala39Asp,0.89624189292703,0.225026101826212,8.0,0.0795587412726444,0.7403096253773059,1.05217416047675,0.0,4.0,missense,wt_like,39
3836,urn:mavedb:00000013-a-1#3837,p.Ala39=,0.941829387781626,0.15265044729692,7.0,0.0576964458672033,0.828746431845943,1.0549123437173102,0.0,4.0,synonymous,wt_like,39
3847,urn:mavedb:00000013-a-1#3848,p.Ala39Val,0.973750031845178,0.198286860834451,8.0,0.0701049919581168,0.8363467724707991,1.11115329121956,1.0,4.0,missense,wt_like,39
3840,urn:mavedb:00000013-a-1#3841,p.Ala39Gly,1.00501395623524,0.185727490403765,8.0,0.0656645839586308,0.87631373661652,1.13371417585397,1.0,4.0,missense,wt_like,39
3839,urn:mavedb:00000013-a-1#3840,p.Ala39Phe,1.01573299455786,0.120158846304153,6.0,0.0490546435877804,0.919587659851357,1.1118783292643502,0.0,4.0,missense,wt_like,39
3837,urn:mavedb:00000013-a-1#3838,p.Ala39Cys,1.0766618793228,0.0764042957265308,2.0,0.0540259956200123,0.970772873678654,1.18255088496694,0.0,4.0,missense,wt_like,39
3863,urn:mavedb:00000013-a-1#3864,p.Glu40Trp,0.4842610449501789,0.2040547384006689,3.0,0.117811058145045,0.253355614005337,0.71516647589502,0.0,2.0,missense,possibly_low,40
3860,urn:mavedb:00000013-a-1#3861,p.Glu40Ser,0.5517221952515661,0.215554701483562,4.0,0.107777350741781,0.340482469448533,0.7629619210545981,0.0,2.0,missense,possibly_low,40
3859,urn:mavedb:00000013-a-1#3860,p.Glu40Arg,0.564691372503094,0.16075518763913,7.0,0.0607597497795231,0.4456044512255629,0.683778293780625,0.0,1.0,missense,low,40
3852,urn:mavedb:00000013-a-1#3853,p.Glu40Phe,0.65838268305463,0.167926202126254,5.0,0.0750988806315348,0.511191581737549,0.8055737843717109,0.0,2.0,missense,possibly_low,40
3857,urn:mavedb:00000013-a-1#3858,p.Glu40Leu,0.745650612783614,0.167032609663442,7.0,0.063132392286799,0.621913397643634,0.8693878279235941,0.0,3.0,missense,possibly_wt_like,40
3851,urn:mavedb:00000013-a-1#3852,p.Glu40Cys,0.7560059199951179,0.307941154558813,4.0,0.153970577279407,0.45422913384864,1.0577827061416,0.0,3.0,missense,possibly_wt_like,40
3853,urn:mavedb:00000013-a-1#3854,p.Glu40Gly,0.8062586566631059,0.14227912076788,8.0,0.0503032655581137,0.7076660678644491,0.904851245461763,1.0,4.0,missense,wt_like,40
3862,urn:mavedb:00000013-a-1#3863,p.Glu40Val,0.8614527782859671,0.128979532412299,7.0,0.048749680997191,0.7659051592736559,0.957000397298277,1.0,4.0,missense,wt_like,40
3864,urn:mavedb:00000013-a-1#3865,p.Glu40Tyr,0.887517226329769,0.125292555765855,7.0,0.0473561348120207,0.7947009076511851,0.980333545008353,0.0,4.0,missense,wt_like,40
3858,urn:mavedb:00000013-a-1#3859,p.Glu40Pro,0.957156331697658,0.189196357819754,7.0,0.0715095016786087,0.8170002838551791,1.09731237954014,0.0,4.0,missense,wt_like,40
3856,urn:mavedb:00000013-a-1#3857,p.Glu40His,1.01217333374671,0.0273493815485204,3.0,0.015790172799208,0.981225163750601,1.04312150374282,0.0,4.0,missense,wt_like,40
3861,urn:mavedb:00000013-a-1#3862,p.Glu40Thr,1.15874510519402,0.3500486380329569,5.0,0.156546510014582,0.851919583660003,1.46557062672804,0.0,4.0,missense,wt_like,40
3850,urn:mavedb:00000013-a-1#3851,p.Glu40Ala,1.28508784762064,0.529441082662377,2.0,0.374371379789315,0.551333426391022,2.01884226885027,1.0,3.0,missense,possibly_wt_like,40
3880,urn:mavedb:00000013-a-1#3881,p.Glu43Trp,0.532250079024034,0.380826249953086,4.0,0.190413124976543,0.159047211886286,0.9054529461617828,0.0,2.0,missense,possibly_low,43
3872,urn:mavedb:00000013-a-1#3873,p.Glu43Leu,0.683483374230354,0.19159756501074,7.0,0.0724170726891353,0.54154851989383,0.8254182285668791,0.0,2.0,missense,possibly_low,43
3873,urn:mavedb:00000013-a-1#3874,p.Glu43Asn,0.719964318449174,0.3398044089270419,8.0,0.120139000914699,0.48449620351774,0.955432433380609,0.0,3.0,missense,possibly_wt_like,43
3878,urn:mavedb:00000013-a-1#3879,p.Glu43Thr,0.802860686598145,0.189155907790796,2.0,0.133753425100369,0.5407087905925461,1.06501258260374,0.0,3.0,missense,possibly_wt_like,43
3874,urn:mavedb:00000013-a-1#3875,p.Glu43Pro,0.8087523243951941,0.326572628007339,8.0,0.115460859906951,0.5824531973535461,1.03505145143684,0.0,3.0,missense,possibly_wt_like,43
3871,urn:mavedb:00000013-a-1#3872,p.Glu43Ile,0.8333150642515709,0.233351402559352,6.0,0.0952653111722003,0.646598485378057,1.02003164312508,0.0,3.0,missense,possibly_wt_like,43
3868,urn:mavedb:00000013-a-1#3869,p.Glu43Phe,0.8449530037364499,0.199672133758171,4.0,0.0998360668790857,0.6492779082953101,1.04062809917759,0.0,3.0,missense,possibly_wt_like,43
3879,urn:mavedb:00000013-a-1#3880,p.Glu43Val,0.923544945637486,0.258083785086042,8.0,0.0912463972743159,0.7447052932607929,1.10238459801418,1.0,4.0,missense,wt_like,43
3870,urn:mavedb:00000013-a-1#3871,p.Glu43His,1.00279081152315,0.285401098215896,6.0,0.116514510443148,0.774426567378261,1.2311550556680402,0.0,4.0,missense,wt_like,43
3881,urn:mavedb:00000013-a-1#3882,p.Glu43Tyr,1.01340582060526,0.0674139315757773,2.0,0.0476688481636781,0.91997659501994,1.10683504619057,0.0,4.0,missense,wt_like,43
3865,urn:mavedb:00000013-a-1#3866,p.Glu43Asp,1.02127546020493,0.240772609021116,7.0,0.0910034922837228,0.842911892861463,1.19963902754839,1.0,4.0,missense,wt_like,43
3869,urn:mavedb:00000013-a-1#3870,p.Glu43Gly,1.0261438059614498,0.158558577000198,7.0,0.0599295089969728,0.908684126716212,1.14360348520668,1.0,4.0,missense,wt_like,43
3876,urn:mavedb:00000013-a-1#3877,p.Glu43Ser,1.0340196886605602,0.0605353165409819,4.0,0.030267658270491,0.974696168554032,1.09334320876709,0.0,4.0,missense,wt_like,43
3867,urn:mavedb:00000013-a-1#3868,p.Glu43=,1.05073431709168,0.284915114315638,7.0,0.107687791034674,0.8396701250890459,1.26179850909432,0.0,4.0,synonymous,wt_like,43
3875,urn:mavedb:00000013-a-1#3876,p.Glu43Arg,1.08331451952529,0.159550307646908,5.0,0.0713530667458981,0.943465078516843,1.22316396053373,0.0,4.0,missense,wt_like,43
3887,urn:mavedb:00000013-a-1#3888,p.Gly44Ile,0.561498907008497,0.224121744064339,6.0,0.0914973188700459,0.38216745734123,0.740830356675764,0.0,2.0,missense,possibly_low,44
3891,urn:mavedb:00000013-a-1#3892,p.Gly44Met,0.6442463138883001,0.2031157060611789,4.0,0.10155785303059,0.445196579601133,0.843296048175468,0.0,2.0,missense,possibly_low,44
3895,urn:mavedb:00000013-a-1#3896,p.Gly44Val,0.658400809501968,0.159282434247528,8.0,0.0563148446901636,0.54802574211428,0.768775876889655,1.0,2.0,missense,possibly_low,44
3882,urn:mavedb:00000013-a-1#3883,p.Gly44Ala,0.673005256577797,0.198837208298451,7.0,0.0751534006491499,0.5257072979897539,0.8203032151658399,1.0,2.0,missense,possibly_low,44
3890,urn:mavedb:00000013-a-1#3891,p.Gly44Leu,0.762190555460989,0.194531780761897,7.0,0.073526101999217,0.618082043618906,0.906299067303073,0.0,3.0,missense,possibly_wt_like,44
3893,urn:mavedb:00000013-a-1#3894,p.Gly44Ser,0.788325553995913,0.134804422067391,7.0,0.0509512823460147,0.688462875631592,0.8881882323602329,1.0,3.0,missense,possibly_wt_like,44
3894,urn:mavedb:00000013-a-1#3895,p.Gly44Thr,0.7928005311015709,0.137867012887501,5.0,0.0616560025342584,0.671956986703714,0.913644075499428,0.0,3.0,missense,possibly_wt_like,44
3883,urn:mavedb:00000013-a-1#3884,p.Gly44Asp,0.7992322977035551,0.1899105850799169,6.0,0.0775306716998681,0.647274973474615,0.9511896219324948,1.0,3.0,missense,possibly_wt_like,44
3884,urn:mavedb:00000013-a-1#3885,p.Gly44Glu,0.84941853267091,0.0569025590636817,4.0,0.0284512795318408,0.7936550494744209,0.9051820158674,0.0,4.0,missense,wt_like,44
3889,urn:mavedb:00000013-a-1#3890,p.Gly44Lys,0.8577843897123721,0.4732245633469671,6.0,0.1931931189919069,0.479132834427272,1.23643594499747,0.0,3.0,missense,possibly_wt_like,44
3896,urn:mavedb:00000013-a-1#3897,p.Gly44Tyr,0.862501610506006,0.7140431735625509,3.0,0.412253018469354,0.0545005417881468,1.6705026792238602,0.0,3.0,missense,possibly_wt_like,44
3892,urn:mavedb:00000013-a-1#3893,p.Gly44Arg,0.929917709414571,0.118927319171651,7.0,0.0449503015171134,0.841816737346813,1.01801868148233,1.0,4.0,missense,wt_like,44
3885,urn:mavedb:00000013-a-1#3886,p.Gly44=,1.0375822908178,0.0863469289845733,8.0,0.0305282495098125,0.977748021267512,1.09741656036808,0.0,4.0,synonymous,wt_like,44
3886,urn:mavedb:00000013-a-1#3887,p.Gly44His,1.09323189300111,0.170490272514591,2.0,0.12055482782141,0.8569487723087159,1.3295150136935,0.0,4.0,missense,wt_like,44
3917,urn:mavedb:00000013-a-1#3918,p.Val45Ter,0.210603632183464,0.236072355546364,8.0,0.083464181728758,0.0470168419959923,0.374190422370936,0.0,1.0,nonsense,low,45
3901,urn:mavedb:00000013-a-1#3902,p.Val45Glu,0.472712794466682,0.45189265474358,3.0,0.260900345861021,-0.038642486974962,0.984068075908326,1.0,2.0,missense,possibly_low,45
3904,urn:mavedb:00000013-a-1#3905,p.Val45Ile,0.6791217189259251,0.475495596149499,4.0,0.23774779807475,0.213144597295715,1.14509884055614,1.0,2.0,missense,possibly_low,45
3916,urn:mavedb:00000013-a-1#3917,p.Val45Trp,0.684323718464399,0.284335767966386,4.0,0.142167883983193,0.405679786099072,0.962967650829726,0.0,2.0,missense,possibly_low,45
3906,urn:mavedb:00000013-a-1#3907,p.Val45Leu,0.7269060879792242,0.2378144161772,8.0,0.0840800931714091,0.56211213354649,0.891700042411958,1.0,3.0,missense,possibly_wt_like,45
3902,urn:mavedb:00000013-a-1#3903,p.Val45Phe,0.846504053725814,0.3634868186811239,6.0,0.1483928723327169,0.5556593683912391,1.1373487390603898,0.0,3.0,missense,possibly_wt_like,45
3915,urn:mavedb:00000013-a-1#3916,p.Val45=,0.892714572277831,0.1977553795499829,8.0,0.0699170849479562,0.755679603875809,1.02974954067985,0.0,4.0,synonymous,wt_like,45
3914,urn:mavedb:00000013-a-1#3915,p.Val45Thr,0.942123439331953,0.126548083302017,2.0,0.0894830078490159,0.766739966719566,1.11750691194434,0.0,4.0,missense,wt_like,45
3907,urn:mavedb:00000013-a-1#3908,p.Val45Met,0.947967785194889,0.1511065003074639,6.0,0.0616889704284995,0.8270596249116741,1.0688759454781,0.0,4.0,missense,wt_like,45
3897,urn:mavedb:00000013-a-1#3898,p.Val45Ala,0.967862143758249,0.379195860660061,7.0,0.14332256364166,0.686955080848645,1.2487692066678502,1.0,3.0,missense,possibly_wt_like,45
3903,urn:mavedb:00000013-a-1#3904,p.Val45Gly,1.00923566591622,0.0902440557459726,8.0,0.031906091889877,0.946700874924638,1.07177045690781,1.0,4.0,missense,wt_like,45
3898,urn:mavedb:00000013-a-1#3899,p.Val45Cys,1.02091633155395,0.0738171623410083,8.0,0.0260983080296376,0.969764587758432,1.07206807534948,0.0,4.0,missense,wt_like,45
3912,urn:mavedb:00000013-a-1#3913,p.Val45Arg,1.02525475603592,0.166927548949766,8.0,0.0590178009146143,0.909581991796524,1.1409275202753202,0.0,4.0,missense,wt_like,45
3905,urn:mavedb:00000013-a-1#3906,p.Val45Lys,1.0727166659802,0.146323608422314,7.0,0.0553051255461484,0.964320611749282,1.18111272021112,0.0,4.0,missense,wt_like,45
3908,urn:mavedb:00000013-a-1#3909,p.Val45Asn,1.08069987759431,0.16710566741373,6.0,0.0682206030484781,0.9469899526156892,1.21440980257293,0.0,4.0,missense,wt_like,45
3918,urn:mavedb:00000013-a-1#3919,p.Val45Tyr,1.08440257390692,0.119906800695753,4.0,0.0599534003478766,0.9668960684743678,1.20190907933947,0.0,4.0,missense,wt_like,45
3909,urn:mavedb:00000013-a-1#3910,p.Val45Pro,1.09023893910699,0.294981146554657,7.0,0.111492393605188,0.8717178630906619,1.30876001512333,0.0,4.0,missense,wt_like,45
3913,urn:mavedb:00000013-a-1#3914,p.Val45Ser,1.09126357526517,0.141791909707641,8.0,0.0501310104358318,0.9930086003023392,1.189518550228,0.0,4.0,missense,wt_like,45
3900,urn:mavedb:00000013-a-1#3901,p.Val45Asp,1.11968260683722,0.105913975995797,8.0,0.0374462453245287,1.0462893146449,1.19307589902955,0.0,4.0,missense,wt_like,45
3911,urn:mavedb:00000013-a-1#3912,p.Val45Gln,1.1226992659903798,0.0846169527976256,8.0,0.0299166105632715,1.06406378674686,1.1813347452339,0.0,4.0,missense,wt_like,45
3936,urn:mavedb:00000013-a-1#3937,p.Tyr46Ter,0.0057603189767307,0.0540799937045389,5.0,0.0241853084292219,-0.0416420144995372,0.0531626524529986,1.0,1.0,nonsense,low,46
3935,urn:mavedb:00000013-a-1#3936,p.Tyr46Trp,0.448620007200031,0.3981130129274829,5.0,0.178041551926621,0.0996649776722364,0.7975750367278249,0.0,2.0,missense,possibly_low,46
3928,urn:mavedb:00000013-a-1#3929,p.Tyr46Lys,0.7066027348393249,0.119058996798786,4.0,0.0595294983993929,0.5899270619587801,0.82327840771987,0.0,2.0,missense,possibly_low,46
3920,urn:mavedb:00000013-a-1#3921,p.Tyr46Cys,0.747525180926861,0.413711202517471,5.0,0.185017274376449,0.384897986631255,1.11015237522247,1.0,3.0,missense,possibly_wt_like,46
3929,urn:mavedb:00000013-a-1#3930,p.Tyr46Leu,0.861421347892381,0.370698193371677,3.0,0.214022701731246,0.441944560625182,1.28089813515958,0.0,3.0,missense,possibly_wt_like,46
3924,urn:mavedb:00000013-a-1#3925,p.Tyr46Phe,0.8698785481855992,0.0687498847673819,2.0,0.0486135097248095,0.7745978199628851,0.9651592764083128,1.0,4.0,missense,wt_like,46
3919,urn:mavedb:00000013-a-1#3920,p.Tyr46Ala,0.8910181204779029,0.297958443407894,7.0,0.112617706041314,0.6702914726154079,1.1117447683403998,0.0,3.0,missense,possibly_wt_like,46
3930,urn:mavedb:00000013-a-1#3931,p.Tyr46Asn,0.928035863997111,0.365995562458656,3.0,0.211307636507713,0.5138805067837121,1.34219122121051,1.0,3.0,missense,possibly_wt_like,46
3934,urn:mavedb:00000013-a-1#3935,p.Tyr46Val,0.932644242260109,0.65438371137676,5.0,0.292649292401408,0.359062169052218,1.5062263154679998,0.0,3.0,missense,possibly_wt_like,46
3922,urn:mavedb:00000013-a-1#3923,p.Tyr46Asp,0.9572453697935408,0.349419404356965,6.0,0.1426498744836319,0.677656753406462,1.23683398618062,1.0,3.0,missense,possibly_wt_like,46
3931,urn:mavedb:00000013-a-1#3932,p.Tyr46Ser,0.971403925009563,0.286979026737204,6.0,0.117158697064447,0.7417770982876091,1.20103075173152,1.0,4.0,missense,wt_like,46
3927,urn:mavedb:00000013-a-1#3928,p.Tyr46Ile,1.03253622354271,0.16339858433035,4.0,0.0816992921651748,0.872408553336556,1.19266389374887,0.0,4.0,missense,wt_like,46
3923,urn:mavedb:00000013-a-1#3924,p.Tyr46Glu,1.04914205843775,0.157713766322344,7.0,0.059610200574325,0.932308212200864,1.16597590467464,0.0,4.0,missense,wt_like,46
3933,urn:mavedb:00000013-a-1#3934,p.Tyr46Thr,1.06099766014445,0.338500026646021,6.0,0.13819205720021,0.7901462050825441,1.33184911520637,0.0,4.0,missense,wt_like,46
3926,urn:mavedb:00000013-a-1#3927,p.Tyr46His,1.10031215431775,0.105856676403144,5.0,0.0473405448619257,1.00752639137987,1.19309791725563,1.0,4.0,missense,wt_like,46
3925,urn:mavedb:00000013-a-1#3926,p.Tyr46Gly,1.1165401656358502,0.173802933808267,8.0,0.0614486165429709,0.996103090311815,1.2369772409598898,0.0,4.0,missense,wt_like,46
3946,urn:mavedb:00000013-a-1#3947,p.Arg47Pro,0.765464266924999,0.142028064572616,3.0,0.0819999413134813,0.604747335216178,0.9261811986338208,0.0,3.0,missense,possibly_wt_like,47
3952,urn:mavedb:00000013-a-1#3953,p.Arg47Trp,0.820369113659943,0.0309665717108265,2.0,0.0218966728468249,0.7774524234989101,0.8632858038209771,1.0,4.0,missense,wt_like,47
3951,urn:mavedb:00000013-a-1#3952,p.Arg47Val,0.851923074843055,0.204260760836455,7.0,0.0772033108260147,0.700607366136815,1.0032387835493,0.0,3.0,missense,possibly_wt_like,47
3942,urn:mavedb:00000013-a-1#3943,p.Arg47His,0.8909439980394329,0.138170081458966,4.0,0.0690850407294828,0.755539806339165,1.0263481897397,0.0,4.0,missense,wt_like,47
3944,urn:mavedb:00000013-a-1#3945,p.Arg47Leu,0.943560969100164,0.0778247265850767,8.0,0.0275151959561484,0.8896321759985509,0.997489762201777,0.0,4.0,missense,wt_like,47
3940,urn:mavedb:00000013-a-1#3941,p.Arg47Phe,0.99979299758188,0.150336140673405,6.0,0.0613744724248526,0.879501242059022,1.12008475310474,0.0,4.0,missense,wt_like,47
3948,urn:mavedb:00000013-a-1#3949,p.Arg47=,1.01170485773867,0.193329908023041,8.0,0.068352444484632,0.877736528293516,1.14567318718382,0.0,4.0,synonymous,wt_like,47
3938,urn:mavedb:00000013-a-1#3939,p.Arg47Cys,1.01486690836649,0.1443675719731219,8.0,0.0510416445628156,0.9148271233116808,1.11490669342131,0.0,4.0,missense,wt_like,47
3941,urn:mavedb:00000013-a-1#3942,p.Arg47Gly,1.02568969957949,0.1639593472393509,8.0,0.0579683831359325,0.9120737563910408,1.1393056427679298,1.0,4.0,missense,wt_like,47
3937,urn:mavedb:00000013-a-1#3938,p.Arg47Ala,1.0517452658050102,0.18440737161466,8.0,0.0651978514847567,0.9239598250254972,1.17953070658453,0.0,4.0,missense,wt_like,47
3950,urn:mavedb:00000013-a-1#3951,p.Arg47Thr,1.08762436221587,0.37691671354055,7.0,0.142461127001724,0.8084056840955078,1.36684304033624,1.0,4.0,missense,wt_like,47
3947,urn:mavedb:00000013-a-1#3948,p.Arg47Gln,1.10759112844799,0.153971179912582,8.0,0.0544370327117402,1.00089650490775,1.21428575198823,0.0,4.0,missense,wt_like,47
3949,urn:mavedb:00000013-a-1#3950,p.Arg47Ser,1.14853450793609,0.107025311371157,8.0,0.0378391617145733,1.07437111377034,1.22269790210184,1.0,4.0,missense,wt_like,47
3945,urn:mavedb:00000013-a-1#3946,p.Arg47Asn,1.1715123695156398,0.0316148858863596,3.0,0.018252862876889,1.1357374156621898,1.2072873233690902,0.0,4.0,missense,wt_like,47
3939,urn:mavedb:00000013-a-1#3940,p.Arg47Glu,1.1739030262234198,0.1302486653525039,8.0,0.0460498572556264,1.08364696450918,1.26415908793766,0.0,4.0,missense,wt_like,47
3956,urn:mavedb:00000013-a-1#3957,p.Asn48Leu,0.533961125870725,0.0914291539994882,5.0,0.0408883606936305,0.453821411524326,0.614100840217124,0.0,1.0,missense,low,48
3958,urn:mavedb:00000013-a-1#3959,p.Asn48Pro,0.829649605481482,0.434179230271837,4.0,0.2170896151359189,0.40416177839742,1.25513743256554,0.0,3.0,missense,possibly_wt_like,48
3953,urn:mavedb:00000013-a-1#3954,p.Asn48Asp,0.8326354580253158,0.329124062162981,6.0,0.134364335728559,0.569286199190692,1.09598471685994,1.0,3.0,missense,possibly_wt_like,48
3957,urn:mavedb:00000013-a-1#3958,p.Asn48Met,0.872943920158581,0.0766919078755354,4.0,0.0383459539377677,0.7977872314877242,0.948100608829437,0.0,4.0,missense,wt_like,48
3959,urn:mavedb:00000013-a-1#3960,p.Asn48Arg,0.8774050001994049,0.306752035424094,3.0,0.177103370226566,0.530288773014672,1.22452122738414,0.0,3.0,missense,possibly_wt_like,48
3955,urn:mavedb:00000013-a-1#3956,p.Asn48His,1.1520669005565,0.122018036828056,4.0,0.0610090184140281,1.03249142173286,1.27164237938013,1.0,4.0,missense,wt_like,48
3980,urn:mavedb:00000013-a-1#3981,p.Asn49Ter,-0.0749406490709206,0.105062530874954,7.0,0.0397099041151676,-0.152770630966188,0.0028893328243468,0.0,1.0,nonsense,low,49
3972,urn:mavedb:00000013-a-1#3973,p.Asn49Pro,0.7097254482596719,0.282604140567286,8.0,0.0999156520932623,0.513894368665044,0.9055565278543,0.0,3.0,missense,possibly_wt_like,49
3968,urn:mavedb:00000013-a-1#3969,p.Asn49Ile,0.735215972826595,0.130485258001728,7.0,0.0493187917760963,0.638552917184417,0.8318790284687742,1.0,3.0,missense,possibly_wt_like,49
3978,urn:mavedb:00000013-a-1#3979,p.Asn49Val,0.7451371555390991,0.196390131316233,7.0,0.0742284924871529,0.599651983637577,0.8906223274406201,0.0,3.0,missense,possibly_wt_like,49
3976,urn:mavedb:00000013-a-1#3977,p.Asn49Thr,0.777485354517357,0.287527932611389,8.0,0.1016564754650309,0.578242323810617,0.9767283852240972,1.0,3.0,missense,possibly_wt_like,49
3962,urn:mavedb:00000013-a-1#3963,p.Asn49Glu,0.845769191727302,0.103081820569187,8.0,0.0364449271707636,0.7743384470534201,0.917199936401183,0.0,4.0,missense,wt_like,49
3970,urn:mavedb:00000013-a-1#3971,p.Asn49Leu,0.8946370709750259,0.255337844056737,7.0,0.0965086336682169,0.705483624788151,1.0837905171619,0.0,3.0,missense,possibly_wt_like,49
3964,urn:mavedb:00000013-a-1#3965,p.Asn49Gly,0.896797170109254,0.124134771237655,8.0,0.0438882692615932,0.810777743012735,0.982816597205773,0.0,4.0,missense,wt_like,49
3963,urn:mavedb:00000013-a-1#3964,p.Asn49Phe,0.901826931580928,0.102036621961879,7.0,0.0385662180474633,0.8262385331879809,0.977415329973874,0.0,4.0,missense,wt_like,49
3979,urn:mavedb:00000013-a-1#3980,p.Asn49Trp,0.922943826151906,0.224404553639728,7.0,0.0848169488573106,0.756705661113002,1.08918199119081,0.0,4.0,missense,wt_like,49
3971,urn:mavedb:00000013-a-1#3972,p.Asn49Met,0.9395539567491842,0.138774039554697,7.0,0.0524516567276526,0.8367505986335259,1.04235731486484,0.0,4.0,missense,wt_like,49
3975,urn:mavedb:00000013-a-1#3976,p.Asn49Ser,0.95310683485547,0.228692652694684,8.0,0.0808550627639754,0.794633823870353,1.11157984584059,1.0,4.0,missense,wt_like,49
3969,urn:mavedb:00000013-a-1#3970,p.Asn49Lys,0.9755548207332472,0.0896632743269588,7.0,0.0338895322292708,0.9091325581109668,1.04197708335553,1.0,4.0,missense,wt_like,49
3973,urn:mavedb:00000013-a-1#3974,p.Asn49Gln,0.9772015505399642,0.426011663290837,6.0,0.173918533256151,0.636327489113877,1.3180756119660502,0.0,3.0,missense,possibly_wt_like,49
3981,urn:mavedb:00000013-a-1#3982,p.Asn49Tyr,1.00547927597552,0.329563655561615,7.0,0.12456335339734,0.761339589523198,1.24961896242784,1.0,4.0,missense,wt_like,49
3961,urn:mavedb:00000013-a-1#3962,p.Asn49Asp,1.0771253495655602,0.174133750555585,8.0,0.0615655779256505,0.9564590341438892,1.19779166498723,1.0,4.0,missense,wt_like,49
3967,urn:mavedb:00000013-a-1#3968,p.Asn49His,1.08923198860842,0.212881492755709,6.0,0.0869085054889135,0.9188944478999508,1.2595695293169,1.0,4.0,missense,wt_like,49
3960,urn:mavedb:00000013-a-1#3961,p.Asn49Ala,1.09017589497961,0.114242038669229,7.0,0.043179431941115,1.00554576350212,1.17480602645709,0.0,4.0,missense,wt_like,49
3974,urn:mavedb:00000013-a-1#3975,p.Asn49Arg,1.1064193312331498,0.1936490328042,8.0,0.0684652721330331,0.9722298636606728,1.24060879880563,0.0,4.0,missense,wt_like,49
3986,urn:mavedb:00000013-a-1#3987,p.Ile50His,0.4668821481835661,0.015837947991838,3.0,0.0091440435364989,0.448960152178962,0.48480414418817,0.0,1.0,missense,low,50
3990,urn:mavedb:00000013-a-1#3991,p.Ile50Asn,0.471793720467114,0.112648133837126,4.0,0.0563240669185629,0.3614005778439071,0.5821868630903211,1.0,1.0,missense,low,50
3985,urn:mavedb:00000013-a-1#3986,p.Ile50Gly,0.523674601017301,0.0794689524576105,8.0,0.0280965175882839,0.468606438453269,0.578742763581334,0.0,1.0,missense,low,50
3993,urn:mavedb:00000013-a-1#3994,p.Ile50Arg,0.560091634086098,0.105003321831506,8.0,0.0371242804570856,0.487329381438246,0.6328538867339499,0.0,1.0,missense,low,50
3994,urn:mavedb:00000013-a-1#3995,p.Ile50Ser,0.638956305473126,0.155513505567214,8.0,0.0549823271763345,0.5311929244213129,0.74671968652494,1.0,2.0,missense,possibly_low,50
3989,urn:mavedb:00000013-a-1#3990,p.Ile50Met,0.7094469304070079,0.462618146084644,7.0,0.174853223789388,0.366740909199086,1.05215295161493,1.0,3.0,missense,possibly_wt_like,50
3991,urn:mavedb:00000013-a-1#3992,p.Ile50Pro,0.735185922555108,0.180075504847378,8.0,0.063666305301586,0.610402257135268,0.8599695879749479,0.0,3.0,missense,possibly_wt_like,50
3983,urn:mavedb:00000013-a-1#3984,p.Ile50Glu,0.7628743078617041,0.255378743784648,7.0,0.096524092312323,0.573690563289131,0.952058052434276,0.0,3.0,missense,possibly_wt_like,50
3995,urn:mavedb:00000013-a-1#3996,p.Ile50Thr,0.799283873770529,0.1336114206462,7.0,0.0505003701925552,0.7003049669871801,0.8982627805538771,1.0,3.0,missense,possibly_wt_like,50
3992,urn:mavedb:00000013-a-1#3993,p.Ile50Gln,0.7995743456918859,0.112358327328472,2.0,0.0794493351767406,0.6438565101498229,0.955292181233948,0.0,3.0,missense,possibly_wt_like,50
3982,urn:mavedb:00000013-a-1#3983,p.Ile50Ala,0.8174049643590491,0.0565405490774766,8.0,0.0199901028323473,0.778225082760396,0.8565848459577009,0.0,4.0,missense,wt_like,50
3996,urn:mavedb:00000013-a-1#3997,p.Ile50Val,0.9045712490755492,0.186062992968553,6.0,0.0759598987980015,0.755692583162159,1.0534499149889398,1.0,4.0,missense,wt_like,50
3987,urn:mavedb:00000013-a-1#3988,p.Ile50Leu,0.998626170714493,0.13321307615732,8.0,0.0470979347467804,0.906315914864586,1.0909364265644002,1.0,4.0,missense,wt_like,50
3984,urn:mavedb:00000013-a-1#3985,p.Ile50Phe,1.00501009196521,0.278193804416322,6.0,0.1135721450706019,0.782412777979874,1.22760740595055,1.0,4.0,missense,wt_like,50
4003,urn:mavedb:00000013-a-1#4004,p.Asp51Pro,0.373124975260926,0.175746118263411,8.0,0.0621356359956354,0.25134136655299,0.4949085839688621,0.0,1.0,missense,low,51
4004,urn:mavedb:00000013-a-1#4005,p.Asp51Gln,0.514955697093689,0.615501846599223,3.0,0.355360156820773,-0.181537411815532,1.2114488060029098,0.0,2.0,missense,possibly_low,51
4005,urn:mavedb:00000013-a-1#4006,p.Asp51Arg,0.542015792777764,0.179701324967071,7.0,0.0679207165902388,0.408893634456744,0.6751379510987839,0.0,1.0,missense,low,51
4008,urn:mavedb:00000013-a-1#4009,p.Asp51Val,0.627300963636497,0.197341023787843,8.0,0.0697705880633399,0.490553123852171,0.764048803420823,1.0,2.0,missense,possibly_low,51
4009,urn:mavedb:00000013-a-1#4010,p.Asp51Trp,0.660286717919401,0.0883200011300541,3.0,0.0509915764272648,0.560345064607041,0.760228371231762,0.0,2.0,missense,possibly_low,51
4007,urn:mavedb:00000013-a-1#4008,p.Asp51Thr,0.6801157958515159,0.0968742707637019,8.0,0.0342502268897577,0.612986584685266,0.7472450070177671,0.0,2.0,missense,possibly_low,51
3997,urn:mavedb:00000013-a-1#3998,p.Asp51Ala,0.729957391392477,0.341716682080779,8.0,0.120815091571943,0.49316416312256,0.966750619662395,1.0,3.0,missense,possibly_wt_like,51
4000,urn:mavedb:00000013-a-1#4001,p.Asp51Gly,0.738742707395037,0.150784900882383,8.0,0.0533105129572371,0.6342560220014971,0.843229392788578,1.0,3.0,missense,possibly_wt_like,51
4002,urn:mavedb:00000013-a-1#4003,p.Asp51Met,0.749486885421274,0.318055614776476,5.0,0.142238795053137,0.47070396991275,1.0282698009298,0.0,3.0,missense,possibly_wt_like,51
4006,urn:mavedb:00000013-a-1#4007,p.Asp51Ser,0.7698217565768499,0.123540321496532,8.0,0.0436780995400822,0.684214254565133,0.8554292585885659,0.0,3.0,missense,possibly_wt_like,51
4001,urn:mavedb:00000013-a-1#4002,p.Asp51Leu,0.79954168699175,0.0904577112254826,8.0,0.0319816305090766,0.736858843027092,0.862224530956407,0.0,4.0,missense,wt_like,51
3998,urn:mavedb:00000013-a-1#3999,p.Asp51Glu,0.8558822946401758,0.4246830963698711,8.0,0.150148148649218,0.561597330942343,1.15016725833801,1.0,3.0,missense,possibly_wt_like,51
4016,urn:mavedb:00000013-a-1#4017,p.Asp52Ile,0.583960322374013,0.26632073585646,8.0,0.0941585991473472,0.3994128592104679,0.768507785537557,0.0,2.0,missense,possibly_low,52
4013,urn:mavedb:00000013-a-1#4014,p.Asp52Phe,0.6140962193385401,0.211099529285094,8.0,0.0746349543313889,0.4678143968612261,0.760378041815854,0.0,2.0,missense,possibly_low,52
4025,urn:mavedb:00000013-a-1#4026,p.Asp52Thr,0.621802413719317,0.360813729573417,8.0,0.127566917463286,0.371775849872482,0.8718289775661509,0.0,2.0,missense,possibly_low,52
4014,urn:mavedb:00000013-a-1#4015,p.Asp52Gly,0.625711085537479,0.0735057572542429,8.0,0.0259882097053637,0.574775130492292,0.676647040582666,1.0,1.0,missense,low,52
4020,urn:mavedb:00000013-a-1#4021,p.Asp52Pro,0.6391158162297249,0.170342488455519,5.0,0.0761794767286028,0.489806785480557,0.788424846978894,0.0,2.0,missense,possibly_low,52
4018,urn:mavedb:00000013-a-1#4019,p.Asp52Leu,0.688676766976504,0.3395954388606669,8.0,0.1200651188392,0.453353458252151,0.9240000757008572,0.0,2.0,missense,possibly_low,52
4026,urn:mavedb:00000013-a-1#4027,p.Asp52Val,0.701199058439121,0.1068435025234709,8.0,0.0377748825800342,0.6271616490620239,0.7752364678162171,1.0,2.0,missense,possibly_low,52
4011,urn:mavedb:00000013-a-1#4012,p.Asp52Ala,0.742081471209763,0.312337002846683,7.0,0.118052290682228,0.510703233180143,0.9734597092393829,1.0,3.0,missense,possibly_wt_like,52
4017,urn:mavedb:00000013-a-1#4018,p.Asp52Lys,0.750431479968184,0.154192531802376,4.0,0.0770962659011881,0.5993255754593321,0.9015373844770358,0.0,3.0,missense,possibly_wt_like,52
4019,urn:mavedb:00000013-a-1#4020,p.Asp52Asn,0.840580100132712,0.125254420789365,4.0,0.0626272103946825,0.717833023306922,0.963327176958503,1.0,4.0,missense,wt_like,52
4015,urn:mavedb:00000013-a-1#4016,p.Asp52His,0.880945118506032,0.0853223432936635,3.0,0.0492608778684863,0.7843955720369731,0.977494664975092,1.0,4.0,missense,wt_like,52
4024,urn:mavedb:00000013-a-1#4025,p.Asp52Ser,0.8878559141817071,0.0847755522703405,8.0,0.0299726839445962,0.829110533130297,0.946601295233118,0.0,4.0,missense,wt_like,52
4023,urn:mavedb:00000013-a-1#4024,p.Asp52Arg,0.902392601249447,0.203995752288336,8.0,0.0721233898881669,0.7610333546257,1.04375184787319,0.0,4.0,missense,wt_like,52
4022,urn:mavedb:00000013-a-1#4023,p.Asp52Gln,1.0369442452708602,0.172632144380159,7.0,0.0652488174750995,0.9090589129858392,1.16482957755588,0.0,4.0,missense,wt_like,52
4012,urn:mavedb:00000013-a-1#4013,p.Asp52Glu,1.09481461290921,0.422855659242095,7.0,0.159824416404408,0.781564512906437,1.40806471291198,1.0,4.0,missense,wt_like,52
4047,urn:mavedb:00000013-a-1#4048,p.Val53Ter,-0.0495635770697267,0.0919963200911473,8.0,0.0325256108903292,-0.113312602989936,0.0141854488504824,0.0,1.0,nonsense,low,53
4042,urn:mavedb:00000013-a-1#4043,p.Val53Arg,0.198448050785611,0.0972274405753767,8.0,0.0343750912741305,0.131074109923038,0.265821991648184,0.0,1.0,missense,low,53
4036,urn:mavedb:00000013-a-1#4037,p.Val53Lys,0.206087110566003,0.130904366728822,7.0,0.049477199985266,0.109113580538996,0.30306064059301,0.0,1.0,missense,low,53
4040,urn:mavedb:00000013-a-1#4041,p.Val53Pro,0.231920987831849,0.194428592574394,6.0,0.0793751405357912,0.0763485711138932,0.387493404549805,0.0,1.0,missense,low,53
4029,urn:mavedb:00000013-a-1#4030,p.Val53Asp,0.346693185964214,0.21346825520709,8.0,0.0754724254124968,0.198769950329835,0.4946164215985929,0.0,1.0,missense,low,53
4039,urn:mavedb:00000013-a-1#4040,p.Val53Asn,0.355228757518183,0.161959278983041,8.0,0.0572612522224963,0.242998765452426,0.467458749583939,0.0,1.0,missense,low,53
4030,urn:mavedb:00000013-a-1#4031,p.Val53Glu,0.36718974285112,0.281959046463955,7.0,0.106570502406933,0.158315396319193,0.576064089383048,1.0,1.0,missense,low,53
4033,urn:mavedb:00000013-a-1#4034,p.Val53Gly,0.370853141512034,0.110781975523944,8.0,0.0391673430631115,0.29408655973821,0.4476197232858571,1.0,1.0,missense,low,53
4034,urn:mavedb:00000013-a-1#4035,p.Val53His,0.39818958153837,0.243497738613774,8.0,0.0860894510886945,0.229457357955706,0.566921805121034,0.0,1.0,missense,low,53
4044,urn:mavedb:00000013-a-1#4045,p.Val53Ser,0.469903424082519,0.0358043599533605,8.0,0.0126587528595326,0.445092724388642,0.494714123776396,0.0,1.0,missense,low,53
4028,urn:mavedb:00000013-a-1#4029,p.Val53Cys,0.50264766355238,0.48113680832562,7.0,0.181852620204135,0.146223077458035,0.8590722496467241,0.0,2.0,missense,possibly_low,53
4041,urn:mavedb:00000013-a-1#4042,p.Val53Gln,0.568662681297447,0.154658936878831,8.0,0.0546801915190618,0.4614914752523329,0.67583388734256,0.0,1.0,missense,low,53
4045,urn:mavedb:00000013-a-1#4046,p.Val53Thr,0.688259555116681,0.0754676947525369,8.0,0.0266818593600176,0.6359640717304829,0.740555038502878,0.0,2.0,missense,possibly_low,53
4031,urn:mavedb:00000013-a-1#4032,p.Val53Phe,0.7540084838907379,0.248751778614515,3.0,0.143616906344488,0.472524519884479,1.035492447897,0.0,3.0,missense,possibly_wt_like,53
4035,urn:mavedb:00000013-a-1#4036,p.Val53Ile,0.797497417695902,3.4149619716501004e-05,2.0,2.41474276764797e-05,0.797450089607337,0.7975447457844681,1.0,4.0,missense,wt_like,53
4046,urn:mavedb:00000013-a-1#4047,p.Val53=,0.915415699496338,0.273311860024778,8.0,0.0966303348011146,0.726023723472106,1.10480767552057,0.0,4.0,synonymous,wt_like,53
4027,urn:mavedb:00000013-a-1#4028,p.Val53Ala,0.951014388699258,0.1378969409944639,7.0,0.0521201446325572,0.8488607823504271,1.05316799504809,1.0,4.0,missense,wt_like,53
4037,urn:mavedb:00000013-a-1#4038,p.Val53Leu,0.992073585579692,0.123509123338765,8.0,0.0436670693256233,0.906487702391057,1.07765946876833,1.0,4.0,missense,wt_like,53
4038,urn:mavedb:00000013-a-1#4039,p.Val53Met,1.05524446935268,0.109756371628109,3.0,0.0633678707047655,0.931045724994351,1.17944321371101,0.0,4.0,missense,wt_like,53
4069,urn:mavedb:00000013-a-1#4070,p.Val54Ter,0.0342421480949164,0.183274685990103,8.0,0.0647973866417186,-0.0927583960151687,0.1612426922050019,0.0,1.0,nonsense,low,54
4050,urn:mavedb:00000013-a-1#4051,p.Val54Asp,0.353537416157964,0.133079858705158,7.0,0.0502994586636373,0.254952288735374,0.452122543580554,0.0,1.0,missense,low,54
4066,urn:mavedb:00000013-a-1#4067,p.Val54Thr,0.4991753842987801,0.312040556285279,8.0,0.1103229966772719,0.282946284144796,0.7154044844527649,0.0,2.0,missense,possibly_low,54
4061,urn:mavedb:00000013-a-1#4062,p.Val54Pro,0.5330338866824579,0.3110789551300589,6.0,0.126997451631131,0.284123455357073,0.781944318007842,0.0,2.0,missense,possibly_low,54
4068,urn:mavedb:00000013-a-1#4069,p.Val54Trp,0.5561966459633929,0.236534822970946,7.0,0.0894017597125444,0.380972416772303,0.7314208751544841,0.0,2.0,missense,possibly_low,54
4060,urn:mavedb:00000013-a-1#4061,p.Val54Asn,0.567484472187057,0.114529222976338,8.0,0.0404921951052973,0.4881212281257051,0.646847716248408,0.0,1.0,missense,low,54
4070,urn:mavedb:00000013-a-1#4071,p.Val54Tyr,0.6337675072178349,0.250722087062205,7.0,0.0947640415082397,0.4480333988322261,0.8195016156034429,0.0,2.0,missense,possibly_low,54
4053,urn:mavedb:00000013-a-1#4054,p.Val54Gly,0.6339718573476899,0.1016142501299,8.0,0.0359260626660192,0.563558068415963,0.704385646279417,1.0,1.0,missense,low,54
4063,urn:mavedb:00000013-a-1#4064,p.Val54Arg,0.6430375648414319,0.220475538840934,8.0,0.0779498743000912,0.490258618613829,0.7958165110690351,0.0,2.0,missense,possibly_low,54
4051,urn:mavedb:00000013-a-1#4052,p.Val54Glu,0.6715677931034909,0.100479590679058,8.0,0.0355248999700054,0.601940268607893,0.7411953175990901,1.0,2.0,missense,possibly_low,54
4052,urn:mavedb:00000013-a-1#4053,p.Val54Phe,0.747558725639434,0.194760103479619,8.0,0.0688580949375159,0.612599339517862,0.882518111761005,0.0,3.0,missense,possibly_wt_like,54
4059,urn:mavedb:00000013-a-1#4060,p.Val54Met,0.7672077805697339,0.284976874055747,3.0,0.164531474948903,0.4447320153466289,1.08968354579284,0.0,3.0,missense,possibly_wt_like,54
4064,urn:mavedb:00000013-a-1#4065,p.Val54Ser,0.8118179204034859,0.175835404289866,8.0,0.0621672033730211,0.689972440772788,0.933663400034184,0.0,3.0,missense,possibly_wt_like,54
4055,urn:mavedb:00000013-a-1#4056,p.Val54His,0.8125667707839441,0.156277394721563,5.0,0.0698893755887962,0.675586111727911,0.949547429839977,0.0,3.0,missense,possibly_wt_like,54
4048,urn:mavedb:00000013-a-1#4049,p.Val54Ala,0.837466980506919,0.253966944096124,8.0,0.0897908741837972,0.66148010096631,1.01345386004753,1.0,3.0,missense,possibly_wt_like,54
4062,urn:mavedb:00000013-a-1#4063,p.Val54Gln,0.8409131770260381,0.346427710502314,7.0,0.1309373670358,0.584280653405368,1.09754570064671,0.0,3.0,missense,possibly_wt_like,54
4058,urn:mavedb:00000013-a-1#4059,p.Val54Leu,0.940065117237039,0.254545052677045,8.0,0.0899952664327128,0.763677636249836,1.11645259822424,1.0,4.0,missense,wt_like,54
4056,urn:mavedb:00000013-a-1#4057,p.Val54Ile,0.98331242604272,0.255751200919978,8.0,0.0904217042335597,0.8060891423242099,1.16053570976123,1.0,4.0,missense,wt_like,54
4049,urn:mavedb:00000013-a-1#4050,p.Val54Cys,0.9849879282573628,0.136719847830193,6.0,0.0558156441491558,0.875591275951113,1.09438458056361,0.0,4.0,missense,wt_like,54
4057,urn:mavedb:00000013-a-1#4058,p.Val54Lys,1.00288552835074,0.1543649049337609,7.0,0.0583444499444084,0.888532507761897,1.11723854893958,0.0,4.0,missense,wt_like,54
4067,urn:mavedb:00000013-a-1#4068,p.Val54=,1.04517324783863,0.0928277334994153,7.0,0.0350855853727475,0.976406764131542,1.11393973154572,0.0,4.0,synonymous,wt_like,54
4073,urn:mavedb:00000013-a-1#4074,p.Arg55Phe,0.1751985146018869,0.382497191652815,2.0,0.270466358002516,-0.3549058061127609,0.705302835316535,0.0,1.0,missense,low,55
4089,urn:mavedb:00000013-a-1#4090,p.Arg55Trp,0.261286021411642,0.199985043587282,8.0,0.0707053902282271,0.122706003051467,0.399866039771817,1.0,1.0,missense,low,55
4078,urn:mavedb:00000013-a-1#4079,p.Arg55Ile,0.269514288306709,0.165250167751436,8.0,0.0584247571046274,0.155003868576138,0.384024708037279,0.0,1.0,missense,low,55
4087,urn:mavedb:00000013-a-1#4088,p.Arg55Val,0.378581898794198,0.0654385692355871,8.0,0.0231360280288145,0.333236117112413,0.423927680475984,0.0,1.0,missense,low,55
4082,urn:mavedb:00000013-a-1#4083,p.Arg55Pro,0.386964643700489,0.119462523636613,8.0,0.0422363802805535,0.3041828595132669,0.469746427887712,0.0,1.0,missense,low,55
4090,urn:mavedb:00000013-a-1#4091,p.Arg55Tyr,0.486127254413011,0.202015838653523,8.0,0.0714233847094969,0.346139992728449,0.626114516097574,0.0,1.0,missense,low,55
4080,urn:mavedb:00000013-a-1#4081,p.Arg55Leu,0.568262237416401,0.2466576292551369,7.0,0.0932278208551232,0.3855390661832079,0.750985408649595,0.0,2.0,missense,possibly_low,55
4081,urn:mavedb:00000013-a-1#4082,p.Arg55Met,0.660005490686043,0.188732330225115,6.0,0.0770496511696643,0.508990949372127,0.81102003199996,1.0,2.0,missense,possibly_low,55
4074,urn:mavedb:00000013-a-1#4075,p.Arg55Gly,0.779239240093485,0.0881009989201127,8.0,0.0311484068828602,0.71818948442728,0.8402889957596908,1.0,4.0,missense,wt_like,55
4083,urn:mavedb:00000013-a-1#4084,p.Arg55Gln,0.7907746376200899,0.3391931700057249,4.0,0.169596585002863,0.4583714391134939,1.12317783612669,0.0,3.0,missense,possibly_wt_like,55
4086,urn:mavedb:00000013-a-1#4087,p.Arg55Thr,0.8566257466259509,0.239647721960308,6.0,0.0978357728038551,0.664871155530752,1.04838033772115,1.0,3.0,missense,possibly_wt_like,55
4079,urn:mavedb:00000013-a-1#4080,p.Arg55Lys,0.863712811462477,0.0348679994036157,2.0,0.0246553988247052,0.8153891177415841,0.91203650518337,1.0,4.0,missense,wt_like,55
4085,urn:mavedb:00000013-a-1#4086,p.Arg55Ser,0.871990701486938,0.153664275062653,8.0,0.0543285254614586,0.7655087482493108,0.978472654724564,1.0,4.0,missense,wt_like,55
4075,urn:mavedb:00000013-a-1#4076,p.Arg55His,0.896960662201869,0.221875010741551,7.0,0.0838608715088468,0.7325963743323879,1.06132495007135,0.0,4.0,missense,wt_like,55
4072,urn:mavedb:00000013-a-1#4073,p.Arg55Glu,0.9236992163219,0.151100418861536,6.0,0.0616864876885959,0.802795922119478,1.04460251052432,0.0,4.0,missense,wt_like,55
4071,urn:mavedb:00000013-a-1#4072,p.Arg55Ala,0.932598120233808,0.293133602108562,7.0,0.110794087442259,0.715445699146999,1.1497505413206202,0.0,4.0,missense,wt_like,55
4084,urn:mavedb:00000013-a-1#4085,p.Arg55=,1.08405577895119,0.108081714144754,2.0,0.0764253129940217,0.9342649179757072,1.23384663992667,0.0,4.0,synonymous,wt_like,55
4102,urn:mavedb:00000013-a-1#4103,p.Phe56Gln,0.242971289802846,0.341445302534244,5.0,0.15269898141291,-0.0563132142424093,0.5422557938481,0.0,1.0,missense,low,56
4095,urn:mavedb:00000013-a-1#4096,p.Phe56Gly,0.247631566979093,0.0728172652832526,8.0,0.0257447910346238,0.19717270376172,0.298090430196465,0.0,1.0,missense,low,56
4093,urn:mavedb:00000013-a-1#4094,p.Phe56Asp,0.2557221539316969,0.1738645374285209,7.0,0.0657146182641639,0.126923868876138,0.3845204389872561,0.0,1.0,missense,low,56
4104,urn:mavedb:00000013-a-1#4105,p.Phe56Ser,0.338433545635924,0.0795686443566165,3.0,0.0459389782383462,0.248394802802196,0.428472288469652,1.0,1.0,missense,low,56
4103,urn:mavedb:00000013-a-1#4104,p.Phe56Arg,0.388319361494743,0.141486973593012,5.0,0.0632748981769385,0.264302839942504,0.512335883046981,0.0,1.0,missense,low,56
4101,urn:mavedb:00000013-a-1#4102,p.Phe56Asn,0.451649531966239,0.365091410675818,7.0,0.137991582636281,0.181190999829445,0.7221080641030321,0.0,2.0,missense,possibly_low,56
4097,urn:mavedb:00000013-a-1#4098,p.Phe56Lys,0.510325544941134,0.2175205176532469,7.0,0.0822150278235039,0.349187051419108,0.67146403846316,0.0,1.0,missense,low,56
4092,urn:mavedb:00000013-a-1#4093,p.Phe56Cys,0.532925127708923,0.133738205583739,5.0,0.0598095437748165,0.4157005759785109,0.650149679439335,1.0,1.0,missense,low,56
4096,urn:mavedb:00000013-a-1#4097,p.Phe56Ile,0.550791887450069,0.220476212136794,8.0,0.0779501123461254,0.3980124746608129,0.703571300239326,1.0,1.0,missense,low,56
4106,urn:mavedb:00000013-a-1#4107,p.Phe56Trp,0.604322166920055,0.186324048250004,4.0,0.0931620241250022,0.4217279549081989,0.7869163789319108,0.0,2.0,missense,possibly_low,56
4105,urn:mavedb:00000013-a-1#4106,p.Phe56Val,0.61434594528958,0.208828374999802,8.0,0.0738319800332636,0.469637923517103,0.759053967062058,1.0,2.0,missense,possibly_low,56
4100,urn:mavedb:00000013-a-1#4101,p.Phe56Met,0.666811234978715,0.100365038278128,7.0,0.0379344188013436,0.592461140353623,0.741161329603807,0.0,2.0,missense,possibly_low,56
4091,urn:mavedb:00000013-a-1#4092,p.Phe56Ala,0.7279674931855892,0.3747377665970039,7.0,0.141637562468492,0.4503629718893039,1.0055720144818698,0.0,3.0,missense,possibly_wt_like,56
4098,urn:mavedb:00000013-a-1#4099,p.Phe56Leu,0.8144334880371809,0.147963467911029,8.0,0.0523129857638832,0.7119019200162141,0.916965056058149,1.0,4.0,missense,wt_like,56
4107,urn:mavedb:00000013-a-1#4108,p.Phe56Tyr,0.992851269202128,0.337478371480974,7.0,0.127554834828819,0.7428483868836879,1.24285415152057,1.0,4.0,missense,wt_like,56
4094,urn:mavedb:00000013-a-1#4095,p.Phe56Glu,1.00318888973507,0.3279582961169339,2.0,0.23190153513067,0.5486702329194121,1.45770754655074,0.0,3.0,missense,possibly_wt_like,56
4125,urn:mavedb:00000013-a-1#4126,p.Leu57Trp,0.1732953450547259,0.197318168644228,8.0,0.0697625075498222,0.0365633427858707,0.310027347323581,1.0,1.0,missense,low,57
4114,urn:mavedb:00000013-a-1#4115,p.Leu57Lys,0.178881768652197,0.141235790161436,8.0,0.0499343924846958,0.0810121577923062,0.276751379512089,0.0,1.0,missense,low,57
4108,urn:mavedb:00000013-a-1#4109,p.Leu57Ala,0.190783106320341,0.223267520370155,8.0,0.0789369888362211,0.036069451153307,0.345496761487374,0.0,1.0,missense,low,57
4112,urn:mavedb:00000013-a-1#4113,p.Leu57Gly,0.193016685314195,0.0917686907989956,8.0,0.0324451317822906,0.12942539554725,0.256607975081141,0.0,1.0,missense,low,57
4117,urn:mavedb:00000013-a-1#4118,p.Leu57Asn,0.195549749765955,0.137044657481213,8.0,0.0484526033151767,0.100584392311003,0.290515107220908,0.0,1.0,missense,low,57
4111,urn:mavedb:00000013-a-1#4112,p.Leu57Glu,0.195574611703541,0.126211688220226,5.0,0.0564435828830869,0.0849472220942895,0.3062020013127931,0.0,1.0,missense,low,57
4120,urn:mavedb:00000013-a-1#4121,p.Leu57Arg,0.213797439996791,0.175661583791814,8.0,0.0621057485465803,0.0920724096125924,0.335522470380989,0.0,1.0,missense,low,57
4122,urn:mavedb:00000013-a-1#4123,p.Leu57Ser,0.239096771141433,0.253174634686246,6.0,0.103358111799473,0.0365185945044015,0.441674947778465,1.0,1.0,missense,low,57
4118,urn:mavedb:00000013-a-1#4119,p.Leu57Pro,0.276809990483964,0.180822794791272,6.0,0.0738205968504346,0.1321242793398609,0.421495701628067,0.0,1.0,missense,low,57
4124,urn:mavedb:00000013-a-1#4125,p.Leu57Val,0.310628146568529,0.0972732647701474,8.0,0.0343912925735629,0.243222451742566,0.378033841394492,1.0,1.0,missense,low,57
4113,urn:mavedb:00000013-a-1#4114,p.Leu57Ile,0.328029717997744,0.327359621532222,4.0,0.163679810766111,0.007223183899835,0.648836252095653,0.0,1.0,missense,low,57
4109,urn:mavedb:00000013-a-1#4110,p.Leu57Cys,0.368016297054055,0.2966506497317689,6.0,0.121107120617989,0.130650702371449,0.605381891736661,0.0,1.0,missense,low,57
4119,urn:mavedb:00000013-a-1#4120,p.Leu57Gln,0.3711694184809729,0.109532902287897,2.0,0.0774514579708158,0.2193673503080569,0.52297148665389,0.0,1.0,missense,low,57
4123,urn:mavedb:00000013-a-1#4124,p.Leu57Thr,0.6073228643615319,0.571658461331681,3.0,0.330047166534373,-0.0395576952453335,1.2542034239684,0.0,2.0,missense,possibly_low,57
4116,urn:mavedb:00000013-a-1#4117,p.Leu57Met,0.8181174262835541,0.306322003924465,2.0,0.216602366201642,0.39358458956218,1.24265026300493,1.0,3.0,missense,possibly_wt_like,57
4115,urn:mavedb:00000013-a-1#4116,p.Leu57=,1.09145347970546,0.12121572539139,8.0,0.0428562307053491,1.00745681100984,1.17545014840109,0.0,4.0,synonymous,wt_like,57
4140,urn:mavedb:00000013-a-1#4141,p.Asp58Ter,-0.0902234587857366,0.0680591666302392,4.0,0.0340295833151196,-0.156920216492276,-0.0235267010791971,0.0,1.0,nonsense,low,58
4131,urn:mavedb:00000013-a-1#4132,p.Asp58Ile,0.230266000450678,0.0509467765302785,3.0,0.0294141351441,0.172615354931848,0.287916645969508,0.0,1.0,missense,low,58
4139,urn:mavedb:00000013-a-1#4140,p.Asp58Trp,0.307019034273458,0.267495045564621,5.0,0.119627421105379,0.0725535973435079,0.5414844712034079,0.0,1.0,missense,low,58
4138,urn:mavedb:00000013-a-1#4139,p.Asp58Val,0.3280641047379929,0.169874222000623,8.0,0.0600596071627148,0.210349437773448,0.445778771702538,1.0,1.0,missense,low,58
4135,urn:mavedb:00000013-a-1#4136,p.Asp58Arg,0.4494604360001041,0.0827446904256412,8.0,0.0292546658535763,0.392122344547341,0.506798527452867,0.0,1.0,missense,low,58
4134,urn:mavedb:00000013-a-1#4135,p.Asp58Pro,0.459695187601921,0.240754718991547,8.0,0.0851196472007923,0.292863744711612,0.626526630492229,0.0,1.0,missense,low,58
4127,urn:mavedb:00000013-a-1#4128,p.Asp58Cys,0.482495866037803,0.189293784782447,2.0,0.1338509188561349,0.220152885782185,0.744838846293422,0.0,2.0,missense,possibly_low,58
4133,urn:mavedb:00000013-a-1#4134,p.Asp58Lys,0.517332181672094,0.159968591843583,8.0,0.0565574380347304,0.4064816400661671,0.6281827232780219,0.0,1.0,missense,low,58
4141,urn:mavedb:00000013-a-1#4142,p.Asp58Tyr,0.5373442686323899,0.0627221382339325,2.0,0.0443512492757337,0.450417417382594,0.6242711198821861,1.0,1.0,missense,low,58
4137,urn:mavedb:00000013-a-1#4138,p.Asp58Thr,0.554198667326702,0.23321945770696,3.0,0.1346493166873719,0.290290856076525,0.818106478576879,0.0,2.0,missense,possibly_low,58
4129,urn:mavedb:00000013-a-1#4130,p.Asp58Gly,0.575717098482727,0.0667647116527379,8.0,0.0236048901768078,0.529452363877161,0.621981833088294,1.0,1.0,missense,low,58
4126,urn:mavedb:00000013-a-1#4127,p.Asp58Ala,0.5786519799640799,0.0901316955236128,8.0,0.0318663665522939,0.516195049203432,0.6411089107247281,1.0,1.0,missense,low,58
4130,urn:mavedb:00000013-a-1#4131,p.Asp58His,0.7349199211497629,0.191971378083704,6.0,0.0783719869206639,0.581313649388418,0.888526192911109,1.0,3.0,missense,possibly_wt_like,58
4136,urn:mavedb:00000013-a-1#4137,p.Asp58Ser,0.852985110677207,0.401759393426729,5.0,0.1796722628602499,0.500833946450304,1.20513627490411,0.0,3.0,missense,possibly_wt_like,58
4128,urn:mavedb:00000013-a-1#4129,p.Asp58Glu,0.997160121529623,0.2890579925332769,8.0,0.102197433338225,0.796856832874268,1.19746341018498,1.0,4.0,missense,wt_like,58
4160,urn:mavedb:00000013-a-1#4161,p.Ser59Ter,0.048052543325257,0.268072774494227,8.0,0.0947780383481801,-0.1377089983625319,0.233814085013046,1.0,1.0,nonsense,low,59
4153,urn:mavedb:00000013-a-1#4154,p.Ser59Pro,0.216865877848976,0.12097407937705,7.0,0.0457239041595229,0.127248672463749,0.306483083234202,1.0,1.0,missense,low,59
4144,urn:mavedb:00000013-a-1#4145,p.Ser59Cys,0.5398559353360121,0.188632015585611,5.0,0.0843588019164454,0.374515721800831,0.7051961488711941,0.0,1.0,missense,low,59
4142,urn:mavedb:00000013-a-1#4143,p.Ser59Ala,0.7164709498945041,0.330169335431038,8.0,0.116732488011571,0.4876794775660711,0.945262422222938,1.0,3.0,missense,possibly_wt_like,59
4148,urn:mavedb:00000013-a-1#4149,p.Ser59His,0.7490682408790359,0.352987376994742,8.0,0.124799883973117,0.504464963016948,0.9936715187411228,0.0,3.0,missense,possibly_wt_like,59
4159,urn:mavedb:00000013-a-1#4160,p.Ser59Trp,0.750296934110938,0.337972891854443,8.0,0.119491461843752,0.5160979724371421,0.984495895784735,0.0,3.0,missense,possibly_wt_like,59
4149,urn:mavedb:00000013-a-1#4150,p.Ser59Ile,0.8259401028789691,0.126785254460476,6.0,0.0517598633895153,0.7244926347908058,0.9273875709671328,0.0,4.0,missense,wt_like,59
4150,urn:mavedb:00000013-a-1#4151,p.Ser59Leu,0.828132865757633,0.1236472133490969,8.0,0.0437158915169831,0.742451292832286,0.91381443868298,1.0,4.0,missense,wt_like,59
4156,urn:mavedb:00000013-a-1#4157,p.Ser59Arg,0.9028020468475408,0.134938665404109,8.0,0.0477080226757539,0.8092960406294429,0.996308053065639,0.0,4.0,missense,wt_like,59
4157,urn:mavedb:00000013-a-1#4158,p.Ser59=,0.913986608173188,0.138048194111227,8.0,0.0488074070933028,0.818325848091529,1.00964736825485,0.0,4.0,synonymous,wt_like,59
4147,urn:mavedb:00000013-a-1#4148,p.Ser59Gly,0.915779905823813,0.0995649900831073,8.0,0.0352015398282683,0.8467861555600551,0.984773656087571,0.0,4.0,missense,wt_like,59
4145,urn:mavedb:00000013-a-1#4146,p.Ser59Asp,0.963486550108858,0.209306649296407,7.0,0.0791104773986436,0.8084328636077459,1.11854023660997,0.0,4.0,missense,wt_like,59
4151,urn:mavedb:00000013-a-1#4152,p.Ser59Met,0.9663955530576592,0.20360150613794,8.0,0.071984002824966,0.825309500057696,1.10748160605762,0.0,4.0,missense,wt_like,59
4155,urn:mavedb:00000013-a-1#4156,p.Ser59Gln,0.9954985767431028,0.316062063011936,8.0,0.111744814015775,0.776482765813058,1.21451438767315,0.0,4.0,missense,wt_like,59
4146,urn:mavedb:00000013-a-1#4147,p.Ser59Glu,0.9977303929509972,0.197467957517202,8.0,0.0698154659137354,0.8608945941961921,1.1345661917058,0.0,4.0,missense,wt_like,59
4158,urn:mavedb:00000013-a-1#4159,p.Ser59Val,1.01280361392165,0.0705930269061158,8.0,0.0249584040148994,0.963886040940851,1.06172118690246,0.0,4.0,missense,wt_like,59
4152,urn:mavedb:00000013-a-1#4153,p.Ser59Asn,1.02002876652595,0.111042319640572,5.0,0.0496596350191156,0.9226976704030828,1.11735986264882,0.0,4.0,missense,wt_like,59
4161,urn:mavedb:00000013-a-1#4162,p.Ser59Tyr,1.04798095193341,0.24340960062099,5.0,0.108856082672922,0.834626950396373,1.26133495347046,0.0,4.0,missense,wt_like,59
4166,urn:mavedb:00000013-a-1#4167,p.Lys60Gly,0.3680948688402271,0.11204329333894,8.0,0.039613286253219,0.290454254474642,0.445735483205812,0.0,1.0,missense,low,60
4169,urn:mavedb:00000013-a-1#4170,p.Lys60Leu,0.4947414202825871,0.1687261000036719,8.0,0.0596536847378781,0.37782234665124,0.6116604939139351,0.0,1.0,missense,low,60
4171,urn:mavedb:00000013-a-1#4172,p.Lys60Pro,0.539836000276453,0.0917897126830779,4.0,0.0458948563415389,0.4498837347713969,0.629788265781509,0.0,1.0,missense,low,60
4163,urn:mavedb:00000013-a-1#4164,p.Lys60Cys,0.585319806441437,0.110582928085935,8.0,0.0390969691665144,0.508691154970396,0.6619484579124789,0.0,1.0,missense,low,60
4175,urn:mavedb:00000013-a-1#4176,p.Lys60Val,0.5928606026407671,0.172477300871367,6.0,0.0704135632245571,0.4548525546975011,0.7308686505840329,0.0,2.0,missense,possibly_low,60
4167,urn:mavedb:00000013-a-1#4168,p.Lys60Ile,0.594237437770803,0.156892727696977,7.0,0.0592998771429679,0.478011814282936,0.7104630612586701,0.0,2.0,missense,possibly_low,60
4170,urn:mavedb:00000013-a-1#4171,p.Lys60Met,0.6570907712273449,0.048426747795118,2.0,0.0342428817567386,0.589975956257274,0.7242055861974159,1.0,2.0,missense,possibly_low,60
4162,urn:mavedb:00000013-a-1#4163,p.Lys60Ala,0.659104271063877,0.153062045598661,7.0,0.0578520154024123,0.5457164044420929,0.772492137685662,0.0,2.0,missense,possibly_low,60
4174,urn:mavedb:00000013-a-1#4175,p.Lys60Thr,0.684313944581225,0.248532757859371,7.0,0.0939365528498471,0.500201684163682,0.868426204998769,1.0,2.0,missense,possibly_low,60
4173,urn:mavedb:00000013-a-1#4174,p.Lys60Ser,0.704105723351398,0.296935125778133,3.0,0.171435574799861,0.3680981710747489,1.0401132756280502,0.0,2.0,missense,possibly_low,60
4164,urn:mavedb:00000013-a-1#4165,p.Lys60Glu,0.717377300747363,0.207649385464355,8.0,0.0734151442855323,0.573486262027908,0.8612683394668171,1.0,3.0,missense,possibly_wt_like,60
4168,urn:mavedb:00000013-a-1#4169,p.Lys60=,1.02984646975677,0.0616942777122945,3.0,0.0356192078446528,0.960034105223402,1.09965883429013,0.0,4.0,synonymous,wt_like,60
4172,urn:mavedb:00000013-a-1#4173,p.Lys60Arg,1.06765187334931,0.171472766253049,8.0,0.0606247779031732,0.948829492088348,1.18647425461027,1.0,4.0,missense,wt_like,60
4177,urn:mavedb:00000013-a-1#4178,p.Lys60Tyr,1.21428372107204,0.056657421000827,3.0,0.0327111772664174,1.15017099173796,1.27839645040612,0.0,4.0,missense,wt_like,60
4198,urn:mavedb:00000013-a-1#4199,p.His61Ter,0.0951611660305823,0.186850595765621,7.0,0.0706228869600131,-0.0432571488952867,0.233579480956451,0.0,1.0,nonsense,low,61
4185,urn:mavedb:00000013-a-1#4186,p.His61Lys,0.135623261992128,0.209296126673544,7.0,0.0791065002210384,-0.0194226293841174,0.290669153368373,0.0,1.0,missense,low,61
4193,urn:mavedb:00000013-a-1#4194,p.His61Arg,0.191643755363924,0.0812825276668351,8.0,0.0287377132526011,0.135318872390787,0.2479686383370619,1.0,1.0,missense,low,61
4180,urn:mavedb:00000013-a-1#4181,p.His61Asp,0.234913538998994,0.220204320954776,7.0,0.0832294101240265,0.0717868927013883,0.3980401852965989,1.0,1.0,missense,low,61
4190,urn:mavedb:00000013-a-1#4191,p.His61Asn,0.2840732747472709,0.0703896711175253,4.0,0.0351948355587627,0.215092664610286,0.353053884884255,1.0,1.0,missense,low,61
4192,urn:mavedb:00000013-a-1#4193,p.His61Gln,0.3140349431848889,0.180177562521314,8.0,0.0637023881382422,0.189180556704743,0.438889329665035,1.0,1.0,missense,low,61
4194,urn:mavedb:00000013-a-1#4195,p.His61Ser,0.3310223802733581,0.0981529677979145,8.0,0.0347023145617451,0.263007093552158,0.399037666994558,0.0,1.0,missense,low,61
4195,urn:mavedb:00000013-a-1#4196,p.His61Thr,0.346843271956164,0.107744592531202,4.0,0.0538722962656012,0.241255511511114,0.452431032401214,0.0,1.0,missense,low,61
4183,urn:mavedb:00000013-a-1#4184,p.His61Gly,0.3501221435388449,0.112751870086012,8.0,0.0398638059646418,0.271990519561454,0.428253767516236,0.0,1.0,missense,low,61
4181,urn:mavedb:00000013-a-1#4182,p.His61Glu,0.361335148320685,0.201342544207151,6.0,0.0821977494702143,0.2002305197488189,0.522439776892552,0.0,1.0,missense,low,61
4178,urn:mavedb:00000013-a-1#4179,p.His61Ala,0.3795720894569689,0.134357532752622,8.0,0.0475025612564363,0.286468780220946,0.472675398692992,0.0,1.0,missense,low,61
4196,urn:mavedb:00000013-a-1#4197,p.His61Val,0.4153372824675471,0.0961300690719809,8.0,0.0339871118583644,0.348723767286618,0.4819507976484749,0.0,1.0,missense,low,61
4191,urn:mavedb:00000013-a-1#4192,p.His61Pro,0.424473844148485,0.262821254414713,8.0,0.0929213456182993,0.24235135334162,0.606596334955351,1.0,1.0,missense,low,61
4189,urn:mavedb:00000013-a-1#4190,p.His61Met,0.5064490195995329,0.22022883646997,4.0,0.110114418234985,0.290628725680382,0.7222693135186841,0.0,2.0,missense,possibly_low,61
4197,urn:mavedb:00000013-a-1#4198,p.His61Trp,0.533423408498423,0.169735749215059,8.0,0.0600106496398736,0.415804696515419,0.6510421204814271,0.0,1.0,missense,low,61
4179,urn:mavedb:00000013-a-1#4180,p.His61Cys,0.5340343826444339,0.241020405193623,4.0,0.120510202596812,0.297838725785057,0.7702300395038101,0.0,2.0,missense,possibly_low,61
4184,urn:mavedb:00000013-a-1#4185,p.His61Ile,0.606646811456824,0.227259840337533,6.0,0.0927784413088881,0.42480440794964,0.7884892149640079,0.0,2.0,missense,possibly_low,61
4186,urn:mavedb:00000013-a-1#4187,p.His61Leu,0.654594345166546,0.0493468421999376,8.0,0.0174467433748592,0.6203993565043101,0.6887893338287829,1.0,1.0,missense,low,61
4200,urn:mavedb:00000013-a-1#4201,p.His61Tyr,0.799641188395671,0.326708483064667,5.0,0.1461084753916869,0.513273838791909,1.08600853799943,1.0,3.0,missense,possibly_wt_like,61
4182,urn:mavedb:00000013-a-1#4183,p.His61Phe,0.934803029296037,0.0566582561228998,3.0,0.0327116594243709,0.870689354949729,0.9989167036423442,0.0,4.0,missense,wt_like,61
4219,urn:mavedb:00000013-a-1#4220,p.Lys62Ter,-0.0160266457318655,0.0464482048196661,8.0,0.0164219203009638,-0.0482130180787417,0.0161597266150107,1.0,1.0,nonsense,low,62
4218,urn:mavedb:00000013-a-1#4219,p.Lys62Trp,0.626122217534878,0.23178129988712,8.0,0.0819470644512078,0.4655089225717279,0.786735512498028,0.0,2.0,missense,possibly_low,62
4217,urn:mavedb:00000013-a-1#4218,p.Lys62Val,0.664143043032682,0.146336348301431,8.0,0.0517377121090092,0.562738990656522,0.7655470954088409,0.0,2.0,missense,possibly_low,62
4202,urn:mavedb:00000013-a-1#4203,p.Lys62Cys,0.6862021040007271,0.492016590285312,5.0,0.220036508387124,0.254938472278018,1.11746573572344,0.0,2.0,missense,possibly_low,62
4216,urn:mavedb:00000013-a-1#4217,p.Lys62Thr,0.717651838705001,0.301038875739069,4.0,0.1505194378695339,0.422639161507499,1.0126645159025,1.0,3.0,missense,possibly_wt_like,62
4203,urn:mavedb:00000013-a-1#4204,p.Lys62Asp,0.726772920803397,0.194552702244199,5.0,0.0870066134848608,0.556243091956273,0.8973027496505209,0.0,3.0,missense,possibly_wt_like,62
4207,urn:mavedb:00000013-a-1#4208,p.Lys62Ile,0.792470078801592,0.203584355002287,7.0,0.0769476534513629,0.641655449342051,0.943284708261132,1.0,3.0,missense,possibly_wt_like,62
4201,urn:mavedb:00000013-a-1#4202,p.Lys62Ala,0.824727457976479,0.451411742550706,8.0,0.15959815213242,0.511920827797791,1.13753408815517,0.0,3.0,missense,possibly_wt_like,62
4212,urn:mavedb:00000013-a-1#4213,p.Lys62Pro,0.8361331187564459,0.6571422638899029,3.0,0.379401262952716,0.0925203076801128,1.57974592983278,0.0,3.0,missense,possibly_wt_like,62
4213,urn:mavedb:00000013-a-1#4214,p.Lys62Gln,0.8716287173074341,0.217927500876813,7.0,0.0823688530231227,0.7101887319342409,1.03306870268063,1.0,4.0,missense,wt_like,62
4211,urn:mavedb:00000013-a-1#4212,p.Lys62Met,0.873314915646007,0.165907791006615,6.0,0.0677315720530865,0.740563473805678,1.00606635748634,0.0,4.0,missense,wt_like,62
4214,urn:mavedb:00000013-a-1#4215,p.Lys62Arg,0.8917443521914542,0.144273864761394,8.0,0.0510085140603864,0.7917695017281909,0.991719202654716,1.0,4.0,missense,wt_like,62
4209,urn:mavedb:00000013-a-1#4210,p.Lys62Leu,0.8966360592531469,0.161359741508199,8.0,0.0570492837154779,0.784821517827003,1.00845060067929,0.0,4.0,missense,wt_like,62
4215,urn:mavedb:00000013-a-1#4216,p.Lys62Ser,0.909640872584478,0.131178366474967,8.0,0.0463785562397115,0.8187405726996779,1.00054117246928,0.0,4.0,missense,wt_like,62
4206,urn:mavedb:00000013-a-1#4207,p.Lys62Gly,0.967625416053046,0.115561122006051,8.0,0.0408570265060024,0.887547115585883,1.04770371652021,0.0,4.0,missense,wt_like,62
4220,urn:mavedb:00000013-a-1#4221,p.Lys62Tyr,0.977297179154475,0.1955006374197749,2.0,0.138239826445815,0.7063520980916099,1.2482422602173402,0.0,3.0,missense,possibly_wt_like,62
4208,urn:mavedb:00000013-a-1#4209,p.Lys62=,1.00992495502346,0.178666893186458,8.0,0.0631682858728383,0.886117389747567,1.13373252029935,0.0,4.0,synonymous,wt_like,62
4204,urn:mavedb:00000013-a-1#4205,p.Lys62Glu,1.01618781590768,0.213439637948756,7.0,0.0806726002765819,0.8580724248263879,1.17430320698898,1.0,4.0,missense,wt_like,62
4205,urn:mavedb:00000013-a-1#4206,p.Lys62Phe,1.06824276933902,0.187580190268853,3.0,0.108299473346364,0.855979702035495,1.28050583664255,0.0,4.0,missense,wt_like,62
4236,urn:mavedb:00000013-a-1#4237,p.Asn63Ter,0.1554069312968719,0.427080310959402,7.0,0.161421184664387,-0.160972776987116,0.471786639580861,0.0,1.0,nonsense,low,63
4234,urn:mavedb:00000013-a-1#4235,p.Asn63Val,0.388670826433718,0.0842079002173396,8.0,0.0297719886365805,0.330318800957885,0.447022851909552,0.0,1.0,missense,low,63
4228,urn:mavedb:00000013-a-1#4229,p.Asn63Pro,0.5077851353402629,0.2287194571249189,8.0,0.0808645395611679,0.34929355017396,0.6662767205065669,0.0,1.0,missense,low,63
4235,urn:mavedb:00000013-a-1#4236,p.Asn63Trp,0.539060220900206,0.185345190626701,5.0,0.0828888891087919,0.37660098352844,0.7015194582719729,0.0,1.0,missense,low,63
4226,urn:mavedb:00000013-a-1#4227,p.Asn63Leu,0.596241998556566,0.175906697793819,7.0,0.0664864823304341,0.465930887730156,0.7265531093829749,0.0,2.0,missense,possibly_low,63
4230,urn:mavedb:00000013-a-1#4231,p.Asn63Arg,0.619065623090948,0.0857998618393622,8.0,0.030334832065741,0.559610444765025,0.678520801416871,0.0,1.0,missense,low,63
4233,urn:mavedb:00000013-a-1#4234,p.Asn63Thr,0.6343647907467789,0.154744041718071,8.0,0.0547102806235311,0.527134611140579,0.74159497035298,1.0,2.0,missense,possibly_low,63
4225,urn:mavedb:00000013-a-1#4226,p.Asn63Lys,0.682068800841588,0.245709465453377,6.0,0.100310469222131,0.485463893893898,0.8786737077892791,1.0,2.0,missense,possibly_low,63
4227,urn:mavedb:00000013-a-1#4228,p.Asn63Met,0.7409370811390771,0.0801535578546331,8.0,0.0283385621476197,0.6853945199560921,0.7964796423220619,0.0,3.0,missense,possibly_wt_like,63
4229,urn:mavedb:00000013-a-1#4230,p.Asn63Gln,0.750075743915782,0.284818091075912,8.0,0.100698401802192,0.552710503082741,0.947440984748822,0.0,3.0,missense,possibly_wt_like,63
4224,urn:mavedb:00000013-a-1#4225,p.Asn63Gly,0.85815141668301,0.0948663291850401,8.0,0.0335403123365086,0.7924136124732291,0.9238892208927908,0.0,4.0,missense,wt_like,63
4222,urn:mavedb:00000013-a-1#4223,p.Asn63Ala,0.8853684427879709,0.182815062395174,8.0,0.0646348851613346,0.7586863957268721,1.01205048984907,0.0,4.0,missense,wt_like,63
4223,urn:mavedb:00000013-a-1#4224,p.Asn63Glu,0.886640771312899,0.135220279781348,8.0,0.0478075883936667,0.7929396198735981,0.980341922752201,0.0,4.0,missense,wt_like,63
4231,urn:mavedb:00000013-a-1#4232,p.Asn63Ser,1.32262796455206,0.0584091822182153,2.0,0.0413015288300608,1.2416784555387,1.4035774735654198,1.0,4.0,missense,wt_like,63
4246,urn:mavedb:00000013-a-1#4247,p.His64Pro,0.23277005980004,0.102723293326907,7.0,0.0388257554280766,0.15667297748845,0.308867142111631,1.0,1.0,missense,low,64
4244,urn:mavedb:00000013-a-1#4245,p.His64Ile,0.447963788836848,0.255904972022932,4.0,0.127952486011466,0.1971815245220089,0.6987460531516871,0.0,1.0,missense,low,64
4252,urn:mavedb:00000013-a-1#4253,p.His64Trp,0.625093329362714,0.215028575808863,4.0,0.107514287904431,0.414369197246558,0.835817461478869,0.0,2.0,missense,possibly_low,64
4241,urn:mavedb:00000013-a-1#4242,p.His64Phe,0.690330768764498,0.3978883265844269,7.0,0.1503876516740059,0.395576387763891,0.985085149765105,0.0,2.0,missense,possibly_low,64
4238,urn:mavedb:00000013-a-1#4239,p.His64Cys,0.780938620034114,0.322959058034435,8.0,0.114183269990884,0.557143523214968,1.00473371685326,0.0,3.0,missense,possibly_wt_like,64
4245,urn:mavedb:00000013-a-1#4246,p.His64Leu,0.7961125982230541,0.0950357668003055,8.0,0.0336002175798797,0.7302573818937801,0.861967814552328,1.0,4.0,missense,wt_like,64
4242,urn:mavedb:00000013-a-1#4243,p.His64Gly,0.796733037549324,0.100352080241592,8.0,0.0354798182225032,0.7271938716551891,0.8662722034434581,0.0,4.0,missense,wt_like,64
4247,urn:mavedb:00000013-a-1#4248,p.His64Gln,0.800624358529984,0.0765056245924787,4.0,0.0382528122962393,0.725650224121984,0.8755984929379849,1.0,4.0,missense,wt_like,64
4251,urn:mavedb:00000013-a-1#4252,p.His64Val,0.8188514322146,0.154412469800115,8.0,0.0545930522477121,0.711851016002971,0.925851848426229,0.0,4.0,missense,wt_like,64
4240,urn:mavedb:00000013-a-1#4241,p.His64Glu,0.855557198322475,0.195698782957669,8.0,0.0691899682496609,0.719947352461669,0.99116704418328,0.0,4.0,missense,wt_like,64
4250,urn:mavedb:00000013-a-1#4251,p.His64Thr,0.8919099846530458,0.143661114379954,7.0,0.0542987973885377,0.7854862973676751,0.998333671938418,0.0,4.0,missense,wt_like,64
4239,urn:mavedb:00000013-a-1#4240,p.His64Asp,0.8988708323076608,0.196533670533917,4.0,0.0982668352669583,0.7062713743096921,1.09147029030563,1.0,3.0,missense,possibly_wt_like,64
4237,urn:mavedb:00000013-a-1#4238,p.His64Ala,0.8995182246317379,0.197574841573519,8.0,0.0698532551342466,0.762608360365728,1.03642808889775,0.0,4.0,missense,wt_like,64
4249,urn:mavedb:00000013-a-1#4250,p.His64Ser,0.90626358225332,0.146377928436587,8.0,0.0517524129067751,0.804830716842995,1.00769644766365,0.0,4.0,missense,wt_like,64
4248,urn:mavedb:00000013-a-1#4249,p.His64Arg,0.930133751968355,0.1334432498724299,8.0,0.047179313444183,0.83766399680243,1.02260350713428,1.0,4.0,missense,wt_like,64
4271,urn:mavedb:00000013-a-1#4272,p.Tyr65Ter,0.0468668072809475,0.147365669537173,6.0,0.0601617826616134,-0.071048119981541,0.164781734543436,1.0,1.0,nonsense,low,65
4261,urn:mavedb:00000013-a-1#4262,p.Tyr65Lys,0.0752019526279617,0.146290142317475,8.0,0.0517213758267157,-0.0261700812232616,0.176573986479185,0.0,1.0,missense,low,65
4266,urn:mavedb:00000013-a-1#4267,p.Tyr65Arg,0.175113017052149,0.0698662024065077,8.0,0.0247014327486967,0.126699098498165,0.223526935606132,0.0,1.0,missense,low,65
4258,urn:mavedb:00000013-a-1#4259,p.Tyr65Gly,0.221039234805451,0.141721561537553,8.0,0.0501061386017752,0.1228330077415989,0.319245461869302,0.0,1.0,missense,low,65
4264,urn:mavedb:00000013-a-1#4265,p.Tyr65Pro,0.221041733922451,0.135195846016935,8.0,0.0477989497534134,0.127357513906922,0.314725953937981,0.0,1.0,missense,low,65
4256,urn:mavedb:00000013-a-1#4257,p.Tyr65Glu,0.2483952367247869,0.242248073625291,8.0,0.0856476277949107,0.0805289708854708,0.416261502564104,0.0,1.0,missense,low,65
4267,urn:mavedb:00000013-a-1#4268,p.Tyr65Ser,0.262513795499101,0.138071791699915,8.0,0.0488157501007933,0.166836683423238,0.3581909075749629,1.0,1.0,missense,low,65
4253,urn:mavedb:00000013-a-1#4254,p.Tyr65Ala,0.543789290988961,0.137248123783994,8.0,0.0485245395163964,0.448682941170433,0.6388956408074878,0.0,1.0,missense,low,65
4268,urn:mavedb:00000013-a-1#4269,p.Tyr65Thr,0.5645334083469821,0.25418211535196,7.0,0.096071809277374,0.3762361222337279,0.752830694460236,0.0,2.0,missense,possibly_low,65
4259,urn:mavedb:00000013-a-1#4260,p.Tyr65His,0.565778114803962,0.0105812642767165,2.0,0.0074820837235932,0.551113500176406,0.5804427294315191,1.0,1.0,missense,low,65
4262,urn:mavedb:00000013-a-1#4263,p.Tyr65Leu,0.6103995925789539,0.115799429345599,8.0,0.0409412808739028,0.530156156585166,0.6906430285727421,0.0,1.0,missense,low,65
4263,urn:mavedb:00000013-a-1#4264,p.Tyr65Met,0.624354778420474,0.173757457174584,5.0,0.0777066971679755,0.472052450613681,0.776657106227266,0.0,2.0,missense,possibly_low,65
4257,urn:mavedb:00000013-a-1#4258,p.Tyr65Phe,0.648680753111205,0.300039755763947,7.0,0.113404368169137,0.426412275810175,0.8709492304122349,1.0,2.0,missense,possibly_low,65
4269,urn:mavedb:00000013-a-1#4270,p.Tyr65Val,0.7232450652477191,0.136744278141585,8.0,0.0483464031811871,0.6284878562305389,0.818002274264898,0.0,3.0,missense,possibly_wt_like,65
4260,urn:mavedb:00000013-a-1#4261,p.Tyr65Ile,0.724610627412328,0.230757924789587,7.0,0.087218297435799,0.55366590564526,0.895555349179396,0.0,3.0,missense,possibly_wt_like,65
4255,urn:mavedb:00000013-a-1#4256,p.Tyr65Cys,0.8189206643866199,0.180196603320055,4.0,0.0900983016600277,0.64233123806474,0.9955100907084988,1.0,3.0,missense,possibly_wt_like,65
4272,urn:mavedb:00000013-a-1#4273,p.Tyr65=,1.01493714932971,0.229172820591207,7.0,0.0866191843627936,0.8451666676083979,1.18470763105102,0.0,4.0,synonymous,wt_like,65
4270,urn:mavedb:00000013-a-1#4271,p.Tyr65Trp,1.02931237019838,0.0689695943636689,8.0,0.0243844339351179,0.981519757902154,1.07710498249461,0.0,4.0,missense,wt_like,65
4291,urn:mavedb:00000013-a-1#4292,p.Lys66Ter,0.0021913562918732,0.0434829232036578,7.0,0.0164350001535712,-0.0300206520950365,0.0344033646787831,1.0,1.0,nonsense,low,66
4282,urn:mavedb:00000013-a-1#4283,p.Lys66Asn,0.127679333119795,0.149787656965813,2.0,0.105915867978571,-0.0799119535095025,0.335270619749092,1.0,1.0,missense,low,66
4283,urn:mavedb:00000013-a-1#4284,p.Lys66Pro,0.145942147491854,0.165764512147992,7.0,0.0626530964776476,0.0231443348757518,0.268739960107957,0.0,1.0,missense,low,66
4277,urn:mavedb:00000013-a-1#4278,p.Lys66Gly,0.229684218069682,0.101016511570135,8.0,0.0357147301715259,0.159684633215925,0.299683802923438,0.0,1.0,missense,low,66
4274,urn:mavedb:00000013-a-1#4275,p.Lys66Glu,0.254668711748758,0.135612875716525,8.0,0.0479463920176817,0.160695510205463,0.3486419132920529,1.0,1.0,missense,low,66
4278,urn:mavedb:00000013-a-1#4279,p.Lys66His,0.274816899390549,0.139833520054427,6.0,0.057086795511764,0.1629288361946889,0.38670496258641,0.0,1.0,missense,low,66
4280,urn:mavedb:00000013-a-1#4281,p.Lys66Leu,0.303477118280846,0.0778214949837521,8.0,0.027514053412543,0.24955056452355,0.357403672038142,0.0,1.0,missense,low,66
4275,urn:mavedb:00000013-a-1#4276,p.Lys66Phe,0.34345601386676,0.1297286034393419,2.0,0.091731975205819,0.163664646232634,0.523247381500887,0.0,1.0,missense,low,66
4286,urn:mavedb:00000013-a-1#4287,p.Lys66Ser,0.439983257239818,0.154494441443862,8.0,0.0546220336002913,0.33292603862091,0.547040475858726,0.0,1.0,missense,low,66
4290,urn:mavedb:00000013-a-1#4291,p.Lys66Trp,0.4752037331932961,0.198339768085371,7.0,0.0749653859211597,0.328274276700677,0.622133189685915,0.0,1.0,missense,low,66
4279,urn:mavedb:00000013-a-1#4280,p.Lys66Ile,0.497843306488604,0.201009155072288,7.0,0.0759743193669272,0.348936376779483,0.6467502361977261,0.0,1.0,missense,low,66
4284,urn:mavedb:00000013-a-1#4285,p.Lys66Gln,0.588499430316894,0.136158254490664,7.0,0.0514629829044202,0.48763383728723,0.6893650233465579,1.0,1.0,missense,low,66
4289,urn:mavedb:00000013-a-1#4290,p.Lys66Val,0.5986385837292779,0.062849863186661,7.0,0.0237550154180484,0.5520796090577099,0.645197558400847,0.0,1.0,missense,low,66
4288,urn:mavedb:00000013-a-1#4289,p.Lys66Thr,0.611761990934461,0.216514885225711,8.0,0.0765495717854635,0.461727587202989,0.761796394665933,1.0,2.0,missense,possibly_low,66
4273,urn:mavedb:00000013-a-1#4274,p.Lys66Ala,0.705488596329158,0.1324628429923,8.0,0.046832687267552,0.6136982159855289,0.7972789766727879,0.0,2.0,missense,possibly_low,66
4281,urn:mavedb:00000013-a-1#4282,p.Lys66Met,0.7174012340404721,0.208572220220476,6.0,0.0851492523432618,0.550511766137166,0.8842907019437779,1.0,3.0,missense,possibly_wt_like,66
4285,urn:mavedb:00000013-a-1#4286,p.Lys66Arg,0.7556258063861171,0.267230155648344,8.0,0.0944801275982401,0.570448159038818,0.9408034537334168,1.0,3.0,missense,possibly_wt_like,66
4306,urn:mavedb:00000013-a-1#4307,p.Ile67Gln,0.0794922019947107,0.164386792596765,5.0,0.0735160085699052,-0.0645965270894415,0.2235809310788629,0.0,1.0,missense,low,67
4300,urn:mavedb:00000013-a-1#4301,p.Ile67=,0.100378820451673,0.0414104642985348,2.0,0.0292816201175774,0.0429878996122382,0.157769741291108,0.0,1.0,synonymous,low,67
4304,urn:mavedb:00000013-a-1#4305,p.Ile67Asn,0.117791044822335,0.0148336751982138,3.0,0.0085642263687602,0.101005469584116,0.134576620060553,0.0,1.0,missense,low,67
4296,urn:mavedb:00000013-a-1#4297,p.Ile67Gly,0.181295838640825,0.0615244650190394,8.0,0.0217521832119186,0.138662342960348,0.223929334321302,0.0,1.0,missense,low,67
4292,urn:mavedb:00000013-a-1#4293,p.Ile67Ala,0.205832390120694,0.0993628072053309,8.0,0.0351300573863105,0.1369787428687,0.274686037372688,0.0,1.0,missense,low,67
4294,urn:mavedb:00000013-a-1#4295,p.Ile67Asp,0.212329359964604,0.296855256962431,5.0,0.132757706809233,-0.0478709640516204,0.472529683980828,0.0,1.0,missense,low,67
4307,urn:mavedb:00000013-a-1#4308,p.Ile67Arg,0.219541790464059,0.1496024616566099,8.0,0.0528924575597945,0.115874478593048,0.3232091023350689,1.0,1.0,missense,low,67
4309,urn:mavedb:00000013-a-1#4310,p.Ile67Thr,0.228353849380359,0.127222341495354,5.0,0.0568955607680606,0.11684059939475,0.339867099365968,1.0,1.0,missense,low,67
4301,urn:mavedb:00000013-a-1#4302,p.Ile67Lys,0.272300803355096,0.155945073333593,6.0,0.0636643095947011,0.147521049448874,0.397080557261317,1.0,1.0,missense,low,67
4297,urn:mavedb:00000013-a-1#4298,p.Ile67His,0.296679035814013,0.384843139837854,5.0,0.17210708427038,-0.0406446508401318,0.6340027224681579,0.0,1.0,missense,low,67
4308,urn:mavedb:00000013-a-1#4309,p.Ile67Ser,0.2988709314145539,0.101266672674914,8.0,0.035803175478315,0.228697996944889,0.3690438658842189,0.0,1.0,missense,low,67
4295,urn:mavedb:00000013-a-1#4296,p.Ile67Glu,0.31100195140485,0.266578720131726,8.0,0.0942498103625871,0.12627571754445,0.495728185265251,0.0,1.0,missense,low,67
4313,urn:mavedb:00000013-a-1#4314,p.Ile67Ter,0.3136385415601189,0.537354409570207,3.0,0.310241713015592,-0.294424042452452,0.921701125572689,0.0,2.0,nonsense,possibly_low,67
4314,urn:mavedb:00000013-a-1#4315,p.Ile67Tyr,0.326527084231601,0.237988551510105,6.0,0.0971584193039712,0.136100081600976,0.516954086862225,0.0,1.0,missense,low,67
4305,urn:mavedb:00000013-a-1#4306,p.Ile67Pro,0.3827893611935139,0.36313958328798,7.0,0.1372538612262319,0.113776736451042,0.651801985935987,0.0,1.0,missense,low,67
4312,urn:mavedb:00000013-a-1#4313,p.Ile67Trp,0.384040043068352,0.134391563967604,5.0,0.0601017345268146,0.266242807987408,0.501837278149296,0.0,1.0,missense,low,67
4303,urn:mavedb:00000013-a-1#4304,p.Ile67Met,0.5056951918183521,0.257375757817649,7.0,0.097278892668898,0.3150320657313739,0.696358317905329,1.0,1.0,missense,low,67
4293,urn:mavedb:00000013-a-1#4294,p.Ile67Cys,0.506289420537118,0.0757735798552678,5.0,0.0338869750909775,0.439872169813797,0.57270667126044,0.0,1.0,missense,low,67
4302,urn:mavedb:00000013-a-1#4303,p.Ile67Leu,0.7511558812405319,0.394443396366917,8.0,0.13945680018265,0.477825575483339,1.02448618699772,1.0,3.0,missense,possibly_wt_like,67
4311,urn:mavedb:00000013-a-1#4312,p.Ile67Val,0.781417896590732,0.220597365105427,8.0,0.0779929463889661,0.628554530620195,0.9342812625612692,1.0,3.0,missense,possibly_wt_like,67
4333,urn:mavedb:00000013-a-1#4334,p.Tyr68Ter,0.0080975202513093,0.117809736184804,8.0,0.0416520316730365,-0.0735389617107639,0.0897340022133825,1.0,1.0,nonsense,low,68
4315,urn:mavedb:00000013-a-1#4316,p.Tyr68Cys,0.06951562339011,0.0214077196339871,2.0,0.0151375437229327,0.0398465828787616,0.0991846639014584,1.0,1.0,missense,low,68
4325,urn:mavedb:00000013-a-1#4326,p.Tyr68Pro,0.102007728740357,0.128374069012608,6.0,0.052408494214287,-0.0007110324036211,0.2047264898843349,0.0,1.0,missense,low,68
4324,urn:mavedb:00000013-a-1#4325,p.Tyr68Asn,0.107193178374888,0.186823557203736,6.0,0.0762703978468031,-0.0422940544913876,0.256680411241163,1.0,1.0,missense,low,68
4329,urn:mavedb:00000013-a-1#4330,p.Tyr68Thr,0.159831918203441,0.1784641466589349,7.0,0.0674531071429859,0.0276262575578673,0.292037578849015,0.0,1.0,missense,low,68
4322,urn:mavedb:00000013-a-1#4323,p.Tyr68Leu,0.178098496742832,0.144241273469052,8.0,0.0509969912984749,0.0781462304779183,0.278050763007745,0.0,1.0,missense,low,68
4327,urn:mavedb:00000013-a-1#4328,p.Tyr68Arg,0.200530883629864,0.12015896595218,8.0,0.0424826098225749,0.117266498408349,0.283795268851378,0.0,1.0,missense,low,68
4320,urn:mavedb:00000013-a-1#4321,p.Tyr68Lys,0.207062977864806,0.103549427909658,5.0,0.0463087119674417,0.1162995702381819,0.297826385491431,0.0,1.0,missense,low,68
4318,urn:mavedb:00000013-a-1#4319,p.Tyr68Gly,0.218393738270792,0.300720130275377,6.0,0.122768479092993,-0.0222280591882324,0.459015535729816,0.0,1.0,missense,low,68
4328,urn:mavedb:00000013-a-1#4329,p.Tyr68Ser,0.219539581505228,0.134562865752819,6.0,0.0549350599035067,0.111868842605805,0.327210320404652,1.0,1.0,missense,low,68
4323,urn:mavedb:00000013-a-1#4324,p.Tyr68Met,0.230106952333542,0.0291165728080269,2.0,0.0205885260774676,0.189754182726941,0.270459721940142,0.0,1.0,missense,low,68
4326,urn:mavedb:00000013-a-1#4327,p.Tyr68Gln,0.245018415747068,0.35008282306766,7.0,0.1323188697303509,-0.0143218033994665,0.5043586348936021,0.0,1.0,missense,low,68
4316,urn:mavedb:00000013-a-1#4317,p.Tyr68Glu,0.246852117535303,0.0746088013161722,5.0,0.0333660702925474,0.181455821456278,0.312248413614327,0.0,1.0,missense,low,68
4330,urn:mavedb:00000013-a-1#4331,p.Tyr68Val,0.251945617974147,0.1165297642753259,8.0,0.0411994932645764,0.171196094994277,0.332695140954018,0.0,1.0,missense,low,68
4319,urn:mavedb:00000013-a-1#4320,p.Tyr68Ile,0.360719381995918,0.490449849492715,6.0,0.20022531261366,-0.0317150195201286,0.7531537835119649,0.0,2.0,missense,possibly_low,68
4331,urn:mavedb:00000013-a-1#4332,p.Tyr68Trp,0.714731057175096,0.296771746433856,7.0,0.1121691767449,0.494883510579584,0.934578603770608,0.0,3.0,missense,possibly_wt_like,68
4317,urn:mavedb:00000013-a-1#4318,p.Tyr68Phe,1.07905689514814,0.408459682980056,6.0,0.166752967300019,0.752227084924915,1.4058867053713602,1.0,4.0,missense,wt_like,68
4348,urn:mavedb:00000013-a-1#4349,p.Asn69Ter,-0.0344503385336618,0.0385786292028729,3.0,0.0222733819552454,-0.0781053649798472,0.0092046879125235,0.0,1.0,nonsense,low,69
4341,urn:mavedb:00000013-a-1#4342,p.Asn69Pro,0.151820171998374,0.157337290396061,3.0,0.090838726963732,-0.0262204612520082,0.329860805248756,0.0,1.0,missense,low,69
4338,urn:mavedb:00000013-a-1#4339,p.Asn69His,0.278101800261876,0.5119183574405051,2.0,0.36198094196006,-0.431367809069725,0.9875714095934772,1.0,2.0,missense,possibly_low,69
4342,urn:mavedb:00000013-a-1#4343,p.Asn69Arg,0.290662478717157,0.175616277705503,8.0,0.0620897304261506,0.168968843272101,0.4123561141622129,0.0,1.0,missense,low,69
4337,urn:mavedb:00000013-a-1#4338,p.Asn69Gly,0.408556086437003,0.0694423930180917,8.0,0.024551593502457,0.3604358474091189,0.456676325464886,0.0,1.0,missense,low,69
4349,urn:mavedb:00000013-a-1#4350,p.Asn69Tyr,0.510685867091541,0.0918776455848459,2.0,0.0649673062324988,0.383352286703259,0.638019447479823,1.0,1.0,missense,low,69
4334,urn:mavedb:00000013-a-1#4335,p.Asn69Ala,0.731309977010192,0.174979129289664,7.0,0.0661358943895813,0.601686005921268,0.860933948099115,0.0,3.0,missense,possibly_wt_like,69
4345,urn:mavedb:00000013-a-1#4346,p.Asn69Thr,0.7944619160545721,0.232626939539316,5.0,0.104033930041529,0.590559160003016,0.998364672106128,1.0,3.0,missense,possibly_wt_like,69
4347,urn:mavedb:00000013-a-1#4348,p.Asn69Trp,0.840788823806946,0.209970151935758,5.0,0.0939015065948628,0.656745252786965,1.02483239482693,0.0,3.0,missense,possibly_wt_like,69
4346,urn:mavedb:00000013-a-1#4347,p.Asn69Val,0.8576232399794449,0.0878799852673141,8.0,0.0310702667565458,0.796726636146563,0.9185198438123272,0.0,4.0,missense,wt_like,69
4336,urn:mavedb:00000013-a-1#4337,p.Asn69Glu,0.8629322386191641,0.118036264872558,3.0,0.0681482692983095,0.729364085185741,0.996500392052588,0.0,4.0,missense,wt_like,69
4339,urn:mavedb:00000013-a-1#4340,p.Asn69Leu,0.8711698074638822,0.244138186705376,6.0,0.0996689973594174,0.675822162264207,1.06651745266356,0.0,3.0,missense,possibly_wt_like,69
4340,urn:mavedb:00000013-a-1#4341,p.Asn69Met,0.943194103054702,0.19011861612894,4.0,0.0950593080644698,0.7568812828530441,1.1295069232563602,0.0,4.0,missense,wt_like,69
4344,urn:mavedb:00000013-a-1#4345,p.Asn69Ser,0.952882455611292,0.0982116427107555,8.0,0.0347230592761228,0.8848265099970419,1.02093840122554,1.0,4.0,missense,wt_like,69
4335,urn:mavedb:00000013-a-1#4336,p.Asn69Asp,1.03077409646512,0.0695253348594605,6.0,0.0283835991003024,0.9751432644769068,1.08640492845334,1.0,4.0,missense,wt_like,69
4375,urn:mavedb:00000013-a-1#4376,p.Ala72Ter,0.268730932676681,0.328101722374107,5.0,0.146731550952654,-0.0188576225862241,0.556319487939585,0.0,1.0,nonsense,low,72
4377,urn:mavedb:00000013-a-1#4378,p.Ala72Tyr,0.271274482238869,0.254096335332151,2.0,0.179673241788015,-0.0808786006511969,0.623427565128936,0.0,1.0,missense,low,72
4374,urn:mavedb:00000013-a-1#4375,p.Ala72Trp,0.5077769276101161,0.259679786829046,6.0,0.106013829040978,0.299993640826612,0.71556021439362,0.0,2.0,missense,possibly_low,72
4364,urn:mavedb:00000013-a-1#4365,p.Ala72Leu,0.6270534349666479,0.264857636141941,8.0,0.0936413152825028,0.4435198295479821,0.810587040385313,0.0,2.0,missense,possibly_low,72
4358,urn:mavedb:00000013-a-1#4359,p.Ala72Glu,0.653062602390967,0.4765639594331071,6.0,0.194556421735256,0.271739022828881,1.03438618195305,0.0,2.0,missense,possibly_low,72
4369,urn:mavedb:00000013-a-1#4370,p.Ala72Gln,0.65962471433178,0.370441734157342,4.0,0.185220867078671,0.296598485672304,1.02265094299126,0.0,2.0,missense,possibly_low,72
4356,urn:mavedb:00000013-a-1#4357,p.Ala72Cys,0.6628994407772011,0.413602532110821,5.0,0.184968675493167,0.300367498542517,1.02543138301189,0.0,2.0,missense,possibly_low,72
4357,urn:mavedb:00000013-a-1#4358,p.Ala72Asp,0.767448347034691,0.185215844723102,8.0,0.0654836898934502,0.6391026732687389,0.895794020800643,1.0,3.0,missense,possibly_wt_like,72
4363,urn:mavedb:00000013-a-1#4364,p.Ala72Lys,0.772515173937322,0.245667651913845,3.0,0.141836284963642,0.494521163707625,1.05050918416702,0.0,3.0,missense,possibly_wt_like,72
4371,urn:mavedb:00000013-a-1#4372,p.Ala72Ser,0.7744702652407859,0.4468408236990089,4.0,0.223420411849505,0.336574304604651,1.21236622587692,1.0,3.0,missense,possibly_wt_like,72
4368,urn:mavedb:00000013-a-1#4369,p.Ala72Pro,0.7746686478203471,0.347150084862034,8.0,0.122736089547715,0.5341103327035429,1.01522696293715,1.0,3.0,missense,possibly_wt_like,72
4373,urn:mavedb:00000013-a-1#4374,p.Ala72Val,0.7958653620085681,0.1721616436473659,8.0,0.0608683328416371,0.676565621839963,0.915165102177173,1.0,3.0,missense,possibly_wt_like,72
4361,urn:mavedb:00000013-a-1#4362,p.Ala72His,0.8230020022460981,0.118773718795928,6.0,0.0484891676504731,0.727964980010846,0.91803902448135,0.0,4.0,missense,wt_like,72
4366,urn:mavedb:00000013-a-1#4367,p.Ala72Met,0.8377975691553108,0.227498077597456,5.0,0.101740233251687,0.6383903762033011,1.03720476210732,0.0,3.0,missense,possibly_wt_like,72
4362,urn:mavedb:00000013-a-1#4363,p.Ala72Ile,0.851082399921024,0.121810257224125,7.0,0.0460399496788347,0.760845756700472,0.9413190431415772,0.0,4.0,missense,wt_like,72
4370,urn:mavedb:00000013-a-1#4371,p.Ala72Arg,0.8541643810754351,0.175704071190098,8.0,0.0621207701103012,0.732409908967352,0.9759188531835172,0.0,4.0,missense,wt_like,72
4367,urn:mavedb:00000013-a-1#4368,p.Ala72Asn,0.8766476440923839,0.13635589169846,8.0,0.0482090878373598,0.7821595682036311,0.971135719981138,0.0,4.0,missense,wt_like,72
4360,urn:mavedb:00000013-a-1#4361,p.Ala72Gly,0.9052050424600768,0.0735721983641389,8.0,0.0260117001850422,0.8542230469207409,0.956187037999414,1.0,4.0,missense,wt_like,72
4359,urn:mavedb:00000013-a-1#4360,p.Ala72Phe,0.9322281083102292,0.458326039241905,2.0,0.3240854503423221,0.297032297725833,1.5674239188946295,0.0,3.0,missense,possibly_wt_like,72
4372,urn:mavedb:00000013-a-1#4373,p.Ala72Thr,1.0364908879939,0.0827370532022238,4.0,0.0413685266011119,0.955410065762237,1.11757171022557,1.0,4.0,missense,wt_like,72
4355,urn:mavedb:00000013-a-1#4356,p.Ala72=,1.06095857014735,0.231618473068582,8.0,0.0818894964774339,0.9004581063394609,1.22145903395524,0.0,4.0,synonymous,wt_like,72
4388,urn:mavedb:00000013-a-1#4389,p.Glu73Leu,0.462357321151058,0.14171571171593,8.0,0.050104070377506,0.3641551477322871,0.5605594945698299,0.0,1.0,missense,low,73
4390,urn:mavedb:00000013-a-1#4391,p.Glu73Pro,0.495279588250751,0.183363038313741,8.0,0.0648286239053074,0.368217820229056,0.622341356272446,0.0,1.0,missense,low,73
4393,urn:mavedb:00000013-a-1#4394,p.Glu73Ser,0.514915899885116,0.181550377675521,6.0,0.0741176313191002,0.369648011880262,0.6601837878899699,0.0,1.0,missense,low,73
4392,urn:mavedb:00000013-a-1#4393,p.Glu73Arg,0.5739774787872789,0.125337935950948,8.0,0.0443136522254201,0.487124316402022,0.6608306411725351,0.0,1.0,missense,low,73
4396,urn:mavedb:00000013-a-1#4397,p.Glu73Tyr,0.584041802959562,0.349226051573968,6.0,0.142570938540517,0.304607898178075,0.86347570774105,0.0,2.0,missense,possibly_low,73
4382,urn:mavedb:00000013-a-1#4383,p.Glu73Phe,0.6033735238404611,0.145165727271844,7.0,0.0548674876073036,0.495835224207948,0.710911823472973,0.0,2.0,missense,possibly_low,73
4379,urn:mavedb:00000013-a-1#4380,p.Glu73Cys,0.618315686986645,0.1673837086245209,8.0,0.0591790777142758,0.502326826028367,0.734304547944922,0.0,2.0,missense,possibly_low,73
4378,urn:mavedb:00000013-a-1#4379,p.Glu73Ala,0.62728781392729,0.166780929108826,7.0,0.0630372659786065,0.503737042925349,0.750838584929231,1.0,2.0,missense,possibly_low,73
4384,urn:mavedb:00000013-a-1#4385,p.Glu73His,0.6415472239235059,0.289219126534451,7.0,0.109314554744783,0.427294633637699,0.8557998142093121,0.0,2.0,missense,possibly_low,73
4395,urn:mavedb:00000013-a-1#4396,p.Glu73Val,0.655124737092992,0.179867319032186,8.0,0.0635927005007516,0.5304853344318761,0.779764139754107,1.0,2.0,missense,possibly_low,73
4391,urn:mavedb:00000013-a-1#4392,p.Glu73Gln,0.679381029134015,0.167680427650484,7.0,0.0633772444708769,0.555163912531706,0.803598145736324,1.0,2.0,missense,possibly_low,73
4394,urn:mavedb:00000013-a-1#4395,p.Glu73Thr,0.6963577391870661,0.217756382523631,5.0,0.0973836147714572,0.505489361550688,0.887226116823445,0.0,2.0,missense,possibly_low,73
4385,urn:mavedb:00000013-a-1#4386,p.Glu73Ile,0.704172959515405,0.262054476033031,3.0,0.151297222280017,0.4076358528856209,1.00071006614519,0.0,2.0,missense,possibly_low,73
4389,urn:mavedb:00000013-a-1#4390,p.Glu73Met,0.723695951943314,0.149161683835273,5.0,0.0667071329388005,0.5929523738713399,0.854439530015289,0.0,3.0,missense,possibly_wt_like,73
4386,urn:mavedb:00000013-a-1#4387,p.Glu73Lys,0.7704201758968471,0.220602887107126,3.0,0.127365136255308,0.520789095950407,1.02005125584329,1.0,3.0,missense,possibly_wt_like,73
4383,urn:mavedb:00000013-a-1#4384,p.Glu73Gly,0.827452574838125,0.0658851809103602,8.0,0.0232939291007091,0.7817973127423051,0.8731078369339441,1.0,4.0,missense,wt_like,73
4380,urn:mavedb:00000013-a-1#4381,p.Glu73Asp,0.956420692071539,0.109979423167749,6.0,0.0448989114944353,0.868420442597394,1.04442094154568,1.0,4.0,missense,wt_like,73
4381,urn:mavedb:00000013-a-1#4382,p.Glu73=,1.02062265104422,0.314847351508609,5.0,0.140804016101804,0.744651850606087,1.29659345148236,0.0,4.0,synonymous,wt_like,73
4403,urn:mavedb:00000013-a-1#4404,p.Arg74Leu,0.6571447756470711,0.6875168219356459,6.0,0.280677567220376,0.107026852626815,1.20726269866733,0.0,2.0,missense,possibly_low,74
3,urn:mavedb:00000013-a-1#4,p.Arg74Val,0.855027325935757,0.318441968408353,6.0,0.130003389214658,0.6002253652068851,1.1098292866646298,0.0,3.0,missense,possibly_wt_like,74
4407,urn:mavedb:00000013-a-1#4408,p.Arg74Ser,0.8687414853911399,0.534848251288298,5.0,0.239191409505505,0.3999349373489791,1.3375480334333,1.0,3.0,missense,possibly_wt_like,74
4397,urn:mavedb:00000013-a-1#4398,p.Arg74Ala,0.886305799127703,0.386659677367426,8.0,0.136704839938955,0.6183692363350389,1.15424236192037,0.0,3.0,missense,possibly_wt_like,74
4400,urn:mavedb:00000013-a-1#4401,p.Arg74Asp,0.889008686630251,0.181374734397381,2.0,0.128251304628297,0.6376407485885129,1.14037662467199,0.0,3.0,missense,possibly_wt_like,74
4408,urn:mavedb:00000013-a-1#4409,p.Arg74Thr,1.03681904855797,0.145954867510599,6.0,0.0595858251460818,0.92003297728255,1.15360511983339,1.0,4.0,missense,wt_like,74
4401,urn:mavedb:00000013-a-1#4402,p.Arg74Gly,1.05168266862646,0.147447525286809,8.0,0.0521305724997387,0.949508624033518,1.1538567132194,1.0,4.0,missense,wt_like,74
4405,urn:mavedb:00000013-a-1#4406,p.Arg74Pro,1.05939478126819,0.0905475428895975,2.0,0.0640267815970141,0.933904595292033,1.1848849672443502,0.0,4.0,missense,wt_like,74
4406,urn:mavedb:00000013-a-1#4407,p.Arg74=,1.15674091123496,0.0369989642931972,5.0,0.0165464398513353,1.12431048505399,1.1891713374159398,0.0,4.0,synonymous,wt_like,74
4404,urn:mavedb:00000013-a-1#4405,p.Arg74Asn,1.1581269234445302,0.0692671850513912,2.0,0.0489792962635421,1.06212926677987,1.2541245801091898,0.0,4.0,missense,wt_like,74
4399,urn:mavedb:00000013-a-1#4400,p.Arg74Cys,1.1859124833428,0.227633514973236,5.0,0.101800802687474,0.986386576478084,1.38543839020752,0.0,4.0,missense,wt_like,74
4402,urn:mavedb:00000013-a-1#4403,p.Arg74His,1.25013708799303,0.1378983520718719,2.0,0.0975088598644707,1.0590232344850998,1.4412509415009498,0.0,4.0,missense,wt_like,74
17,urn:mavedb:00000013-a-1#18,p.His75Tyr,0.75298418059899,0.499059255820471,5.0,0.223186084163006,0.315547493788973,1.19042086740901,1.0,3.0,missense,possibly_wt_like,75
4,urn:mavedb:00000013-a-1#5,p.His75Ala,0.863775577437188,0.223172576183795,8.0,0.0789034209972163,0.7091277140256429,1.0184234408487298,0.0,4.0,missense,wt_like,75
9,urn:mavedb:00000013-a-1#10,p.His75Ile,0.9015716605865172,0.329193029629343,8.0,0.116387311785126,0.673456721230236,1.1296865999428,0.0,3.0,missense,possibly_wt_like,75
10,urn:mavedb:00000013-a-1#11,p.His75Leu,0.9405086809237108,0.144926504210966,7.0,0.0547770697891674,0.8331475969583059,1.04786976488912,1.0,4.0,missense,wt_like,75
7,urn:mavedb:00000013-a-1#8,p.His75Phe,0.963100916795141,0.244492855368085,3.0,0.141158015861704,0.6864362895770679,1.23976554401321,0.0,3.0,missense,possibly_wt_like,75
12,urn:mavedb:00000013-a-1#13,p.His75Arg,0.9866002132054228,0.204032220453548,8.0,0.0721362833316263,0.845215695896859,1.1279847305139898,1.0,4.0,missense,wt_like,75
14,urn:mavedb:00000013-a-1#15,p.His75Ser,1.0023068552835,0.1446807561436759,8.0,0.0511523718881952,0.902050048658842,1.10256366190817,0.0,4.0,missense,wt_like,75
15,urn:mavedb:00000013-a-1#16,p.His75Thr,1.02988622549826,0.107422870030168,8.0,0.0379797199264264,0.955447342299546,1.10432510869697,0.0,4.0,missense,wt_like,75
5,urn:mavedb:00000013-a-1#6,p.His75Asp,1.04565484349853,0.196525266615611,4.0,0.0982626333078057,0.8530636211891679,1.2382460658078998,1.0,4.0,missense,wt_like,75
8,urn:mavedb:00000013-a-1#9,p.His75Gly,1.06625835617534,0.135246446070566,8.0,0.047816839573939,0.972539072755887,1.15997763959479,0.0,4.0,missense,wt_like,75
16,urn:mavedb:00000013-a-1#17,p.His75Val,1.08421894619509,0.089223975756984,8.0,0.0315454391510938,1.02239102158245,1.14604687080774,0.0,4.0,missense,wt_like,75
11,urn:mavedb:00000013-a-1#12,p.His75Met,1.1008360961721295,0.140451714373028,8.0,0.049657179831222,1.00350981212911,1.19816238021515,0.0,4.0,missense,wt_like,75
6,urn:mavedb:00000013-a-1#7,p.His75Glu,1.10165020129634,0.3597277099760239,8.0,0.127182951552377,0.852376196806174,1.3509242057865,0.0,4.0,missense,wt_like,75
37,urn:mavedb:00000013-a-1#38,p.Tyr76Ter,0.0915319576710646,0.123712181551823,4.0,0.0618560907759113,-0.0297037524741618,0.212767667816291,1.0,1.0,nonsense,low,76
31,urn:mavedb:00000013-a-1#32,p.Tyr76Arg,0.561350013677916,0.103590946035823,8.0,0.0366249302057302,0.4895664695383921,0.6331335578174411,0.0,1.0,missense,low,76
21,urn:mavedb:00000013-a-1#22,p.Tyr76Glu,0.6069379941770121,0.16440702842531,8.0,0.058126662337133,0.4930118294547101,0.7208641588993141,0.0,2.0,missense,possibly_low,76
32,urn:mavedb:00000013-a-1#33,p.Tyr76Ser,0.611827177900484,0.0793736140530306,3.0,0.0458263774400707,0.522009128576007,0.701645227224961,1.0,1.0,missense,low,76
30,urn:mavedb:00000013-a-1#31,p.Tyr76Gln,0.626291307147958,0.341348599081768,6.0,0.139354982027366,0.353160561308094,0.8994220529878231,0.0,2.0,missense,possibly_low,76
29,urn:mavedb:00000013-a-1#30,p.Tyr76Pro,0.665003941627846,0.363202531206808,5.0,0.162429109875682,0.34664873623061,0.983359147025083,0.0,2.0,missense,possibly_low,76
23,urn:mavedb:00000013-a-1#24,p.Tyr76Gly,0.679611701310015,0.0680876297886194,8.0,0.024072612369226,0.632430248052538,0.7267931545674909,0.0,2.0,missense,possibly_low,76
28,urn:mavedb:00000013-a-1#29,p.Tyr76Met,0.7692149334986559,0.20526808753492,6.0,0.0838003458229179,0.604969273793735,0.933460593203576,0.0,3.0,missense,possibly_wt_like,76
18,urn:mavedb:00000013-a-1#19,p.Tyr76Ala,0.7996799240303729,0.150004585832959,8.0,0.0530346299257826,0.695733959442429,0.9036258886183168,0.0,3.0,missense,possibly_wt_like,76
33,urn:mavedb:00000013-a-1#34,p.Tyr76Thr,0.825326416417641,0.0703811716885417,7.0,0.0266015824670316,0.7731882728504871,0.877464559984795,0.0,4.0,missense,wt_like,76
26,urn:mavedb:00000013-a-1#27,p.Tyr76Lys,0.832973393422658,0.297852093155754,6.0,0.12159760784192,0.5946464614462701,1.07130032539905,0.0,3.0,missense,possibly_wt_like,76
20,urn:mavedb:00000013-a-1#21,p.Tyr76Asp,0.848791723090902,0.328675841450903,6.0,0.134181350389103,0.5858011089313111,1.11178233725049,1.0,3.0,missense,possibly_wt_like,76
22,urn:mavedb:00000013-a-1#23,p.Tyr76Phe,0.8926604025429159,0.3011715677965639,7.0,0.113832152907591,0.669553482561381,1.11576732252445,1.0,3.0,missense,possibly_wt_like,76
36,urn:mavedb:00000013-a-1#37,p.Tyr76Trp,0.9208985051114152,0.324947661430259,5.0,0.145321012017529,0.636074555360145,1.20572245486268,0.0,3.0,missense,possibly_wt_like,76
25,urn:mavedb:00000013-a-1#26,p.Tyr76His,0.929350288440732,0.184272159300397,4.0,0.0921360796501985,0.7487668906496291,1.10993368623183,1.0,4.0,missense,wt_like,76
19,urn:mavedb:00000013-a-1#20,p.Tyr76Cys,0.9383502218046228,0.1792691597431489,3.0,0.103501097635105,0.735491798079453,1.14120864552979,1.0,4.0,missense,wt_like,76
34,urn:mavedb:00000013-a-1#35,p.Tyr76Val,0.938460683687622,0.107808460135524,8.0,0.0381160466155542,0.863754605088086,1.01316676228716,0.0,4.0,missense,wt_like,76
27,urn:mavedb:00000013-a-1#28,p.Tyr76Leu,0.957226813703494,0.133479126883604,8.0,0.047191997883128,0.864732197494073,1.04972142991292,0.0,4.0,missense,wt_like,76
56,urn:mavedb:00000013-a-1#57,p.Asp77Ter,-0.0262115418733681,0.0293474572943227,8.0,0.0103758930316991,-0.0465479185229385,-0.0058751652237978,0.0,1.0,nonsense,low,77
58,urn:mavedb:00000013-a-1#59,p.Asp77Tyr,0.154944973852544,0.1511220761452749,3.0,0.0872503713429695,-0.0160626116174221,0.325952559322509,1.0,1.0,missense,low,77
51,urn:mavedb:00000013-a-1#52,p.Asp77Arg,0.540056667954685,0.0607833989248657,8.0,0.0214901767816698,0.497936695441214,0.582176640468157,0.0,1.0,missense,low,77
42,urn:mavedb:00000013-a-1#43,p.Asp77Phe,0.611606990450275,0.2169389012758769,8.0,0.076699484097666,0.4612787639860471,0.7619352169145029,0.0,2.0,missense,possibly_low,77
50,urn:mavedb:00000013-a-1#51,p.Asp77Gln,0.6226463217315911,0.288149348962013,8.0,0.101876179322764,0.42297267937643,0.822319964086753,0.0,2.0,missense,possibly_low,77
55,urn:mavedb:00000013-a-1#56,p.Asp77Trp,0.626643860688175,0.15574167273498,8.0,0.0550629964521201,0.5187223707611629,0.734565350615187,0.0,2.0,missense,possibly_low,77
43,urn:mavedb:00000013-a-1#44,p.Asp77Gly,0.634027256323441,0.136739258741195,8.0,0.0483446285551605,0.539273525509359,0.7287809871375219,1.0,2.0,missense,possibly_low,77
54,urn:mavedb:00000013-a-1#55,p.Asp77Val,0.650028648150464,0.113073273994525,8.0,0.0399774394062465,0.571674306720088,0.7283829895808391,1.0,2.0,missense,possibly_low,77
39,urn:mavedb:00000013-a-1#40,p.Asp77Cys,0.6593879701045451,0.319803513003939,8.0,0.113067616346183,0.437779514248235,0.8809964259608559,0.0,2.0,missense,possibly_low,77
47,urn:mavedb:00000013-a-1#48,p.Asp77Leu,0.672073166947379,0.0924872918065534,8.0,0.0326991956049965,0.607983921238155,0.7361624126566021,0.0,2.0,missense,possibly_low,77
45,urn:mavedb:00000013-a-1#46,p.Asp77Lys,0.688589021921661,0.0720817668172984,2.0,0.0509695061164191,0.588690625623685,0.788487418219636,0.0,2.0,missense,possibly_low,77
52,urn:mavedb:00000013-a-1#53,p.Asp77Ser,0.6915685278686949,0.178727956412391,8.0,0.0631898749834077,0.5677186487136271,0.815418407023762,0.0,2.0,missense,possibly_low,77
44,urn:mavedb:00000013-a-1#45,p.Asp77Ile,0.720191914912936,0.294548948617868,4.0,0.1472744743089339,0.431539249425355,1.00884458040052,0.0,3.0,missense,possibly_wt_like,77
38,urn:mavedb:00000013-a-1#39,p.Asp77Ala,0.7446454143924292,0.158902441468721,8.0,0.0561804969548157,0.6345336637274279,0.854757165057429,1.0,3.0,missense,possibly_wt_like,77
48,urn:mavedb:00000013-a-1#49,p.Asp77Met,0.761938898741481,0.264264285807631,7.0,0.0998825115204409,0.56617277347601,0.957705024006952,0.0,3.0,missense,possibly_wt_like,77
53,urn:mavedb:00000013-a-1#54,p.Asp77Thr,0.772188583258258,0.0654224385448871,8.0,0.0231303249684249,0.726853979369438,0.8175231871470791,0.0,4.0,missense,wt_like,77
41,urn:mavedb:00000013-a-1#42,p.Asp77Glu,0.796086116733744,0.116651803324404,6.0,0.0476228992867147,0.7027469492924051,0.889425284175083,1.0,3.0,missense,possibly_wt_like,77
49,urn:mavedb:00000013-a-1#50,p.Asp77Pro,0.8588941433327221,0.143833391025432,8.0,0.0508527830775698,0.759224519987057,0.958563766678387,0.0,4.0,missense,wt_like,77
40,urn:mavedb:00000013-a-1#41,p.Asp77=,1.04171947475272,0.12702748374853,8.0,0.0449109975778248,0.953695536990419,1.12974341251502,0.0,4.0,synonymous,wt_like,77
61,urn:mavedb:00000013-a-1#62,p.Thr78Gly,0.791182884698042,0.181373029666304,5.0,0.0811124847237885,0.632205335942861,0.950160433453223,0.0,3.0,missense,possibly_wt_like,78
59,urn:mavedb:00000013-a-1#60,p.Thr78Ala,0.9532610327826128,0.421590959228541,6.0,0.172113788380072,0.615924206314924,1.2905978592503,1.0,3.0,missense,possibly_wt_like,78
64,urn:mavedb:00000013-a-1#65,p.Thr78Gln,0.976579828954294,0.0880309883849871,7.0,0.033272586133413,0.911366758460298,1.04179289944829,0.0,4.0,missense,wt_like,78
62,urn:mavedb:00000013-a-1#63,p.Thr78Leu,1.0337942996181702,0.239378848654533,6.0,0.097726005736421,0.8422548480218279,1.2253337512145102,0.0,4.0,missense,wt_like,78
63,urn:mavedb:00000013-a-1#64,p.Thr78Met,1.2169377026193402,0.114029228477264,5.0,0.0509954212594035,1.11698851357446,1.31688689166421,0.0,4.0,missense,wt_like,78
60,urn:mavedb:00000013-a-1#61,p.Thr78Cys,1.22093707628123,0.0861745966944364,3.0,0.0497529265988403,1.12342313202204,1.31845102054042,0.0,4.0,missense,wt_like,78
85,urn:mavedb:00000013-a-1#86,p.Ala79Ter,0.0766695579459734,0.161240151040595,6.0,0.0658260160164581,-0.0523470626920412,0.205686178583988,0.0,1.0,nonsense,low,79
73,urn:mavedb:00000013-a-1#74,p.Ala79Lys,0.6967744568418421,0.262464044486135,2.0,0.185590105673794,0.333024533834224,1.06052437984946,0.0,2.0,missense,possibly_low,79
70,urn:mavedb:00000013-a-1#71,p.Ala79Phe,0.715810939616747,0.213777570629358,6.0,0.0872743277489531,0.544756400453854,0.8868654787796401,0.0,3.0,missense,possibly_wt_like,79
83,urn:mavedb:00000013-a-1#84,p.Ala79Val,0.74625924654711,0.2605171815596069,8.0,0.0921067328482025,0.5657333674309809,0.926785125663239,1.0,3.0,missense,possibly_wt_like,79
66,urn:mavedb:00000013-a-1#67,p.Ala79Cys,0.784347318428524,0.181650658332977,4.0,0.0908253291664885,0.6063329443782111,0.9623616924788372,0.0,3.0,missense,possibly_wt_like,79
86,urn:mavedb:00000013-a-1#87,p.Ala79Tyr,0.800211663919431,0.156336022298248,6.0,0.0638239138411801,0.675119091438331,0.925304236400532,0.0,3.0,missense,possibly_wt_like,79
77,urn:mavedb:00000013-a-1#78,p.Ala79Pro,0.8267132651246341,0.111770207166536,8.0,0.0395167357110416,0.7492618863444049,0.904164643904864,1.0,4.0,missense,wt_like,79
80,urn:mavedb:00000013-a-1#81,p.Ala79Arg,0.8368379968862191,0.27125411342112,8.0,0.0959028115124093,0.648871940305764,1.02480405346667,0.0,3.0,missense,possibly_wt_like,79
75,urn:mavedb:00000013-a-1#76,p.Ala79Met,0.8661255824572851,0.2447788744909169,8.0,0.0865424010218692,0.696505593318799,1.03574557159577,0.0,3.0,missense,possibly_wt_like,79
74,urn:mavedb:00000013-a-1#75,p.Ala79Leu,0.8921009131556029,0.0433942232218276,8.0,0.0153421747522385,0.862030803196695,0.92217102311451,0.0,4.0,missense,wt_like,79
84,urn:mavedb:00000013-a-1#85,p.Ala79Trp,0.923480554314771,0.0994233685801725,6.0,0.040589420255014,0.843926752461583,1.00303435616796,0.0,4.0,missense,wt_like,79
65,urn:mavedb:00000013-a-1#66,p.Ala79=,0.9252143671143492,0.224466242167432,7.0,0.0848402649291751,0.7589305034143291,1.09149823081437,0.0,4.0,synonymous,wt_like,79
78,urn:mavedb:00000013-a-1#79,p.Ala79Gln,0.936357019946737,0.19452980700461,8.0,0.068776672837935,0.8015572182078899,1.07115682168558,0.0,4.0,missense,wt_like,79
69,urn:mavedb:00000013-a-1#70,p.Ala79Glu,0.951333113746269,0.119237230216445,8.0,0.0421567270279748,0.8687074470653521,1.03395878042719,0.0,4.0,missense,wt_like,79
82,urn:mavedb:00000013-a-1#83,p.Ala79Thr,0.998153851339622,0.234499932070138,8.0,0.0829082460772897,0.8356566750067499,1.16065102767249,1.0,4.0,missense,wt_like,79
81,urn:mavedb:00000013-a-1#82,p.Ala79Ser,1.00043831517752,0.204267949132394,8.0,0.0722196260052922,0.8588904492301992,1.1419861811248502,1.0,4.0,missense,wt_like,79
67,urn:mavedb:00000013-a-1#68,p.Ala79Asp,1.00498969523696,0.163808940518723,5.0,0.0732575852644171,0.8614074665243341,1.14857192394959,1.0,4.0,missense,wt_like,79
71,urn:mavedb:00000013-a-1#72,p.Ala79Gly,1.0358789020651702,0.0977071767319182,8.0,0.0345447036188659,0.9681725271155848,1.10358527701476,1.0,4.0,missense,wt_like,79
76,urn:mavedb:00000013-a-1#77,p.Ala79Asn,1.10721915342784,0.0393802858386446,4.0,0.0196901429193223,1.06862718245552,1.14581112440016,0.0,4.0,missense,wt_like,79
72,urn:mavedb:00000013-a-1#73,p.Ala79His,1.15336838151358,0.111493712748603,4.0,0.0557468563743014,1.04410655076863,1.26263021225854,0.0,4.0,missense,wt_like,79
94,urn:mavedb:00000013-a-1#95,p.Lys80Ile,0.5307325483040871,0.565066705759672,7.0,0.213575139657514,0.112132966582247,0.949332130025928,1.0,2.0,missense,possibly_low,80
97,urn:mavedb:00000013-a-1#98,p.Lys80Met,0.687158514927073,0.663161892019008,5.0,0.296575014128375,0.105882168521,1.26843486133315,0.0,2.0,missense,possibly_low,80
93,urn:mavedb:00000013-a-1#94,p.Lys80Gly,0.718178918300193,0.145733117167872,8.0,0.0515244376964279,0.6171928760915171,0.81916496050887,0.0,3.0,missense,possibly_wt_like,80
99,urn:mavedb:00000013-a-1#100,p.Lys80Pro,0.7388633423087579,0.203880134421743,8.0,0.0720825127994197,0.5975842133067479,0.880142471310768,0.0,3.0,missense,possibly_wt_like,80
106,urn:mavedb:00000013-a-1#107,p.Lys80Trp,0.77572386482086,0.160371322445618,7.0,0.060614662373951,0.656921309632861,0.8945264200088591,0.0,3.0,missense,possibly_wt_like,80
88,urn:mavedb:00000013-a-1#89,p.Lys80Cys,0.78503593819179,0.207866707392148,8.0,0.0734919791899538,0.640994305826913,0.929077570556666,0.0,3.0,missense,possibly_wt_like,80
89,urn:mavedb:00000013-a-1#90,p.Lys80Asp,0.7900329980904741,0.242594457120431,8.0,0.085770092854063,0.6219267051458549,0.958139291035094,0.0,3.0,missense,possibly_wt_like,80
104,urn:mavedb:00000013-a-1#105,p.Lys80Thr,0.791106853623533,0.140689281073893,7.0,0.0531755499791411,0.686884690806306,0.895329016440759,1.0,3.0,missense,possibly_wt_like,80
100,urn:mavedb:00000013-a-1#101,p.Lys80Gln,0.83218166836289,0.266954943672982,6.0,0.108983899385372,0.6185771506728249,1.04578618605296,1.0,3.0,missense,possibly_wt_like,80
92,urn:mavedb:00000013-a-1#93,p.Lys80Phe,0.867072013374971,0.0798819059057007,8.0,0.0282425186800133,0.811717693929445,0.922426332820497,0.0,4.0,missense,wt_like,80
87,urn:mavedb:00000013-a-1#88,p.Lys80Ala,0.8898023794105101,0.2269680596847169,8.0,0.0802453270579081,0.7325244284493729,1.04708033037165,0.0,4.0,missense,wt_like,80
103,urn:mavedb:00000013-a-1#104,p.Lys80Ser,0.895830439735087,0.13263199079408,8.0,0.0468924900463829,0.8039228480987741,0.9877380313714008,0.0,4.0,missense,wt_like,80
91,urn:mavedb:00000013-a-1#92,p.Lys80Glu,0.9095789793426592,0.330352552210339,3.0,0.190729134946119,0.535756744045785,1.28340121463953,1.0,3.0,missense,possibly_wt_like,80
107,urn:mavedb:00000013-a-1#108,p.Lys80Tyr,0.93959377558602,0.328267446216979,7.0,0.124073432315485,0.6964143168094,1.18277323436264,0.0,3.0,missense,possibly_wt_like,80
96,urn:mavedb:00000013-a-1#97,p.Lys80Leu,0.951518674878111,0.0983986529055035,8.0,0.0347891773645514,0.8833331401918142,1.01970420956441,0.0,4.0,missense,wt_like,80
98,urn:mavedb:00000013-a-1#99,p.Lys80Asn,0.962781312657446,0.128128513938564,8.0,0.0453002705346569,0.8739944139195971,1.05156821139529,1.0,4.0,missense,wt_like,80
102,urn:mavedb:00000013-a-1#103,p.Lys80Arg,0.966141153054572,0.127760184555493,8.0,0.0451700464324168,0.8776094888670329,1.0546728172421098,1.0,4.0,missense,wt_like,80
105,urn:mavedb:00000013-a-1#106,p.Lys80Val,1.0077226732173,0.125235873455363,8.0,0.0442775676840536,0.920940235233518,1.09450511120108,0.0,4.0,missense,wt_like,80
95,urn:mavedb:00000013-a-1#96,p.Lys80=,1.1804314885549,0.1586000542287189,5.0,0.0709281004981138,1.04141496608676,1.3194480110230502,0.0,4.0,synonymous,wt_like,80
125,urn:mavedb:00000013-a-1#126,p.Phe81Ter,0.0523915001633045,0.125968112552125,7.0,0.0476114712767308,-0.0409252687900511,0.14570826911666,0.0,1.0,nonsense,low,81
121,urn:mavedb:00000013-a-1#122,p.Phe81Arg,0.401460917795314,0.155282562971342,5.0,0.0694444733048623,0.265352251192431,0.537569584398197,0.0,1.0,missense,low,81
109,urn:mavedb:00000013-a-1#110,p.Phe81Glu,0.412882015352154,0.117968010379815,5.0,0.0527568980759334,0.309480395187274,0.516283635517034,0.0,1.0,missense,low,81
115,urn:mavedb:00000013-a-1#116,p.Phe81Lys,0.4358047958529041,0.107435818792911,8.0,0.0379842980053982,0.3613569397842871,0.510252651921521,0.0,1.0,missense,low,81
118,urn:mavedb:00000013-a-1#119,p.Phe81Asn,0.554352832388078,0.156352378467694,6.0,0.0638305912193951,0.4292471724861649,0.6794584922899909,0.0,1.0,missense,low,81
122,urn:mavedb:00000013-a-1#123,p.Phe81Thr,0.601443457254177,0.12584971018715,7.0,0.04756671938925,0.5082144003885241,0.69467251411983,0.0,1.0,missense,low,81
114,urn:mavedb:00000013-a-1#115,p.Phe81Ile,0.671659066548208,0.172349430879411,4.0,0.0861747154397056,0.5027597279083971,0.8405584051880179,1.0,2.0,missense,possibly_low,81
110,urn:mavedb:00000013-a-1#111,p.Phe81Gly,0.6891363150633871,0.16925457385794,8.0,0.0598405284608944,0.57185103446419,0.8064215956625842,0.0,2.0,missense,possibly_low,81
126,urn:mavedb:00000013-a-1#127,p.Phe81Tyr,0.705558745341364,0.383982367010897,3.0,0.221692322957811,0.271049776695032,1.1400677139876998,1.0,2.0,missense,possibly_low,81
111,urn:mavedb:00000013-a-1#112,p.Phe81His,0.717751975493256,0.1696716815711519,8.0,0.0599879983071429,0.6001776593066059,0.8353262916799059,0.0,3.0,missense,possibly_wt_like,81
108,urn:mavedb:00000013-a-1#109,p.Phe81Ala,0.725393649167545,0.138326460702804,2.0,0.0978115783804875,0.5336864782707729,0.917100820064317,0.0,3.0,missense,possibly_wt_like,81
119,urn:mavedb:00000013-a-1#120,p.Phe81Pro,0.7518284809980841,0.3920430921199311,8.0,0.138608164477673,0.480161470658641,1.02349549133753,0.0,3.0,missense,possibly_wt_like,81
123,urn:mavedb:00000013-a-1#124,p.Phe81Val,0.808960392222195,0.301769352712166,8.0,0.106691577828524,0.599848742224537,1.01807204221985,1.0,3.0,missense,possibly_wt_like,81
116,urn:mavedb:00000013-a-1#117,p.Phe81Leu,0.960967093270934,0.169319515558049,8.0,0.0598634888191589,0.8436368111964659,1.0782973753454,1.0,4.0,missense,wt_like,81
120,urn:mavedb:00000013-a-1#121,p.Phe81Gln,0.96267606945481,0.360510826797065,7.0,0.136260284664474,0.695610818989266,1.2297413199203502,0.0,3.0,missense,possibly_wt_like,81
117,urn:mavedb:00000013-a-1#118,p.Phe81Met,0.97541247826351,0.25373190493226,6.0,0.103585616424735,0.7723884007546491,1.1784365557723702,0.0,4.0,missense,wt_like,81
137,urn:mavedb:00000013-a-1#138,p.Arg84Met,0.0337643026097392,0.0504151328179786,2.0,0.0356488822900132,-0.0361062227677943,0.103634827987273,0.0,1.0,missense,low,84
139,urn:mavedb:00000013-a-1#140,p.Arg84Val,0.82909812872959,0.250186263880992,2.0,0.176908403749977,0.482364028817165,1.17583222864201,0.0,3.0,missense,possibly_wt_like,84
134,urn:mavedb:00000013-a-1#135,p.Arg84Phe,0.8440601859749108,0.149870187346941,4.0,0.0749350936734703,0.6971901011967739,0.990930270753048,0.0,3.0,missense,possibly_wt_like,84
136,urn:mavedb:00000013-a-1#137,p.Arg84Ile,1.1248317736277098,0.0909838483123258,5.0,0.040689213936178,1.0450823797535602,1.20458116750187,1.0,4.0,missense,wt_like,84
133,urn:mavedb:00000013-a-1#134,p.Arg84Cys,1.19071518078213,0.543039060349649,3.0,0.313523747673351,0.576219927044342,1.8052104345199296,0.0,3.0,missense,possibly_wt_like,84
138,urn:mavedb:00000013-a-1#139,p.Arg84Pro,1.21375648148957,0.0670083819618126,5.0,0.0299670594257768,1.15502212429248,1.27249083868666,0.0,4.0,missense,wt_like,84
152,urn:mavedb:00000013-a-1#153,p.Val85Arg,0.236401319782578,0.109162386432673,8.0,0.0385947318485248,0.160757035366488,0.312045604198667,0.0,1.0,missense,low,85
142,urn:mavedb:00000013-a-1#143,p.Val85Asp,0.281859090162748,0.171258088894891,5.0,0.0765889456931354,0.131747514990309,0.431970665335188,1.0,1.0,missense,low,85
144,urn:mavedb:00000013-a-1#145,p.Val85Gly,0.374349883170562,0.130806145889017,8.0,0.0462469563895005,0.283707514252546,0.464992252088577,1.0,1.0,missense,low,85
147,urn:mavedb:00000013-a-1#148,p.Val85Lys,0.385988153454939,0.218454300526218,4.0,0.109227150263109,0.1719068728052999,0.600069434104577,0.0,1.0,missense,low,85
143,urn:mavedb:00000013-a-1#144,p.Val85Glu,0.452343841671297,0.230757731270265,5.0,0.103197994690788,0.250079488800595,0.6546081945419979,0.0,1.0,missense,low,85
140,urn:mavedb:00000013-a-1#141,p.Val85Ala,0.548038334353039,0.2446431443199769,8.0,0.0864944131597276,0.3785123996960461,0.717564269010033,1.0,2.0,missense,possibly_low,85
150,urn:mavedb:00000013-a-1#151,p.Val85Asn,0.5722775205971811,0.172455193219507,6.0,0.070404537813479,0.434287162134574,0.7102678790597879,0.0,2.0,missense,possibly_low,85
151,urn:mavedb:00000013-a-1#152,p.Val85Pro,0.579070468516634,0.605261691705487,5.0,0.270681257365998,0.0485449527892611,1.10959598424401,0.0,2.0,missense,possibly_low,85
148,urn:mavedb:00000013-a-1#149,p.Val85Leu,0.648471090834537,0.3856550829093711,7.0,0.14576392017517,0.3627790570458329,0.934163124623242,1.0,2.0,missense,possibly_low,85
149,urn:mavedb:00000013-a-1#150,p.Val85Met,0.7003499195484921,0.377762284294353,7.0,0.1427807227060769,0.420504845357981,0.980194993739003,0.0,2.0,missense,possibly_low,85
153,urn:mavedb:00000013-a-1#154,p.Val85Ser,0.827288728451959,0.141944092128221,2.0,0.100369630093233,0.6305678683276149,1.0240095885763,0.0,3.0,missense,possibly_wt_like,85
141,urn:mavedb:00000013-a-1#142,p.Val85Cys,0.9276591402178892,0.280903799818731,5.0,0.125623998306535,0.6814406279431588,1.17387765249262,0.0,3.0,missense,possibly_wt_like,85
154,urn:mavedb:00000013-a-1#155,p.Val85=,1.0405346534637,0.225523667316441,8.0,0.079734657238757,0.8842575969560892,1.19681170997131,0.0,4.0,synonymous,wt_like,85
145,urn:mavedb:00000013-a-1#146,p.Val85Ile,1.10220201883532,0.1323527300971519,4.0,0.0661763650485758,0.97249872671234,1.23190531095831,1.0,4.0,missense,wt_like,85
158,urn:mavedb:00000013-a-1#159,p.Ala86Leu,0.451090774644765,0.198724747681493,7.0,0.0751108945313273,0.303876126516777,0.5983054227727529,0.0,1.0,missense,low,86
160,urn:mavedb:00000013-a-1#161,p.Ala86Asn,0.627234626805937,0.177857238821886,3.0,0.10268592471114,0.425973912652911,0.828495340958962,0.0,2.0,missense,possibly_low,86
161,urn:mavedb:00000013-a-1#162,p.Ala86Arg,0.805554533953803,0.243181127949092,5.0,0.108753906587849,0.592400793863587,1.01870827404402,0.0,3.0,missense,possibly_wt_like,86
159,urn:mavedb:00000013-a-1#160,p.Ala86Met,0.863931792051681,0.309546098018963,4.0,0.154773049009482,0.560582190215644,1.16728139388772,0.0,3.0,missense,possibly_wt_like,86
155,urn:mavedb:00000013-a-1#156,p.Ala86Cys,0.9384009627887672,0.0353501844135463,2.0,0.0249963551150136,0.8894090070185671,0.9873929185589672,0.0,4.0,missense,wt_like,86
156,urn:mavedb:00000013-a-1#157,p.Ala86Gly,0.9498084045028,0.120862948376932,8.0,0.042731505195764,0.8660561933139159,1.03356061569168,1.0,4.0,missense,wt_like,86
171,urn:mavedb:00000013-a-1#172,p.Gln87Pro,0.6986839825941011,0.11858504479399,5.0,0.0530328442548439,0.594741517856886,0.802626447331317,1.0,2.0,missense,possibly_low,87
166,urn:mavedb:00000013-a-1#167,p.Gln87Gly,0.760043440356898,0.213829511742811,8.0,0.0756001488855749,0.611869871315306,0.9082170093984908,0.0,3.0,missense,possibly_wt_like,87
162,urn:mavedb:00000013-a-1#163,p.Gln87Ala,0.771007279709588,0.3085399177715301,8.0,0.109085334061494,0.557203953707538,0.9848106057116373,0.0,3.0,missense,possibly_wt_like,87
163,urn:mavedb:00000013-a-1#164,p.Gln87Cys,0.778994295807412,0.268458153159461,7.0,0.101467644383946,0.5801213672187601,0.977867224396064,0.0,3.0,missense,possibly_wt_like,87
172,urn:mavedb:00000013-a-1#173,p.Gln87=,0.8644894460424609,0.124692460564122,5.0,0.0557641636206177,0.755193693718052,0.97378519836687,0.0,4.0,synonymous,wt_like,87
174,urn:mavedb:00000013-a-1#175,p.Gln87Ser,0.887436909904351,0.178448586277177,6.0,0.0728513302833506,0.744650926323152,1.03022289348555,0.0,4.0,missense,wt_like,87
173,urn:mavedb:00000013-a-1#174,p.Gln87Arg,0.9003787184169599,0.465095171401493,7.0,0.1757894513579009,0.555837724893417,1.2449197119405,1.0,3.0,missense,possibly_wt_like,87
164,urn:mavedb:00000013-a-1#165,p.Gln87Glu,0.9042568678542808,0.465402681693551,6.0,0.18999984917869,0.531864006396008,1.27664972931256,1.0,3.0,missense,possibly_wt_like,87
176,urn:mavedb:00000013-a-1#177,p.Gln87Val,0.91261893195015,0.195126065645525,7.0,0.0737507205720745,0.768070175795007,1.05716768810529,0.0,4.0,missense,wt_like,87
175,urn:mavedb:00000013-a-1#176,p.Gln87Thr,1.00880132253106,0.24529080695778,7.0,0.0927112105858053,0.827090688819769,1.19051195624234,0.0,4.0,missense,wt_like,87
165,urn:mavedb:00000013-a-1#166,p.Gln87Phe,1.03404208161327,0.522980518777415,7.0,0.197668056173798,0.646619810618585,1.42146435260795,0.0,3.0,missense,possibly_wt_like,87
169,urn:mavedb:00000013-a-1#170,p.Gln87Leu,1.1016585133612902,0.1344193864316669,6.0,0.0548764847159295,0.994102579719906,1.2092144470026698,1.0,4.0,missense,wt_like,87
167,urn:mavedb:00000013-a-1#168,p.Gln87His,1.18498074289734,0.0683081788306591,3.0,0.0394377454357341,1.1076841822118402,1.26227730358284,1.0,4.0,missense,wt_like,87
170,urn:mavedb:00000013-a-1#171,p.Gln87Met,1.2109949245308798,0.4042263119594191,3.0,0.2333801700233,0.753578196579381,1.6684116524823898,0.0,4.0,missense,wt_like,87
184,urn:mavedb:00000013-a-1#185,p.Tyr88Thr,0.121107929085904,0.14934588563763,3.0,0.0862248872752488,-0.0478897445446095,0.290105602716418,0.0,1.0,missense,low,88
183,urn:mavedb:00000013-a-1#184,p.Tyr88Ser,0.194245333374088,0.099984206746099,2.0,0.0706995106017244,0.0556768388701004,0.332813827878075,1.0,1.0,missense,low,88
180,urn:mavedb:00000013-a-1#181,p.Tyr88Gly,0.211957546694951,0.0816012162095358,4.0,0.0408006081047679,0.131989824262272,0.2919252691276289,0.0,1.0,missense,low,88
177,urn:mavedb:00000013-a-1#178,p.Tyr88Ala,0.28050070340094,0.157736662334579,3.0,0.0910693044599421,0.10200814656234,0.458993260239539,0.0,1.0,missense,low,88
182,urn:mavedb:00000013-a-1#183,p.Tyr88Arg,0.2944371609519149,0.0975692028755908,4.0,0.0487846014377954,0.198821099133695,0.390053222770135,0.0,1.0,missense,low,88
185,urn:mavedb:00000013-a-1#186,p.Tyr88Val,0.363111860311474,0.0838171418647344,4.0,0.0419085709323672,0.280972570640492,0.445251149982456,0.0,1.0,missense,low,88
181,urn:mavedb:00000013-a-1#182,p.Tyr88Ile,0.455610179920513,0.122691943727222,4.0,0.0613459718636108,0.335374284471228,0.5758460753697969,0.0,1.0,missense,low,88
178,urn:mavedb:00000013-a-1#179,p.Tyr88Phe,0.977982431439545,0.128530404817017,2.0,0.0908847208347649,0.799851651858429,1.15611321102066,1.0,4.0,missense,wt_like,88
203,urn:mavedb:00000013-a-1#204,p.Pro89Trp,0.455914833757723,0.235169536899481,8.0,0.0831449871350616,0.292953653477956,0.6188760140374899,0.0,1.0,missense,low,89
193,urn:mavedb:00000013-a-1#194,p.Pro89Ile,0.5127278200158629,0.175433682155901,3.0,0.101286683617637,0.314209568011792,0.7112460720199331,0.0,2.0,missense,possibly_low,89
189,urn:mavedb:00000013-a-1#190,p.Pro89Glu,0.733078903435148,0.19083696175035,8.0,0.0674710548773552,0.600838065876607,0.8653197409936899,0.0,3.0,missense,possibly_wt_like,89
202,urn:mavedb:00000013-a-1#203,p.Pro89Val,0.767543361339375,0.126805167176204,8.0,0.044832396799894,0.679673478270974,0.8554132444077759,0.0,3.0,missense,possibly_wt_like,89
188,urn:mavedb:00000013-a-1#189,p.Pro89Asp,0.7781941232091971,0.0259033395184045,2.0,0.0183164270288413,0.7422945859072121,0.8140936605111819,0.0,4.0,missense,wt_like,89
198,urn:mavedb:00000013-a-1#199,p.Pro89Arg,0.8034314246846759,0.0960243930662488,8.0,0.0339497497482335,0.7368911378939911,0.869971711475362,1.0,4.0,missense,wt_like,89
195,urn:mavedb:00000013-a-1#196,p.Pro89Leu,0.8167598663724391,0.0469889075869677,8.0,0.0166130875976464,0.784198813009042,0.8493209197358349,1.0,4.0,missense,wt_like,89
199,urn:mavedb:00000013-a-1#200,p.Pro89Ser,0.835815422363613,0.100132034935115,8.0,0.0354020204583141,0.7664287372853671,0.905202107441858,1.0,4.0,missense,wt_like,89
197,urn:mavedb:00000013-a-1#198,p.Pro89Gln,0.8598700453981508,0.3548680960004289,8.0,0.125464818554331,0.6139635197048101,1.10577657109149,0.0,3.0,missense,possibly_wt_like,89
200,urn:mavedb:00000013-a-1#201,p.Pro89Thr,0.8680364969206241,0.10500596853071,8.0,0.0371252162065629,0.7952724102374971,0.94080058360375,1.0,4.0,missense,wt_like,89
191,urn:mavedb:00000013-a-1#192,p.Pro89Gly,0.889200026163917,0.101277566372258,8.0,0.035807026981947,0.8190195428858471,0.9593805094419872,0.0,4.0,missense,wt_like,89
194,urn:mavedb:00000013-a-1#195,p.Pro89Lys,0.89119815920708,0.17198880750275,5.0,0.0769157329890549,0.7404460927040329,1.04195022571013,0.0,4.0,missense,wt_like,89
186,urn:mavedb:00000013-a-1#187,p.Pro89Ala,0.9067327141997108,0.333817445833015,8.0,0.118022289813449,0.675413276792403,1.13805215160702,1.0,3.0,missense,possibly_wt_like,89
187,urn:mavedb:00000013-a-1#188,p.Pro89Cys,0.920290543595737,0.1491852319890889,6.0,0.0609046159220003,0.8009196898963721,1.0396613972951,0.0,4.0,missense,wt_like,89
192,urn:mavedb:00000013-a-1#193,p.Pro89His,1.04181089782372,0.1253869337850759,3.0,0.0723921799736752,0.899924832312978,1.18369696333447,1.0,4.0,missense,wt_like,89
196,urn:mavedb:00000013-a-1#197,p.Pro89=,1.11584017874146,0.11036948011907,8.0,0.0390215039141141,1.0393594364472,1.19232092103571,0.0,4.0,synonymous,wt_like,89
220,urn:mavedb:00000013-a-1#221,p.Phe90Ter,-0.0027676719243104,0.14130947286819,4.0,0.0706547364340949,-0.141248410672306,0.135713066823685,0.0,1.0,nonsense,low,90
210,urn:mavedb:00000013-a-1#211,p.Phe90Lys,0.193023140500112,0.240797611491611,7.0,0.0910129423293075,0.0146410514076486,0.371405229592576,0.0,1.0,missense,low,90
216,urn:mavedb:00000013-a-1#217,p.Phe90Arg,0.268502782589751,0.146488568074615,8.0,0.0517915299259337,0.166993249230693,0.37001231594881,0.0,1.0,missense,low,90
214,urn:mavedb:00000013-a-1#215,p.Phe90Pro,0.379119146479766,0.170311591189669,8.0,0.0602142405224432,0.261101403699345,0.497136889260187,0.0,1.0,missense,low,90
221,urn:mavedb:00000013-a-1#222,p.Phe90Tyr,0.56944207220511,0.271907055770771,8.0,0.0961336614939905,0.381023557974924,0.757860586435297,1.0,2.0,missense,possibly_low,90
206,urn:mavedb:00000013-a-1#207,p.Phe90Glu,0.594301154918862,0.2263363185468569,6.0,0.0924014151166389,0.413197709169715,0.7754046006680091,0.0,2.0,missense,possibly_low,90
208,urn:mavedb:00000013-a-1#209,p.Phe90His,0.651007206834956,0.1436727284195119,4.0,0.0718363642097558,0.510210520203533,0.7918038934663799,0.0,2.0,missense,possibly_low,90
219,urn:mavedb:00000013-a-1#220,p.Phe90Trp,0.675532636768049,0.455373691938434,7.0,0.172115077495776,0.338193283680007,1.01287198985609,0.0,2.0,missense,possibly_low,90
204,urn:mavedb:00000013-a-1#205,p.Phe90Ala,0.811603976378254,0.123854192855594,8.0,0.0437890698232884,0.7257789766081,0.8974289761484091,0.0,4.0,missense,wt_like,90
215,urn:mavedb:00000013-a-1#216,p.Phe90Gln,0.8320417869535699,0.270059634055498,8.0,0.0954804992827002,0.644903447133575,1.01918012677356,0.0,3.0,missense,possibly_wt_like,90
207,urn:mavedb:00000013-a-1#208,p.Phe90Gly,0.90446501110713,0.112991006076472,8.0,0.039948353304882,0.8261676773878799,0.9827623448263808,0.0,4.0,missense,wt_like,90
213,urn:mavedb:00000013-a-1#214,p.Phe90Met,0.907202090765505,0.327700373666259,8.0,0.115859578208389,0.680121490213061,1.1342826913179498,0.0,3.0,missense,possibly_wt_like,90
218,urn:mavedb:00000013-a-1#219,p.Phe90Val,0.96638399826933,0.185195326502378,8.0,0.065476435606944,0.838052542643664,1.094715453895,1.0,4.0,missense,wt_like,90
217,urn:mavedb:00000013-a-1#218,p.Phe90Ser,1.00697877865304,0.322846298130467,7.0,0.122024430935862,0.767815288784752,1.2461422685213202,1.0,4.0,missense,wt_like,90
211,urn:mavedb:00000013-a-1#212,p.Phe90Leu,1.05101444689606,0.144319844483849,7.0,0.0545477739651116,0.944102774487607,1.15792611930451,1.0,4.0,missense,wt_like,90
209,urn:mavedb:00000013-a-1#210,p.Phe90Ile,1.05397778087805,0.133797733611295,3.0,0.0772481575174432,0.902574174271785,1.20538138748432,1.0,4.0,missense,wt_like,90
205,urn:mavedb:00000013-a-1#206,p.Phe90Cys,1.08530431080475,0.0743803677138679,4.0,0.0371901838569339,1.01241288986674,1.15819573174277,1.0,4.0,missense,wt_like,90
225,urn:mavedb:00000013-a-1#226,p.Glu91Asp,0.340525531912428,0.4458731407010589,7.0,0.168524206654045,0.0102241563473146,0.670826907477541,1.0,1.0,missense,low,91
239,urn:mavedb:00000013-a-1#240,p.Glu91Val,0.682882558058245,0.10568069727375,8.0,0.0373637688413957,0.6096509168024301,0.7561141993140601,1.0,2.0,missense,possibly_low,91
237,urn:mavedb:00000013-a-1#238,p.Glu91Ser,0.697597772087328,0.356120043337181,8.0,0.125907448780084,0.4508237070930421,0.944371837081614,0.0,2.0,missense,possibly_low,91
233,urn:mavedb:00000013-a-1#234,p.Glu91Pro,0.709270284034213,0.294188742752121,7.0,0.111192893119553,0.4913362181830779,0.927204349885348,0.0,3.0,missense,possibly_wt_like,91
230,urn:mavedb:00000013-a-1#231,p.Glu91Leu,0.7294298714250401,0.324411373660712,8.0,0.114696741104766,0.504628389715584,0.9542313531344973,0.0,3.0,missense,possibly_wt_like,91
240,urn:mavedb:00000013-a-1#241,p.Glu91Trp,0.768663158007578,0.147401480353414,8.0,0.0521142931574174,0.666521020339278,0.8708052956758789,0.0,3.0,missense,possibly_wt_like,91
236,urn:mavedb:00000013-a-1#237,p.Glu91Arg,0.803317311438538,0.180705191094192,8.0,0.0638889330091569,0.6780973037298978,0.928537319147178,0.0,3.0,missense,possibly_wt_like,91
226,urn:mavedb:00000013-a-1#227,p.Glu91Phe,0.8167553131433091,0.0911425198484302,6.0,0.0372087779166903,0.7438274485178471,0.889683177768771,0.0,4.0,missense,wt_like,91
227,urn:mavedb:00000013-a-1#228,p.Glu91Gly,0.8443243865212691,0.111219808662062,8.0,0.0393221404536073,0.767254407437173,0.921394365605364,1.0,4.0,missense,wt_like,91
232,urn:mavedb:00000013-a-1#233,p.Glu91Asn,0.8623341202455129,0.167144441052436,7.0,0.063174660578806,0.738514060775511,0.9861541797155152,0.0,4.0,missense,wt_like,91
222,urn:mavedb:00000013-a-1#223,p.Glu91Ala,0.926546533135416,0.143908013378272,8.0,0.0508791660634303,0.8268252000876601,1.02626786618317,1.0,4.0,missense,wt_like,91
231,urn:mavedb:00000013-a-1#232,p.Glu91Met,0.9752815223325492,0.145342791796611,7.0,0.054934411707096,0.8676120538747449,1.08295099079035,0.0,4.0,missense,wt_like,91
241,urn:mavedb:00000013-a-1#242,p.Glu91Tyr,0.9808453005489972,0.126672592147492,3.0,0.0731344551753021,0.837504402376446,1.12418619872155,0.0,4.0,missense,wt_like,91
229,urn:mavedb:00000013-a-1#230,p.Glu91Lys,0.998900889078742,0.12367162809719,5.0,0.0553076334626778,0.8904999194217509,1.10730185873573,1.0,4.0,missense,wt_like,91
238,urn:mavedb:00000013-a-1#239,p.Glu91Thr,1.04297517198033,0.217674340307966,6.0,0.0888651773085763,0.8688026249757591,1.21714771898491,0.0,4.0,missense,wt_like,91
234,urn:mavedb:00000013-a-1#235,p.Glu91Gln,1.11212070560808,0.0905300644650873,6.0,0.0369587440534552,1.03968289834948,1.18455851286669,1.0,4.0,missense,wt_like,91
228,urn:mavedb:00000013-a-1#229,p.Glu91His,1.1174443950042598,0.0789432604275256,4.0,0.0394716302137628,1.04008142137421,1.19480736863432,0.0,4.0,missense,wt_like,91
260,urn:mavedb:00000013-a-1#261,p.Asp92Ter,-0.0367917590001421,0.128628572320268,8.0,0.0454770678710028,-0.125925174149791,0.0523416561495071,0.0,1.0,nonsense,low,92
250,urn:mavedb:00000013-a-1#251,p.Asp92Lys,0.470509928033672,0.4123600255714529,2.0,0.2915825703718319,-0.100981408414735,1.04200126448208,0.0,2.0,missense,possibly_low,92
248,urn:mavedb:00000013-a-1#249,p.Asp92Gly,0.640134050768005,0.206794481891446,8.0,0.0731128902286999,0.496835419114123,0.783432682421887,1.0,2.0,missense,possibly_low,92
259,urn:mavedb:00000013-a-1#260,p.Asp92Trp,0.64090200513675,0.338197036292421,8.0,0.119570708869782,0.406547722146054,0.8752562881274458,0.0,2.0,missense,possibly_low,92
247,urn:mavedb:00000013-a-1#248,p.Asp92Phe,0.6797540390882281,0.0535018225025329,5.0,0.0239267424071584,0.63285848570283,0.7266495924736249,0.0,2.0,missense,possibly_low,92
258,urn:mavedb:00000013-a-1#259,p.Asp92Val,0.7519593526294659,0.1725852674178649,8.0,0.061018106462033,0.6323660615590501,0.871552643699881,1.0,3.0,missense,possibly_wt_like,92
243,urn:mavedb:00000013-a-1#244,p.Asp92Cys,0.820916678513636,0.1704206726200779,5.0,0.0762144417499462,0.671539117581916,0.970294239445357,0.0,3.0,missense,possibly_wt_like,92
255,urn:mavedb:00000013-a-1#256,p.Asp92Ser,0.867702336533336,0.138828062971047,8.0,0.0490831323729101,0.77150116483402,0.963903508232652,0.0,4.0,missense,wt_like,92
256,urn:mavedb:00000013-a-1#257,p.Asp92Thr,0.896673232982054,0.3702511901539,3.0,0.213764624303134,0.477702268179176,1.3156441977849298,0.0,3.0,missense,possibly_wt_like,92
244,urn:mavedb:00000013-a-1#245,p.Asp92=,0.9145969978208548,0.2427439744381,6.0,0.0990998125847578,0.720364934280061,1.1088290613616498,0.0,4.0,synonymous,wt_like,92
251,urn:mavedb:00000013-a-1#252,p.Asp92Leu,0.932224533003858,0.0797161252436067,7.0,0.0301298632680374,0.873171086139388,0.9912779798683272,0.0,4.0,missense,wt_like,92
245,urn:mavedb:00000013-a-1#246,p.Asp92Glu,0.9819430075339828,0.205301083470202,8.0,0.0725848941533626,0.839679229171741,1.12420678589623,1.0,4.0,missense,wt_like,92
249,urn:mavedb:00000013-a-1#250,p.Asp92His,0.999658654254048,0.132111400103425,6.0,0.0539342532430107,0.893949460364685,1.10536784814341,1.0,4.0,missense,wt_like,92
242,urn:mavedb:00000013-a-1#243,p.Asp92Ala,1.04452681930451,0.0750546800090594,8.0,0.0265358365970961,0.99251753527456,1.09653610333446,1.0,4.0,missense,wt_like,92
253,urn:mavedb:00000013-a-1#254,p.Asp92Gln,1.05252782851376,0.109266870876133,7.0,0.0412989952680648,0.971583285190668,1.1334723718368602,0.0,4.0,missense,wt_like,92
252,urn:mavedb:00000013-a-1#253,p.Asp92Pro,1.05306879336959,0.186224645165788,5.0,0.0832821931352961,0.8898386942709041,1.21629889246828,0.0,4.0,missense,wt_like,92
254,urn:mavedb:00000013-a-1#255,p.Asp92Arg,1.081705358721,0.117382469209843,8.0,0.0415009699853505,1.00036495222624,1.16304576521577,0.0,4.0,missense,wt_like,92
274,urn:mavedb:00000013-a-1#275,p.His93Ter,-0.0611522317447167,0.0893861710033832,6.0,0.0364917515032417,-0.132674750423856,0.0103702869344224,0.0,1.0,nonsense,low,93
272,urn:mavedb:00000013-a-1#273,p.His93Val,0.507832536554919,0.223671273721633,7.0,0.0845397950994996,0.3421375828995039,0.6735274902103339,0.0,1.0,missense,low,93
273,urn:mavedb:00000013-a-1#274,p.His93Trp,0.784530600041188,0.4357122938717921,6.0,0.177878799107248,0.435894560177748,1.1331666399046298,0.0,3.0,missense,possibly_wt_like,93
270,urn:mavedb:00000013-a-1#271,p.His93Arg,0.816582533433714,0.164396357370095,8.0,0.0581228895493807,0.702663763239529,0.9305013036279,1.0,3.0,missense,possibly_wt_like,93
267,urn:mavedb:00000013-a-1#268,p.His93Met,0.828970168852373,0.15423342955164,4.0,0.0771167147758198,0.6778241852857191,0.980116152419028,0.0,3.0,missense,possibly_wt_like,93
263,urn:mavedb:00000013-a-1#264,p.His93Asp,0.8384288401395451,0.4340280109885921,4.0,0.217014005494296,0.413089205229947,1.2637684750491398,1.0,3.0,missense,possibly_wt_like,93
261,urn:mavedb:00000013-a-1#262,p.His93Ala,0.871823996807345,0.442693246222828,6.0,0.180728760970368,0.517602134334877,1.22604585927981,0.0,3.0,missense,possibly_wt_like,93
269,urn:mavedb:00000013-a-1#270,p.His93Pro,0.8898996418386659,0.401740350973279,7.0,0.1518435800421569,0.592291693672413,1.18750759000492,1.0,3.0,missense,possibly_wt_like,93
271,urn:mavedb:00000013-a-1#272,p.His93Thr,0.908694282017087,0.168974244663003,7.0,0.0638662613361842,0.7835187099709431,1.03386985406323,0.0,4.0,missense,wt_like,93
262,urn:mavedb:00000013-a-1#263,p.His93Cys,0.955873893602088,0.0959213005398675,5.0,0.0428973096994662,0.8717967115574742,1.0399510756467,0.0,4.0,missense,wt_like,93
265,urn:mavedb:00000013-a-1#266,p.His93Phe,1.0421275174436402,0.20798377001916,3.0,0.1200794856076349,0.8067760503705841,1.2774789845166998,0.0,4.0,missense,wt_like,93
266,urn:mavedb:00000013-a-1#267,p.His93Gly,1.05827257915228,0.0489377996581315,8.0,0.0173021249973067,1.02436103730155,1.09218412100301,0.0,4.0,missense,wt_like,93
264,urn:mavedb:00000013-a-1#265,p.His93Glu,1.21846097755631,0.322981549743335,4.0,0.161490774871668,0.901944874972378,1.53497708014025,0.0,4.0,missense,wt_like,93
291,urn:mavedb:00000013-a-1#292,p.Asn94Ter,-0.0674333384139273,0.0552530611643105,8.0,0.0195349071152995,-0.10572105280125,-0.029145624026605,0.0,1.0,nonsense,low,94
284,urn:mavedb:00000013-a-1#285,p.Asn94Pro,0.3097466598544089,0.185836814216832,8.0,0.0657032357634134,0.180970684090375,0.4385226356184429,0.0,1.0,missense,low,94
278,urn:mavedb:00000013-a-1#279,p.Asn94Phe,0.6876645665504101,0.272694111391512,2.0,0.192823855354578,0.309736754695276,1.06559237840554,0.0,2.0,missense,possibly_low,94
277,urn:mavedb:00000013-a-1#278,p.Asn94Glu,0.6988700630660141,0.517674588797707,6.0,0.211339765893247,0.284651733414123,1.1130883927178998,0.0,2.0,missense,possibly_low,94
276,urn:mavedb:00000013-a-1#277,p.Asn94Cys,0.8404361101761361,0.462380806380027,5.0,0.206782982911382,0.4351489110540661,1.24572330929821,0.0,3.0,missense,possibly_wt_like,94
281,urn:mavedb:00000013-a-1#282,p.Asn94Leu,0.8700353093043349,0.34495694568867,8.0,0.121960697756929,0.630996734171379,1.10907388443729,0.0,3.0,missense,possibly_wt_like,94
286,urn:mavedb:00000013-a-1#287,p.Asn94Arg,0.8739685199035441,0.244403688367458,8.0,0.0864097526958165,0.704608516706731,1.04332852310036,0.0,3.0,missense,possibly_wt_like,94
285,urn:mavedb:00000013-a-1#286,p.Asn94Gln,0.906444868416454,0.163360610093361,7.0,0.0617445069044029,0.785427858640639,1.02746187819227,0.0,4.0,missense,wt_like,94
292,urn:mavedb:00000013-a-1#293,p.Asn94Tyr,0.906774185691233,0.192025539927044,2.0,0.135782561443421,0.64064525553353,1.17290311584894,1.0,3.0,missense,possibly_wt_like,94
288,urn:mavedb:00000013-a-1#289,p.Asn94Thr,0.913412243643988,0.321471988888691,5.0,0.143766644003434,0.6316347992190661,1.19518968806891,1.0,3.0,missense,possibly_wt_like,94
280,urn:mavedb:00000013-a-1#281,p.Asn94Gly,0.9212316783855732,0.2455829258575,8.0,0.0868266761087357,0.7510545203151271,1.09140883645602,0.0,4.0,missense,wt_like,94
287,urn:mavedb:00000013-a-1#288,p.Asn94Ser,0.999681887975861,0.5062372797445779,4.0,0.2531186398722889,0.503578470010411,1.49578530594131,1.0,3.0,missense,possibly_wt_like,94
289,urn:mavedb:00000013-a-1#290,p.Asn94Val,1.01598432716606,0.1979875694890489,6.0,0.0808280867769996,0.857564188143859,1.17440446618825,0.0,4.0,missense,wt_like,94
282,urn:mavedb:00000013-a-1#283,p.Asn94Met,1.0481056493541998,0.28238742782948,4.0,0.14119371391474,0.7713710552378571,1.32484024347054,0.0,4.0,missense,wt_like,94
283,urn:mavedb:00000013-a-1#284,p.Asn94=,1.06786692206168,0.0661703293524842,5.0,0.0295922709051409,1.00986713686685,1.12586670725651,0.0,4.0,synonymous,wt_like,94
275,urn:mavedb:00000013-a-1#276,p.Asn94Ala,1.08329019906648,0.2875732402339,7.0,0.108692468196562,0.870256876010453,1.29632352212251,0.0,4.0,missense,wt_like,94
308,urn:mavedb:00000013-a-1#309,p.Pro95Ter,0.0773020779883025,0.331826287555976,7.0,0.125418547906703,-0.168513758902146,0.323117914878751,0.0,1.0,nonsense,low,95
306,urn:mavedb:00000013-a-1#307,p.Pro95Thr,0.22797550022726,0.0779777566421009,2.0,0.0551386005033439,0.119905829082763,0.336045171371756,1.0,1.0,missense,low,95
295,urn:mavedb:00000013-a-1#296,p.Pro95Asp,0.2923781997771469,0.1539445567607699,6.0,0.0628476021238016,0.169199163099793,0.415557236454501,0.0,1.0,missense,low,95
299,urn:mavedb:00000013-a-1#300,p.Pro95His,0.310153164780896,0.14599491663012,5.0,0.0652909115908727,0.182185329544997,0.4381210000167949,0.0,1.0,missense,low,95
296,urn:mavedb:00000013-a-1#297,p.Pro95Glu,0.3712836899839949,0.237974043937683,2.0,0.168273060214721,0.0414745523948022,0.7010928275731879,0.0,1.0,missense,low,95
309,urn:mavedb:00000013-a-1#310,p.Pro95Tyr,0.405463632421508,0.245877801930825,8.0,0.0869309305442647,0.235082139412196,0.5758451254308199,0.0,1.0,missense,low,95
302,urn:mavedb:00000013-a-1#303,p.Pro95Asn,0.4204460647154191,0.171371543789902,8.0,0.0605889903581237,0.301693825753852,0.5391983036769861,0.0,1.0,missense,low,95
297,urn:mavedb:00000013-a-1#298,p.Pro95Phe,0.4221666531781629,0.109108190296325,8.0,0.0385755706207618,0.346559924078388,0.497773382277937,0.0,1.0,missense,low,95
304,urn:mavedb:00000013-a-1#305,p.Pro95Gln,0.497207876839915,0.0985638284010014,4.0,0.0492819142005007,0.400617099917741,0.59379865376209,1.0,1.0,missense,low,95
298,urn:mavedb:00000013-a-1#299,p.Pro95Gly,0.507344954423279,0.215611132619562,8.0,0.0762300469873022,0.35793680778837,0.6567531010581871,0.0,1.0,missense,low,95
300,urn:mavedb:00000013-a-1#301,p.Pro95Ile,0.514898171290292,0.1803811336052589,8.0,0.0637743613851976,0.3899027198382629,0.6398936227423211,0.0,1.0,missense,low,95
305,urn:mavedb:00000013-a-1#306,p.Pro95Ser,0.5340209521020179,0.104674448128753,5.0,0.0468118363046335,0.4422714388947521,0.6257704653092839,1.0,1.0,missense,low,95
293,urn:mavedb:00000013-a-1#294,p.Pro95Ala,0.618920578065124,0.091085006143734,8.0,0.0322034127543263,0.555803048887366,0.6820381072428809,1.0,1.0,missense,low,95
294,urn:mavedb:00000013-a-1#295,p.Pro95Cys,0.635511407539907,0.200311589222205,7.0,0.0757106642580114,0.4871212323486,0.783901582731213,0.0,2.0,missense,possibly_low,95
307,urn:mavedb:00000013-a-1#308,p.Pro95Val,0.683032370336221,0.209945194819174,2.0,0.148453670934169,0.392068521932489,0.973996218739953,0.0,2.0,missense,possibly_low,95
303,urn:mavedb:00000013-a-1#304,p.Pro95=,0.726520781524853,0.106254938271899,3.0,0.0613463172140077,0.606284209201228,0.8467573538484781,0.0,3.0,synonymous,possibly_wt_like,95
326,urn:mavedb:00000013-a-1#327,p.Leu98Ter,-0.0293599273406699,0.0346410456403969,5.0,0.01549194657272,-0.0597235846736199,0.00100372999228,0.0,1.0,nonsense,low,98
320,urn:mavedb:00000013-a-1#321,p.Leu98Lys,0.0163249839117523,0.14171003344331,2.0,0.100204125609937,-0.180071493386051,0.212721461209556,0.0,1.0,missense,low,98
318,urn:mavedb:00000013-a-1#319,p.Leu98Gly,0.138374053908411,0.0737306545262182,8.0,0.0260677228984058,0.0872822558685657,0.189465851948256,0.0,1.0,missense,low,98
317,urn:mavedb:00000013-a-1#318,p.Leu98Glu,0.166482549478484,0.126954790632454,8.0,0.0448852966801632,0.0785089845499685,0.254456114406999,0.0,1.0,missense,low,98
316,urn:mavedb:00000013-a-1#317,p.Leu98Ala,0.175951772658162,0.188425652998984,4.0,0.0942128264994921,-0.0087019741625627,0.3606055194788879,0.0,1.0,missense,low,98
324,urn:mavedb:00000013-a-1#325,p.Leu98Arg,0.210472803643321,0.127535866039015,7.0,0.0482040263972117,0.115994647994968,0.304950959291674,1.0,1.0,missense,low,98
327,urn:mavedb:00000013-a-1#328,p.Leu98Tyr,0.3697838247655009,0.46165957723751,6.0,0.188471733183483,0.0003860156220314,0.739181633908971,0.0,2.0,missense,possibly_low,98
322,urn:mavedb:00000013-a-1#323,p.Leu98Pro,0.508049774490783,0.31675154673493,2.0,0.2239771666475969,0.0690625945021673,0.947036954479398,1.0,2.0,missense,possibly_low,98
319,urn:mavedb:00000013-a-1#320,p.Leu98His,0.653365063915037,0.578498130636759,2.0,0.409059951076993,-0.148377707713586,1.45510783554366,0.0,2.0,missense,possibly_low,98
325,urn:mavedb:00000013-a-1#326,p.Leu98Val,0.6844674962302031,0.322761928712505,8.0,0.114113574250731,0.460809000551634,0.9081259919087727,1.0,2.0,missense,possibly_low,98
321,urn:mavedb:00000013-a-1#322,p.Leu98=,1.06633330502248,0.294961804106914,5.0,0.131910928949807,0.8077926351136311,1.32487397493132,0.0,4.0,synonymous,wt_like,98
331,urn:mavedb:00000013-a-1#332,p.Pro103Phe,0.4767549525872379,1.05534765196959,2.0,0.7462434812170009,-0.985855394295875,1.93936529947035,0.0,2.0,missense,possibly_low,103
336,urn:mavedb:00000013-a-1#337,p.Pro103Arg,0.638751662613906,0.509238268904015,6.0,0.2078956527188409,0.231283670742531,1.04621965448528,1.0,2.0,missense,possibly_low,103
338,urn:mavedb:00000013-a-1#339,p.Pro103Val,0.683752900776068,0.549738552022122,6.0,0.224429824065111,0.24387852855179,1.1236272730003505,0.0,2.0,missense,possibly_low,103
333,urn:mavedb:00000013-a-1#334,p.Pro103=,0.7132201662411021,0.3376641174920251,5.0,0.151007984054929,0.4172499561154429,1.00919037636676,0.0,3.0,synonymous,possibly_wt_like,103
330,urn:mavedb:00000013-a-1#331,p.Pro103Ala,0.7312099020396251,0.39867966661721,6.0,0.162760292339179,0.412205590941624,1.05021421313763,1.0,3.0,missense,possibly_wt_like,103
337,urn:mavedb:00000013-a-1#338,p.Pro103Thr,0.847424420808465,0.319659693687652,2.0,0.226033537078553,0.4044068288363029,1.2904420127806298,1.0,3.0,missense,possibly_wt_like,103
332,urn:mavedb:00000013-a-1#333,p.Pro103Lys,0.9218225730624828,0.3369034586165269,7.0,0.127337538190981,0.672245584328166,1.1713995617968,0.0,3.0,missense,possibly_wt_like,103
353,urn:mavedb:00000013-a-1#354,p.Phe104Ter,0.0074353772452659,0.129722657426467,4.0,0.0648613287132334,-0.119690491022085,0.134561245512617,0.0,1.0,nonsense,low,104
345,urn:mavedb:00000013-a-1#346,p.Phe104Asn,0.0458387187329455,0.119493390425608,5.0,0.0534390687707164,-0.0588999314250178,0.150577368890909,0.0,1.0,missense,low,104
348,urn:mavedb:00000013-a-1#349,p.Phe104Gln,0.101541952390692,0.0224450158723997,2.0,0.0158710229272135,0.0704353190555439,0.1326485857258399,0.0,1.0,missense,low,104
342,urn:mavedb:00000013-a-1#343,p.Phe104Glu,0.182214570730232,0.173715303420013,3.0,0.100294577191902,-0.0143591884105687,0.378788329871032,0.0,1.0,missense,low,104
343,urn:mavedb:00000013-a-1#344,p.Phe104Gly,0.182751289636521,0.141332825987119,7.0,0.0534187870931262,0.0780523908361805,0.287450188436861,0.0,1.0,missense,low,104
341,urn:mavedb:00000013-a-1#342,p.Phe104Asp,0.184034913801665,0.1075285242838719,5.0,0.0480882179637951,0.0897837385119143,0.278286089091415,0.0,1.0,missense,low,104
351,urn:mavedb:00000013-a-1#352,p.Phe104Thr,0.239540411274567,0.0839619665982567,5.0,0.0375489329676537,0.165945855000057,0.313134967549077,0.0,1.0,missense,low,104
347,urn:mavedb:00000013-a-1#348,p.Phe104Pro,0.262087372215374,0.6472317485471079,3.0,0.373679424251745,-0.470310841081709,0.994485585512458,0.0,2.0,missense,possibly_low,104
350,urn:mavedb:00000013-a-1#351,p.Phe104Ser,0.30105802053192,0.305298133876414,6.0,0.124637441236854,0.0567731245824599,0.5453429164813811,1.0,1.0,missense,low,104
352,urn:mavedb:00000013-a-1#353,p.Phe104Val,0.33099407769285,0.13746660794785,7.0,0.0519574940293752,0.22915926066832,0.432828894717381,1.0,1.0,missense,low,104
349,urn:mavedb:00000013-a-1#350,p.Phe104Arg,0.338176263308374,0.292162077846497,8.0,0.103294893225405,0.13572199279967,0.5406305338170779,0.0,1.0,missense,low,104
339,urn:mavedb:00000013-a-1#340,p.Phe104Ala,0.37750254671261,0.127453557146123,4.0,0.0637267785730613,0.252600355858651,0.502404737566569,0.0,1.0,missense,low,104
344,urn:mavedb:00000013-a-1#345,p.Phe104Leu,0.38606234691575,0.0841949249185034,5.0,0.0376531150956529,0.3122635974225289,0.4598610964089711,1.0,1.0,missense,low,104
340,urn:mavedb:00000013-a-1#341,p.Phe104Cys,0.524930721719452,0.130661642567775,6.0,0.0533423922074945,0.420381554143553,0.629479889295351,1.0,1.0,missense,low,104
354,urn:mavedb:00000013-a-1#355,p.Phe104Tyr,0.8737826999779921,0.376042767172671,3.0,0.217108392853954,0.44825806924287,1.2993073307131102,1.0,3.0,missense,possibly_wt_like,104
356,urn:mavedb:00000013-a-1#357,p.Cys105Glu,0.0867387093602206,0.3871820598761021,3.0,0.223539666494862,-0.351390986085803,0.524868404806244,0.0,1.0,missense,low,105
362,urn:mavedb:00000013-a-1#363,p.Cys105Arg,0.102351191791716,0.182281014806094,6.0,0.0744159126786058,-0.0435013169350291,0.248203700518461,1.0,1.0,missense,low,105
361,urn:mavedb:00000013-a-1#362,p.Cys105Gln,0.1069348378081859,0.0653932145576999,2.0,0.0462399854573364,0.0163061316661509,0.197563543950221,0.0,1.0,missense,low,105
365,urn:mavedb:00000013-a-1#366,p.Cys105Trp,0.146715646930919,0.0903751966096592,7.0,0.0341586135596752,0.0797659945921342,0.213665299269704,1.0,1.0,missense,low,105
360,urn:mavedb:00000013-a-1#361,p.Cys105Asn,0.159924237309272,0.1937288623741,3.0,0.111849410841487,-0.0592965796320658,0.37914505425061,0.0,1.0,missense,low,105
355,urn:mavedb:00000013-a-1#356,p.Cys105Asp,0.190625318665553,0.104211302614481,2.0,0.0736885187549827,0.0461984758316829,0.335052161499424,0.0,1.0,missense,low,105
358,urn:mavedb:00000013-a-1#359,p.Cys105Gly,0.246432436944624,0.131497921822365,7.0,0.0497015427233988,0.149019203230684,0.343845670658565,1.0,1.0,missense,low,105
363,urn:mavedb:00000013-a-1#364,p.Cys105Ser,0.2797390624117619,0.119621614628105,6.0,0.0488353196744508,0.184023594676338,0.3754545301471861,1.0,1.0,missense,low,105
359,urn:mavedb:00000013-a-1#360,p.Cys105Leu,0.297951167291114,0.218646874537252,4.0,0.109323437268626,0.083681167578484,0.512221167003745,0.0,1.0,missense,low,105
364,urn:mavedb:00000013-a-1#365,p.Cys105Val,1.08993402720699,0.38521483120078,4.0,0.19260741560039,0.7124304294748829,1.46743762493909,0.0,4.0,missense,wt_like,105
377,urn:mavedb:00000013-a-1#378,p.Glu106Pro,0.20146307723063,0.121639827392775,8.0,0.0430061734058963,0.117172526242189,0.285753628219071,0.0,1.0,missense,low,106
371,urn:mavedb:00000013-a-1#372,p.Glu106Gly,0.414662940005603,0.14823680764095,8.0,0.0524096259521809,0.311941960696113,0.517383919315094,1.0,1.0,missense,low,106
385,urn:mavedb:00000013-a-1#386,p.Glu106Tyr,0.4522863393685671,0.1880338569676689,4.0,0.0940169284838343,0.2680165456031739,0.63655613313396,0.0,1.0,missense,low,106
384,urn:mavedb:00000013-a-1#385,p.Glu106Trp,0.499426917693719,0.0646697283842652,6.0,0.0264013060576386,0.447681308675928,0.55117252671151,0.0,1.0,missense,low,106
366,urn:mavedb:00000013-a-1#367,p.Glu106Ala,0.5760712255841971,0.202809827194616,8.0,0.0717041020502922,0.43553376802184,0.7166086831465551,1.0,2.0,missense,possibly_low,106
370,urn:mavedb:00000013-a-1#371,p.Glu106Phe,0.600994570448247,0.192740804042935,8.0,0.0681441647750534,0.467434461732579,0.734554679163914,0.0,2.0,missense,possibly_low,106
380,urn:mavedb:00000013-a-1#381,p.Glu106Arg,0.613472010659015,0.126063889758682,8.0,0.0445703156555587,0.526115797194539,0.7008282241234921,0.0,1.0,missense,low,106
382,urn:mavedb:00000013-a-1#383,p.Glu106Thr,0.7101230261421201,0.197690128169381,7.0,0.0747198451126667,0.5636748207908822,0.8565712314933579,0.0,3.0,missense,possibly_wt_like,106
381,urn:mavedb:00000013-a-1#382,p.Glu106Ser,0.727250819895505,0.14429494111353,8.0,0.0510159656761452,0.627261364533729,0.8272402752572809,0.0,3.0,missense,possibly_wt_like,106
372,urn:mavedb:00000013-a-1#373,p.Glu106Ile,0.781612064887018,0.268902775885811,7.0,0.101635695978399,0.582409761225693,0.980814368548342,0.0,3.0,missense,possibly_wt_like,106
367,urn:mavedb:00000013-a-1#368,p.Glu106Asp,0.7953468501700041,0.40192971105285,6.0,0.1640871174239599,0.4737420096920471,1.11695169064796,1.0,3.0,missense,possibly_wt_like,106
373,urn:mavedb:00000013-a-1#374,p.Glu106Lys,0.80973381922875,0.215966151003372,7.0,0.0816275324518208,0.649746795476307,0.9697208429811932,1.0,3.0,missense,possibly_wt_like,106
369,urn:mavedb:00000013-a-1#370,p.Glu106=,0.8241679583192241,0.462839980391681,5.0,0.206988331772094,0.4184782828258921,1.22985763381256,0.0,3.0,synonymous,possibly_wt_like,106
383,urn:mavedb:00000013-a-1#384,p.Glu106Val,0.859760423013728,0.195975378089171,8.0,0.0692877593962252,0.72395891002765,0.995561935999807,1.0,4.0,missense,wt_like,106
374,urn:mavedb:00000013-a-1#375,p.Glu106Leu,0.97952614869448,0.112929791658173,8.0,0.039926710739739,0.901271233623443,1.05778106376552,0.0,4.0,missense,wt_like,106
375,urn:mavedb:00000013-a-1#376,p.Glu106Met,1.00209708800766,0.1481017625032699,6.0,0.0604622913566449,0.883593174525869,1.12060100148945,0.0,4.0,missense,wt_like,106
376,urn:mavedb:00000013-a-1#377,p.Glu106Asn,1.00974122732354,0.306298897967844,8.0,0.108293013911514,0.797490820279672,1.2219916343674,0.0,4.0,missense,wt_like,106
378,urn:mavedb:00000013-a-1#379,p.Glu106Gln,1.02858396424922,0.146671175758597,4.0,0.0733355878792983,0.8848488532207249,1.17231907527772,1.0,4.0,missense,wt_like,106
399,urn:mavedb:00000013-a-1#400,p.Asp107Ter,0.0131740896586198,0.15554761601328,3.0,0.0898054579770717,-0.162841373591566,0.189189552908806,0.0,1.0,nonsense,low,107
391,urn:mavedb:00000013-a-1#392,p.Asp107Lys,0.0954194790934323,0.117963222385363,2.0,0.083412594479307,-0.0680662019430538,0.258905160129918,0.0,1.0,missense,low,107
387,urn:mavedb:00000013-a-1#388,p.Asp107Cys,0.159687733687079,0.1477587117000109,5.0,0.0660797047258037,0.0301738923154622,0.289201575058695,0.0,1.0,missense,low,107
397,urn:mavedb:00000013-a-1#398,p.Asp107Val,0.172984054918225,0.121182475172257,8.0,0.0428444749776365,0.0890104270255299,0.25695768281092,1.0,1.0,missense,low,107
392,urn:mavedb:00000013-a-1#393,p.Asp107Met,0.185168841615662,0.194409194834141,8.0,0.0687340299961188,0.0504526183109737,0.319885064920351,0.0,1.0,missense,low,107
394,urn:mavedb:00000013-a-1#395,p.Asp107Pro,0.196410166377694,0.083825642703389,5.0,0.0374879670684774,0.122935101069855,0.269885231685533,0.0,1.0,missense,low,107
386,urn:mavedb:00000013-a-1#387,p.Asp107Ala,0.266977275853626,0.15108160105002,7.0,0.0571034777222612,0.155056516126009,0.3788980355812429,1.0,1.0,missense,low,107
400,urn:mavedb:00000013-a-1#401,p.Asp107Tyr,0.267447089159155,0.0472775061463586,4.0,0.0236387530731793,0.221115984496288,0.313778193822022,1.0,1.0,missense,low,107
398,urn:mavedb:00000013-a-1#399,p.Asp107Trp,0.269467450809131,0.231111964883766,4.0,0.115555982441883,0.042981887024897,0.495953014593364,0.0,1.0,missense,low,107
389,urn:mavedb:00000013-a-1#390,p.Asp107Gly,0.382168132728391,0.17522484910856,7.0,0.0662287677514383,0.252362133195104,0.511974132261678,1.0,1.0,missense,low,107
388,urn:mavedb:00000013-a-1#389,p.Asp107Glu,0.403311093554165,0.228533985469278,6.0,0.093298608880726,0.220449180340254,0.586173006768077,1.0,1.0,missense,low,107
396,urn:mavedb:00000013-a-1#397,p.Asp107Thr,0.447517877019057,0.362304580850704,7.0,0.136938259970065,0.179123819372146,0.7159119346659679,0.0,2.0,missense,possibly_low,107
393,urn:mavedb:00000013-a-1#394,p.Asp107Asn,0.544114521505521,0.1303425928418219,4.0,0.0651712964209109,0.416381127694752,0.671847915316291,1.0,1.0,missense,low,107
395,urn:mavedb:00000013-a-1#396,p.Asp107Ser,0.563997268640883,0.285001419276726,4.0,0.142500709638363,0.284701009978292,0.843293527303475,0.0,2.0,missense,possibly_low,107
406,urn:mavedb:00000013-a-1#407,p.Leu108Phe,-0.12385638896582,0.317509558220994,2.0,0.224513161709609,-0.563894099971871,0.316181322040232,1.0,1.0,missense,low,108
404,urn:mavedb:00000013-a-1#405,p.Leu108Asp,0.124295597747836,0.201673996365806,2.0,0.142605050419253,-0.155205165087418,0.4037963605830901,0.0,1.0,missense,low,108
413,urn:mavedb:00000013-a-1#414,p.Leu108Pro,0.128543874392062,0.165674435041931,7.0,0.0626190505317247,0.0058127906037875,0.251274958180336,1.0,1.0,missense,low,108
416,urn:mavedb:00000013-a-1#417,p.Leu108Ser,0.12896946267338,0.157805889048547,6.0,0.0644239844291993,0.0027007734515806,0.25523815189518,0.0,1.0,missense,low,108
415,urn:mavedb:00000013-a-1#416,p.Leu108Arg,0.131785989754922,0.0663045927622782,8.0,0.0234422135830097,0.0858400954143272,0.177731884095516,1.0,1.0,missense,low,108
414,urn:mavedb:00000013-a-1#415,p.Leu108Gln,0.1768945996895179,0.130646168290441,4.0,0.0653230841452204,0.0488637074058067,0.304925491973229,0.0,1.0,missense,low,108
419,urn:mavedb:00000013-a-1#420,p.Leu108Trp,0.188370114395472,0.148718394436513,7.0,0.0562102695799748,0.0782000104574338,0.29854021833351,0.0,1.0,missense,low,108
407,urn:mavedb:00000013-a-1#408,p.Leu108Gly,0.1965608404490389,0.105872047307283,8.0,0.0374314212945413,0.123196602821593,0.269925078076486,0.0,1.0,missense,low,108
402,urn:mavedb:00000013-a-1#403,p.Leu108Ala,0.266124260083495,0.144843366307738,8.0,0.0512098632630444,0.165754772434708,0.3664937477322829,0.0,1.0,missense,low,108
405,urn:mavedb:00000013-a-1#406,p.Leu108Glu,0.269458986683135,0.243938818173879,8.0,0.0862453962626911,0.100421116175875,0.438496857190395,0.0,1.0,missense,low,108
417,urn:mavedb:00000013-a-1#418,p.Leu108Thr,0.282105301519354,0.195205663518265,7.0,0.0737808057400977,0.137497579518416,0.426713023520291,0.0,1.0,missense,low,108
408,urn:mavedb:00000013-a-1#409,p.Leu108His,0.404526989643471,0.348487631604669,8.0,0.12320898373365,0.1630418189537349,0.6460121603332071,1.0,1.0,missense,low,108
403,urn:mavedb:00000013-a-1#404,p.Leu108Cys,0.697249752686594,0.4177626982257589,3.0,0.241195406278026,0.224515443145156,1.16998406222803,0.0,2.0,missense,possibly_low,108
409,urn:mavedb:00000013-a-1#410,p.Leu108Ile,0.755166517542713,0.3737339893258009,6.0,0.152576262230498,0.456122538675198,1.05421049641023,1.0,3.0,missense,possibly_wt_like,108
411,urn:mavedb:00000013-a-1#412,p.Leu108Met,0.795890687814713,0.4828702763133211,5.0,0.215946152430138,0.372644006451645,1.21913736917778,0.0,3.0,missense,possibly_wt_like,108
418,urn:mavedb:00000013-a-1#419,p.Leu108Val,1.05074409081641,0.161760746736979,5.0,0.0723416051590023,0.908957150120945,1.1925310315118702,1.0,4.0,missense,wt_like,108
410,urn:mavedb:00000013-a-1#411,p.Leu108=,1.12707895831195,0.224822626419253,7.0,0.0849749655151033,0.960531086314815,1.29362683030909,0.0,4.0,synonymous,wt_like,108
426,urn:mavedb:00000013-a-1#427,p.Asp109Leu,0.458467562601735,0.304247688512262,6.0,0.124208598712713,0.21502318255463,0.701911942648841,0.0,1.0,missense,low,109
432,urn:mavedb:00000013-a-1#433,p.Asp109Trp,0.499961385940835,0.168492814844283,7.0,0.0636842979684608,0.375142455541935,0.624780316339736,0.0,1.0,missense,low,109
427,urn:mavedb:00000013-a-1#428,p.Asp109Met,0.6525384180484101,0.143356495281563,4.0,0.0716782476407817,0.5120516341975341,0.793025201899285,0.0,2.0,missense,possibly_low,109
431,urn:mavedb:00000013-a-1#432,p.Asp109Val,0.6545902356243759,0.197705915545614,4.0,0.0988529577728072,0.4608419986244149,0.848338472624337,1.0,2.0,missense,possibly_low,109
421,urn:mavedb:00000013-a-1#422,p.Asp109Cys,0.683809018689838,0.33828496582297,3.0,0.195308916080695,0.30101057731212,1.06660746006756,0.0,2.0,missense,possibly_low,109
424,urn:mavedb:00000013-a-1#425,p.Asp109Gly,0.7202755400554821,0.228462746343023,8.0,0.0807737785938269,0.561961843116369,0.878589236994596,1.0,3.0,missense,possibly_wt_like,109
428,urn:mavedb:00000013-a-1#429,p.Asp109Arg,0.724096564632884,0.119229790054463,8.0,0.0421540965334795,0.641476053626439,0.806717075639328,0.0,3.0,missense,possibly_wt_like,109
429,urn:mavedb:00000013-a-1#430,p.Asp109Ser,0.8041259941556379,0.196242149466036,8.0,0.0693820773210289,0.668139621433849,0.940112366877428,0.0,3.0,missense,possibly_wt_like,109
430,urn:mavedb:00000013-a-1#431,p.Asp109Thr,0.809855645955995,0.196460787252227,7.0,0.0742551979207659,0.6643181323664,0.9553931595455892,0.0,3.0,missense,possibly_wt_like,109
425,urn:mavedb:00000013-a-1#426,p.Asp109Lys,0.8421970622368009,0.21809030074804,8.0,0.0771065652849763,0.6910709713066611,0.993323153166941,0.0,3.0,missense,possibly_wt_like,109
420,urn:mavedb:00000013-a-1#421,p.Asp109Ala,0.870045122662822,0.108964661233161,8.0,0.0385248254338314,0.7945378523018191,0.945552393023824,1.0,4.0,missense,wt_like,109
422,urn:mavedb:00000013-a-1#423,p.Asp109=,1.24949195804827,0.0654439416334761,4.0,0.032721970816738,1.18535807374429,1.31362584235224,0.0,4.0,synonymous,wt_like,109
443,urn:mavedb:00000013-a-1#444,p.Gln110Ter,-0.0124152058320438,0.155587682511759,6.0,0.06351840540266,-0.136908992776672,0.112078581112584,1.0,1.0,nonsense,low,110
439,urn:mavedb:00000013-a-1#440,p.Gln110Pro,0.259256281005651,0.177808694560399,4.0,0.0889043472801997,0.0850069622674179,0.433505599743884,1.0,1.0,missense,low,110
440,urn:mavedb:00000013-a-1#441,p.Gln110Arg,0.6958808843287989,0.4947770311276861,6.0,0.201991877118663,0.299984080006579,1.09177768865102,1.0,2.0,missense,possibly_low,110
433,urn:mavedb:00000013-a-1#434,p.Gln110Cys,0.826964608966108,0.237837036698363,4.0,0.118918518349182,0.5938885959068461,1.06004062202537,0.0,3.0,missense,possibly_wt_like,110
442,urn:mavedb:00000013-a-1#443,p.Gln110Val,0.8310255386920021,0.198693107212765,6.0,0.0811161213465645,0.6720408622871551,0.9900102150968492,0.0,3.0,missense,possibly_wt_like,110
437,urn:mavedb:00000013-a-1#438,p.Gln110Gly,0.8506759352752359,0.1693423499552349,8.0,0.0598715619977059,0.7333298300615759,0.968022040488897,0.0,4.0,missense,wt_like,110
441,urn:mavedb:00000013-a-1#442,p.Gln110Thr,0.975204922879565,0.429519624333464,5.0,0.19208701553596,0.598721290531298,1.3516885552278302,0.0,3.0,missense,possibly_wt_like,110
435,urn:mavedb:00000013-a-1#436,p.Gln110Asp,1.00250395293723,0.2358767952819489,4.0,0.117938397640974,0.771348941166559,1.23365896470791,0.0,4.0,missense,wt_like,110
438,urn:mavedb:00000013-a-1#439,p.Gln110Leu,1.06370527624072,0.157652972380065,4.0,0.0788264861900326,0.909208202280407,1.2182023502010202,1.0,4.0,missense,wt_like,110
436,urn:mavedb:00000013-a-1#437,p.Gln110Glu,1.1018141916477902,0.147885474725188,7.0,0.0558954555202252,0.992261111928693,1.2113672713669,1.0,4.0,missense,wt_like,110
451,urn:mavedb:00000013-a-1#452,p.Trp111Ter,-0.0813519371279471,0.0207163524575233,3.0,0.0119605916679783,-0.104794266030974,-0.0579096082249199,1.0,1.0,nonsense,low,111
449,urn:mavedb:00000013-a-1#450,p.Trp111Arg,0.0902285899380708,0.0669107654233833,2.0,0.0473130559652567,-0.0025032957523603,0.182960475628502,1.0,1.0,missense,low,111
450,urn:mavedb:00000013-a-1#451,p.Trp111Thr,0.114573697178337,0.224551725611127,7.0,0.0848725746339221,-0.0517734923793376,0.2809208867360119,0.0,1.0,missense,low,111
448,urn:mavedb:00000013-a-1#449,p.Trp111Pro,0.131891327935185,0.143200266213909,3.0,0.0826767122466263,-0.0301520504283838,0.293934706298754,0.0,1.0,missense,low,111
447,urn:mavedb:00000013-a-1#448,p.Trp111Asn,0.247819817710795,0.464185947830262,7.0,0.175445797149954,-0.0960476259420339,0.591687261363624,0.0,1.0,missense,low,111
444,urn:mavedb:00000013-a-1#445,p.Trp111Met,0.399702652722651,0.133735091232308,4.0,0.0668675456161539,0.2686446715804,0.530760633864902,0.0,1.0,missense,low,111
465,urn:mavedb:00000013-a-1#466,p.Leu112Trp,-0.124902720151379,0.259192365609596,2.0,0.183276679354329,-0.484118410891958,0.234312970589201,0.0,1.0,missense,low,112
466,urn:mavedb:00000013-a-1#467,p.Leu112Ter,-0.0224174373215642,0.0526003011393948,5.0,0.0235235697969293,-0.0685227869113598,0.0236879122682315,0.0,1.0,nonsense,low,112
461,urn:mavedb:00000013-a-1#462,p.Leu112Pro,0.0804188827847682,0.107496256852601,7.0,0.0406297660717579,0.0007860045838352,0.1600517609857009,1.0,1.0,missense,low,112
453,urn:mavedb:00000013-a-1#454,p.Leu112Asp,0.0838003680505958,0.0936773201895807,5.0,0.0418937711787832,0.0016900853636186,0.165910650737573,0.0,1.0,missense,low,112
467,urn:mavedb:00000013-a-1#468,p.Leu112Tyr,0.0845430865877308,0.0465925952922668,3.0,0.0269002474342336,0.0318195704414171,0.137266602734045,0.0,1.0,missense,low,112
462,urn:mavedb:00000013-a-1#463,p.Leu112Arg,0.113027107957011,0.205860966757968,6.0,0.0840423877521785,-0.0516929452120085,0.277747161126032,1.0,1.0,missense,low,112
463,urn:mavedb:00000013-a-1#464,p.Leu112Ser,0.141238217537745,0.185497983213486,7.0,0.0701116474695596,0.0038219136006391,0.27865452147485,0.0,1.0,missense,low,112
454,urn:mavedb:00000013-a-1#455,p.Leu112Glu,0.17450842837844,0.1384740745612699,4.0,0.0692370372806349,0.0388063289121384,0.310210527844742,0.0,1.0,missense,low,112
456,urn:mavedb:00000013-a-1#457,p.Leu112Gly,0.1898079519684789,0.143472281177646,8.0,0.0507251114665083,0.0903885603823427,0.289227343554615,0.0,1.0,missense,low,112
458,urn:mavedb:00000013-a-1#459,p.Leu112His,0.196853072950676,0.158693923499005,3.0,0.0916219794509086,0.0172772930346259,0.3764288528667249,0.0,1.0,missense,low,112
452,urn:mavedb:00000013-a-1#453,p.Leu112Ala,0.281597277601548,0.0790134563298454,6.0,0.0322571084703005,0.218374506754357,0.344820048448738,0.0,1.0,missense,low,112
464,urn:mavedb:00000013-a-1#465,p.Leu112Val,0.433234323783797,0.120015684663741,7.0,0.0453616650067724,0.344327094091753,0.522141553475842,1.0,1.0,missense,low,112
455,urn:mavedb:00000013-a-1#456,p.Leu112Phe,0.5781122777862551,0.172655384854079,6.0,0.0704862657060583,0.43996173559766,0.71626281997485,0.0,2.0,missense,possibly_low,112
459,urn:mavedb:00000013-a-1#460,p.Leu112Ile,0.578993199705311,0.0901611595188058,7.0,0.0340777151434263,0.512202105348781,0.645784294061842,1.0,1.0,missense,low,112
460,urn:mavedb:00000013-a-1#461,p.Leu112=,0.8275065597977931,0.324444030935644,8.0,0.114708287195046,0.602682448167226,1.05233067142836,0.0,3.0,synonymous,possibly_wt_like,112
484,urn:mavedb:00000013-a-1#485,p.Glu114Ter,-0.0510245249471721,0.0147798844943044,4.0,0.0073899422471521,-0.0655085455994214,-0.0365405042949229,1.0,1.0,nonsense,low,114
469,urn:mavedb:00000013-a-1#470,p.Glu114Ala,0.5082376784696739,0.579069287317978,4.0,0.289534643658989,-0.0592397953785817,1.07571515231793,1.0,2.0,missense,possibly_low,114
478,urn:mavedb:00000013-a-1#479,p.Glu114Gln,0.510210717303975,0.380100468722544,4.0,0.190050234361272,0.137719102702485,0.882702331905465,1.0,2.0,missense,possibly_low,114
476,urn:mavedb:00000013-a-1#477,p.Glu114Met,0.6181360324316479,0.5343735064788779,6.0,0.218157070489182,0.190556031300085,1.04571603356321,0.0,2.0,missense,possibly_low,114
477,urn:mavedb:00000013-a-1#478,p.Glu114Asn,0.628190923752195,0.303898578202175,3.0,0.17545592593137,0.2843036280525809,0.972078219451808,0.0,2.0,missense,possibly_low,114
483,urn:mavedb:00000013-a-1#484,p.Glu114Trp,0.6927385143711751,0.116746502855055,3.0,0.0674036248503133,0.5606298372371121,0.824847191505238,0.0,2.0,missense,possibly_low,114
475,urn:mavedb:00000013-a-1#476,p.Glu114Leu,0.7078797073662041,0.275382515264581,6.0,0.112424441080404,0.487531851866567,0.92822756286584,0.0,3.0,missense,possibly_wt_like,114
472,urn:mavedb:00000013-a-1#473,p.Glu114Phe,0.7146625416098771,0.201213858166626,3.0,0.116170875177185,0.486971810210097,0.942353273009658,0.0,3.0,missense,possibly_wt_like,114
470,urn:mavedb:00000013-a-1#471,p.Glu114Asp,0.7229637277434809,0.343747701811332,3.0,0.198462828174088,0.3339837322523089,1.11194372323465,1.0,3.0,missense,possibly_wt_like,114
482,urn:mavedb:00000013-a-1#483,p.Glu114Val,0.7548174185127821,0.160920094500725,8.0,0.0568938450253213,0.6433075313211489,0.866327305704415,1.0,3.0,missense,possibly_wt_like,114
480,urn:mavedb:00000013-a-1#481,p.Glu114Arg,0.7802839425999629,0.122797640466223,8.0,0.0434155221436868,0.6951910828283361,0.86537680237159,0.0,3.0,missense,possibly_wt_like,114
474,urn:mavedb:00000013-a-1#475,p.Glu114Ile,0.864034853692661,0.132093099223811,4.0,0.0660465496119056,0.7345859951501881,0.993483712235134,0.0,4.0,missense,wt_like,114
481,urn:mavedb:00000013-a-1#482,p.Glu114Ser,0.871775467511266,0.304861179939168,8.0,0.107784703827759,0.660521329924542,1.08302960509799,0.0,3.0,missense,possibly_wt_like,114
473,urn:mavedb:00000013-a-1#474,p.Glu114Gly,0.940457481772768,0.13882753821892,8.0,0.0490829468450165,0.8442566737014421,1.03665828984409,1.0,4.0,missense,wt_like,114
471,urn:mavedb:00000013-a-1#472,p.Glu114=,1.00998542700111,0.209268577937377,6.0,0.0854335391907379,0.8425387671154759,1.17743208688675,0.0,4.0,synonymous,wt_like,114
497,urn:mavedb:00000013-a-1#498,p.Asp115Trp,-0.120022288302585,0.2610899096972769,2.0,0.184618445646328,-0.4818677926511541,0.2418232160459829,0.0,1.0,missense,low,115
498,urn:mavedb:00000013-a-1#499,p.Asp115Ter,0.002836505551117,0.16582943296285,4.0,0.0829147164814251,-0.159673352540826,0.16534636364306,0.0,1.0,nonsense,low,115
488,urn:mavedb:00000013-a-1#489,p.Asp115Leu,0.205793107571642,0.218432422335568,6.0,0.089174663000376,0.0310139797574086,0.3805722353858761,0.0,1.0,missense,low,115
496,urn:mavedb:00000013-a-1#497,p.Asp115Val,0.239621328720006,0.157877014038246,8.0,0.0558179536099638,0.13022014995375,0.349022507486263,1.0,1.0,missense,low,115
491,urn:mavedb:00000013-a-1#492,p.Asp115Pro,0.3416747313369,0.254332744604651,7.0,0.0961287417834875,0.153265859562114,0.530083603111686,0.0,1.0,missense,low,115
489,urn:mavedb:00000013-a-1#490,p.Asp115Met,0.384003978795893,0.142680418054043,8.0,0.0504451455742728,0.2851333102754389,0.482874647316348,0.0,1.0,missense,low,115
493,urn:mavedb:00000013-a-1#494,p.Asp115Arg,0.461144807012787,0.156278833385365,6.0,0.0638005665652623,0.336097994351622,0.5861916196739511,0.0,1.0,missense,low,115
486,urn:mavedb:00000013-a-1#487,p.Asp115Gly,0.531137037646581,0.214149437505224,8.0,0.0757132597236142,0.3827417754361699,0.679532299856991,1.0,1.0,missense,low,115
495,urn:mavedb:00000013-a-1#496,p.Asp115Thr,0.591879459937417,0.1928398951874149,8.0,0.0681791987851623,0.458250685823702,0.7255082340511321,0.0,2.0,missense,possibly_low,115
492,urn:mavedb:00000013-a-1#493,p.Asp115Gln,0.595295125080193,0.167767073200675,4.0,0.0838835366003376,0.430886414447684,0.759703835712702,0.0,2.0,missense,possibly_low,115
487,urn:mavedb:00000013-a-1#488,p.Asp115Lys,0.636559697357054,0.320808651771531,7.0,0.121254273003627,0.398905689298357,0.874213705415751,0.0,2.0,missense,possibly_low,115
485,urn:mavedb:00000013-a-1#486,p.Asp115Ala,0.6750359316788411,0.294467497596995,8.0,0.104109982194934,0.470984116145664,0.8790877472120179,1.0,2.0,missense,possibly_low,115
494,urn:mavedb:00000013-a-1#495,p.Asp115Ser,0.959848534907203,0.134644693351463,8.0,0.0476040878598012,0.866546237185112,1.05315083262929,0.0,4.0,missense,wt_like,115
505,urn:mavedb:00000013-a-1#506,p.Asp116Thr,0.5946815195414499,0.817576631908677,3.0,0.472028088515622,-0.330476533640454,1.5198395727233502,0.0,2.0,missense,possibly_low,116
500,urn:mavedb:00000013-a-1#501,p.Asp116Leu,0.708904337209125,0.5175948138772151,8.0,0.182997401399784,0.35023602120113,1.06757265321712,0.0,3.0,missense,possibly_wt_like,116
507,urn:mavedb:00000013-a-1#508,p.Asp116Trp,0.8056956668787341,0.127171391444344,6.0,0.0519175031530644,0.7039392305314829,0.907452103225985,0.0,3.0,missense,possibly_wt_like,116
504,urn:mavedb:00000013-a-1#505,p.Asp116Ser,0.997795283743758,0.120639767204203,7.0,0.0455975460352925,0.908425735731178,1.08716483175634,0.0,4.0,missense,wt_like,116
499,urn:mavedb:00000013-a-1#500,p.Asp116Gly,0.997870348971538,0.0780398582979716,8.0,0.0275912565026665,0.943792479938105,1.05194821800497,1.0,4.0,missense,wt_like,116
503,urn:mavedb:00000013-a-1#504,p.Asp116Arg,1.02473031628636,0.166585989466304,5.0,0.0744995193091439,0.8787139415748951,1.17074669099783,0.0,4.0,missense,wt_like,116
502,urn:mavedb:00000013-a-1#503,p.Asp116Gln,1.06368147329295,0.645789110717055,3.0,0.3728465169122209,0.33291572838379,1.7944472182021,0.0,3.0,missense,possibly_wt_like,116
506,urn:mavedb:00000013-a-1#507,p.Asp116Val,1.09927986266874,0.088675418232586,2.0,0.0627029895568147,0.97638426141439,1.2221754639230902,1.0,4.0,missense,wt_like,116
516,urn:mavedb:00000013-a-1#517,p.Asn117Gln,0.0435480297296457,0.0926472511718716,4.0,0.0463236255859358,-0.0472446080521065,0.134340667511398,0.0,1.0,missense,low,117
515,urn:mavedb:00000013-a-1#516,p.Asn117Pro,0.175007534280666,0.225034698547621,6.0,0.0918700309771169,-0.005054417693062,0.355069486254394,0.0,1.0,missense,low,117
520,urn:mavedb:00000013-a-1#521,p.Asn117Trp,0.5292731886760921,0.187349545779711,8.0,0.0662380671365267,0.399448962682954,0.659097414669231,0.0,1.0,missense,low,117
519,urn:mavedb:00000013-a-1#520,p.Asn117Val,0.716409046872119,0.174888251705399,8.0,0.0618323343653736,0.595219898435948,0.837598195308289,0.0,3.0,missense,possibly_wt_like,117
521,urn:mavedb:00000013-a-1#522,p.Asn117Tyr,0.8555189688171321,0.1270296086242719,3.0,0.0733405787342764,0.7117740758926261,0.9992638617416378,1.0,4.0,missense,wt_like,117
510,urn:mavedb:00000013-a-1#511,p.Asn117Gly,0.900140392713404,0.175218928496758,8.0,0.0619492462661492,0.7787221011623492,1.02155868426446,0.0,4.0,missense,wt_like,117
509,urn:mavedb:00000013-a-1#510,p.Asn117Cys,0.93475824553961,0.128796433703385,4.0,0.0643982168516924,0.8085400598416931,1.06097643123753,0.0,4.0,missense,wt_like,117
513,urn:mavedb:00000013-a-1#514,p.Asn117Lys,0.9651791398155508,0.278410577362736,5.0,0.124508995327608,0.721145993222173,1.20921228640893,1.0,4.0,missense,wt_like,117
514,urn:mavedb:00000013-a-1#515,p.Asn117Leu,0.974151360915438,0.0787309271316224,8.0,0.0278355862319371,0.919594614412282,1.02870810741859,0.0,4.0,missense,wt_like,117
511,urn:mavedb:00000013-a-1#512,p.Asn117His,0.998092701979364,0.300115240399146,3.0,0.1732716148323559,0.65848657736485,1.3376988265938798,1.0,3.0,missense,possibly_wt_like,117
508,urn:mavedb:00000013-a-1#509,p.Asn117Ala,1.08928545262439,0.0910746491246009,8.0,0.0321997509950954,1.02617510036285,1.15239580488594,0.0,4.0,missense,wt_like,117
517,urn:mavedb:00000013-a-1#518,p.Asn117Arg,1.10902742098947,0.112171742061562,8.0,0.0396586997346193,1.03129779783593,1.18675704414302,0.0,4.0,missense,wt_like,117
518,urn:mavedb:00000013-a-1#519,p.Asn117Ser,1.13021245791319,0.118318445792028,8.0,0.041831887679498,1.04822346465605,1.21220145117033,1.0,4.0,missense,wt_like,117
524,urn:mavedb:00000013-a-1#525,p.His118Cys,0.0683590869156723,0.047955930691168,2.0,0.033909963789837,0.0018967791705344,0.13482139466081,0.0,1.0,missense,low,118
525,urn:mavedb:00000013-a-1#526,p.His118Glu,0.1600696363973739,0.0764935158753919,8.0,0.0270445418961453,0.107063308302544,0.213075964492203,0.0,1.0,missense,low,118
526,urn:mavedb:00000013-a-1#527,p.His118Gly,0.168195863458785,0.135911636012606,8.0,0.0480520197333358,0.0740156353970388,0.262376091520531,0.0,1.0,missense,low,118
527,urn:mavedb:00000013-a-1#528,p.His118Lys,0.312989310387582,0.2650536263688829,5.0,0.118535585248731,0.0806638324136927,0.5453147883614721,0.0,1.0,missense,low,118
528,urn:mavedb:00000013-a-1#529,p.His118Leu,0.322713939735082,0.3314292198714719,8.0,0.117177924427243,0.0930494280745308,0.552378451395634,1.0,1.0,missense,low,118
530,urn:mavedb:00000013-a-1#531,p.His118Trp,0.454930569767326,0.332985162242904,4.0,0.166492581121452,0.128611107076167,0.7812500324584849,0.0,2.0,missense,possibly_low,118
522,urn:mavedb:00000013-a-1#523,p.His118Ala,0.460268390672793,0.208972969680661,6.0,0.0853128576252867,0.293058262309038,0.6274785190365479,0.0,1.0,missense,low,118
529,urn:mavedb:00000013-a-1#530,p.His118Arg,0.7909528834879699,0.170447315157761,7.0,0.064423029649441,0.66468606560011,0.91721970137583,1.0,3.0,missense,possibly_wt_like,118
541,urn:mavedb:00000013-a-1#542,p.Val119Ser,0.093582830590197,0.1346211940378009,8.0,0.0475957795977796,0.0002968167624427,0.186868844417951,0.0,1.0,missense,low,119
540,urn:mavedb:00000013-a-1#541,p.Val119Arg,0.158681176779187,0.135432691799692,8.0,0.0478826873829549,0.0648328340256044,0.252529519532769,0.0,1.0,missense,low,119
532,urn:mavedb:00000013-a-1#533,p.Val119Glu,0.1874814005207469,0.0673913210105854,4.0,0.0336956605052927,0.121439119495085,0.25352368154641,0.0,1.0,missense,low,119
533,urn:mavedb:00000013-a-1#534,p.Val119Gly,0.20115091456863,0.0664157203426146,8.0,0.0234815031158261,0.155128014158746,0.247173814978514,1.0,1.0,missense,low,119
544,urn:mavedb:00000013-a-1#545,p.Val119Trp,0.3071676637552561,0.347552211468886,6.0,0.141887596179108,0.0290730853912417,0.585262242119269,0.0,1.0,missense,low,119
538,urn:mavedb:00000013-a-1#539,p.Val119Asn,0.34587735544776,0.401244505417598,7.0,0.151656168038011,0.0486367280599047,0.6431179828356149,0.0,1.0,missense,low,119
536,urn:mavedb:00000013-a-1#537,p.Val119Lys,0.354598231714038,0.219941893850071,5.0,0.0983610051497604,0.161814204137349,0.547382259290727,0.0,1.0,missense,low,119
537,urn:mavedb:00000013-a-1#538,p.Val119Leu,0.4118508421823449,0.195428829024662,8.0,0.0690945251213426,0.276428061415616,0.547273622949075,1.0,1.0,missense,low,119
531,urn:mavedb:00000013-a-1#532,p.Val119Ala,0.41494981888551,0.294315716925082,8.0,0.104056319623753,0.211003180059166,0.618896457711853,1.0,1.0,missense,low,119
539,urn:mavedb:00000013-a-1#540,p.Val119Gln,0.4155936923462921,0.570358525069429,7.0,0.2155752593541869,-0.0069260519457948,0.83811343663838,0.0,2.0,missense,possibly_low,119
542,urn:mavedb:00000013-a-1#543,p.Val119Thr,0.5410693826657871,0.166383345497813,4.0,0.0831916727489065,0.378016700264288,0.7041220650672859,0.0,1.0,missense,low,119
535,urn:mavedb:00000013-a-1#536,p.Val119Ile,0.8228288007856859,0.149929534670124,2.0,0.106016190665388,0.6150408853033941,1.03061671626798,1.0,3.0,missense,possibly_wt_like,119
543,urn:mavedb:00000013-a-1#544,p.Val119=,0.940107117698652,0.310421549819184,5.0,0.138824737415307,0.668015632201421,1.2121986031958798,0.0,3.0,synonymous,possibly_wt_like,119
547,urn:mavedb:00000013-a-1#548,p.Ala120Glu,-0.0751924818886593,0.035368804085578,4.0,0.017684402042789,-0.109853272980652,-0.0405316907966663,1.0,1.0,missense,low,120
550,urn:mavedb:00000013-a-1#551,p.Ala120Gln,0.108151132976768,0.0986010161399084,4.0,0.0493005080699542,0.0115239127401317,0.204778353213405,0.0,1.0,missense,low,120
551,urn:mavedb:00000013-a-1#552,p.Ala120Arg,0.139188481413938,0.0726243909247239,8.0,0.0256765996512075,0.0888632708521178,0.1895136919757589,0.0,1.0,missense,low,120
554,urn:mavedb:00000013-a-1#555,p.Ala120Trp,0.330289771678847,0.224689697255722,5.0,0.100484287381528,0.133344187398878,0.527235355958815,0.0,1.0,missense,low,120
548,urn:mavedb:00000013-a-1#549,p.Ala120Phe,0.449809071726941,0.258547419595294,5.0,0.115625921124448,0.223186430643755,0.6764317128101272,0.0,1.0,missense,low,120
552,urn:mavedb:00000013-a-1#553,p.Ala120Thr,0.484374764796794,0.8108848088834392,4.0,0.40544240444172,-0.3102777457142981,1.27902727530789,1.0,2.0,missense,possibly_low,120
549,urn:mavedb:00000013-a-1#550,p.Ala120Gly,0.5876281011889319,0.212489718325434,8.0,0.0751264603801669,0.44038294455783,0.7348732578200351,1.0,2.0,missense,possibly_low,120
553,urn:mavedb:00000013-a-1#554,p.Ala120Val,0.7183449160941809,0.4066124116091021,4.0,0.203306205804551,0.319872074883774,1.11681775730459,1.0,3.0,missense,possibly_wt_like,120
546,urn:mavedb:00000013-a-1#547,p.Ala120=,1.0033961129454698,0.093701231917858,3.0,0.0540984314711748,0.8973651356418609,1.1094270902490802,0.0,4.0,synonymous,wt_like,120
566,urn:mavedb:00000013-a-1#567,p.Ala121Pro,0.0962205493791599,0.164959184340895,6.0,0.0673443050034836,-0.0357718629915484,0.228212961749868,1.0,1.0,missense,low,121
559,urn:mavedb:00000013-a-1#560,p.Ala121Asp,0.200179743418701,0.267205712459883,5.0,0.119498027407312,-0.0340320865232112,0.434391573360614,0.0,1.0,missense,low,121
564,urn:mavedb:00000013-a-1#565,p.Ala121Lys,0.2260922448675009,0.17989491926751,5.0,0.0804514536577978,0.0684102931943246,0.383774196540678,0.0,1.0,missense,low,121
560,urn:mavedb:00000013-a-1#561,p.Ala121Glu,0.240164364576751,0.0923074489452843,4.0,0.0461537244726421,0.149704726857987,0.330624002295514,1.0,1.0,missense,low,121
569,urn:mavedb:00000013-a-1#570,p.Ala121Thr,0.338048905479989,0.143937328736566,7.0,0.0544031966022722,0.231420599495684,0.444677211464295,1.0,1.0,missense,low,121
562,urn:mavedb:00000013-a-1#563,p.Ala121Gly,0.481194726696322,0.152480891525584,8.0,0.0539101361995555,0.375532801343544,0.5868566520491,1.0,1.0,missense,low,121
567,urn:mavedb:00000013-a-1#568,p.Ala121Ser,0.501170639731953,0.14706373352878,3.0,0.0849072861408726,0.334755416870805,0.6675858625931,1.0,1.0,missense,low,121
572,urn:mavedb:00000013-a-1#573,p.Ala121Tyr,0.7174414968655871,0.625705673089709,3.0,0.361251338791819,0.0094018834667434,1.42548111026443,0.0,3.0,missense,possibly_wt_like,121
571,urn:mavedb:00000013-a-1#572,p.Ala121Trp,0.7214854060101409,0.523746891018276,4.0,0.261873445509138,0.208222884304818,1.2347479277154598,0.0,3.0,missense,possibly_wt_like,121
558,urn:mavedb:00000013-a-1#559,p.Ala121Cys,0.904566394600414,0.245128335632254,3.0,0.1415249105632869,0.627182666981119,1.18195012221971,0.0,3.0,missense,possibly_wt_like,121
565,urn:mavedb:00000013-a-1#566,p.Ala121Leu,1.06013064436031,0.278399936719902,5.0,0.124504236687468,0.8161068245302221,1.3041544641904,0.0,4.0,missense,wt_like,121
561,urn:mavedb:00000013-a-1#562,p.Ala121Phe,1.09698040613671,0.1479188409180299,6.0,0.0603876139321817,0.978622857717327,1.2153379545561,0.0,4.0,missense,wt_like,121
563,urn:mavedb:00000013-a-1#564,p.Ala121Ile,1.11934116990608,0.22264224795483,4.0,0.111321123977415,0.9011557761918292,1.3375265636203302,0.0,4.0,missense,wt_like,121
570,urn:mavedb:00000013-a-1#571,p.Ala121Val,1.12155048127224,0.208375878866568,5.0,0.0931885260033814,0.93890432653324,1.30419663601124,1.0,4.0,missense,wt_like,121
555,urn:mavedb:00000013-a-1#556,p.Ala121=,1.1262182865013302,0.101114725099205,4.0,0.0505573625496024,1.02712767675078,1.22530889625189,0.0,4.0,synonymous,wt_like,121
589,urn:mavedb:00000013-a-1#590,p.Ile122Ter,0.0178340313421479,0.10073253193338,7.0,0.0380733183470852,-0.056788301390067,0.0924563640743629,0.0,1.0,nonsense,low,122
588,urn:mavedb:00000013-a-1#589,p.Ile122Trp,0.0879205485893131,0.16454863627498,2.0,0.116353456545037,-0.140128035715706,0.315969132894332,0.0,1.0,missense,low,122
576,urn:mavedb:00000013-a-1#577,p.Ile122Glu,0.1495778950497409,0.13837285537875,7.0,0.0523000233620112,0.0470717328695953,0.252084057229886,0.0,1.0,missense,low,122
582,urn:mavedb:00000013-a-1#583,p.Ile122Pro,0.149769761324378,0.204713035456042,7.0,0.0773742545642622,-0.0018809909522094,0.301420513600966,0.0,1.0,missense,low,122
575,urn:mavedb:00000013-a-1#576,p.Ile122Asp,0.16812573894914,0.139757876896588,6.0,0.0570559143218909,0.0562982017732313,0.27995327612505,0.0,1.0,missense,low,122
585,urn:mavedb:00000013-a-1#586,p.Ile122Ser,0.193858106252861,0.4028752525482821,7.0,0.152272532517871,-0.104590573316869,0.492306785822591,1.0,1.0,missense,low,122
577,urn:mavedb:00000013-a-1#578,p.Ile122Gly,0.214501889296299,0.101844323450492,8.0,0.0360074058685996,0.143928670617127,0.28507510797547,0.0,1.0,missense,low,122
584,urn:mavedb:00000013-a-1#585,p.Ile122Arg,0.238123244240613,0.124067512820627,7.0,0.0468931121008139,0.146214433400019,0.330032055081208,0.0,1.0,missense,low,122
586,urn:mavedb:00000013-a-1#587,p.Ile122Thr,0.249643954007888,0.1476782357524209,4.0,0.0738391178762106,0.104921942320307,0.394365965695468,1.0,1.0,missense,low,122
573,urn:mavedb:00000013-a-1#574,p.Ile122Ala,0.263434455730978,0.1040522051243309,4.0,0.0520261025621656,0.161465168453146,0.3654037430088089,0.0,1.0,missense,low,122
583,urn:mavedb:00000013-a-1#584,p.Ile122Gln,0.277159709878853,0.264638277347251,7.0,0.100023867035624,0.0811165328946076,0.473202886863098,0.0,1.0,missense,low,122
581,urn:mavedb:00000013-a-1#582,p.Ile122Asn,0.298420609915238,0.0049011853729066,3.0,0.0028297006943958,0.2928744984671939,0.303966721363282,1.0,1.0,missense,low,122
574,urn:mavedb:00000013-a-1#575,p.Ile122Cys,0.333566830938785,0.217849751721864,7.0,0.0823394666047454,0.172184441887245,0.494949219990324,0.0,1.0,missense,low,122
580,urn:mavedb:00000013-a-1#581,p.Ile122Met,0.6410941657984399,0.28285423370027,4.0,0.141427116850135,0.3639021103348379,0.918286221262042,1.0,2.0,missense,possibly_low,122
578,urn:mavedb:00000013-a-1#579,p.Ile122Leu,0.7851882973603749,0.270305564216292,3.0,0.15606099026373,0.479314377051809,1.09106221766894,1.0,3.0,missense,possibly_wt_like,122
587,urn:mavedb:00000013-a-1#588,p.Ile122Val,1.00609395105509,0.144056111025281,7.0,0.0544480920874289,0.899377651536809,1.11281025057337,1.0,4.0,missense,wt_like,122
599,urn:mavedb:00000013-a-1#600,p.His123Ter,-0.0781392548596916,0.0193920642863975,4.0,0.0096960321431987,-0.0971431286533039,-0.0591353810660793,0.0,1.0,nonsense,low,123
596,urn:mavedb:00000013-a-1#597,p.His123Arg,0.407828388074956,0.249447278768154,5.0,0.1115562144255869,0.189182225549179,0.626474550600734,1.0,1.0,missense,low,123
591,urn:mavedb:00000013-a-1#592,p.His123Ala,0.92939795275468,0.125218453035012,8.0,0.0442714086353731,0.842627586284494,1.01616831922487,0.0,4.0,missense,wt_like,123
592,urn:mavedb:00000013-a-1#593,p.His123Gly,0.947056099967402,0.1543051207811,8.0,0.0545550986380626,0.8401300714637691,1.05398212847103,0.0,4.0,missense,wt_like,123
598,urn:mavedb:00000013-a-1#599,p.His123Thr,0.976850248109042,0.175113772675813,3.0,0.101101983793192,0.7786940011088341,1.17500649510925,0.0,4.0,missense,wt_like,123
594,urn:mavedb:00000013-a-1#595,p.His123Leu,0.98056341760564,0.262803572493416,8.0,0.0929150941150724,0.7984531795199491,1.1626736556913302,1.0,4.0,missense,wt_like,123
597,urn:mavedb:00000013-a-1#598,p.His123Ser,1.00145412752937,0.317213461087414,7.0,0.119895418651337,0.7664634250613961,1.23644482999734,0.0,4.0,missense,wt_like,123
593,urn:mavedb:00000013-a-1#594,p.His123Ile,1.07997988798962,0.1274425574338169,7.0,0.0481687590594207,0.98557085505317,1.17438892092607,0.0,4.0,missense,wt_like,123
595,urn:mavedb:00000013-a-1#596,p.His123Met,1.25065704317806,0.12901819886519,2.0,0.0912296433140507,1.07185022796009,1.42946385839604,0.0,4.0,missense,wt_like,123
616,urn:mavedb:00000013-a-1#617,p.Cys124Ter,-0.0093569823123918,0.0673247227142223,3.0,0.0388699467821732,-0.0855406780864398,0.0668267134616561,1.0,1.0,nonsense,low,124
611,urn:mavedb:00000013-a-1#612,p.Cys124Arg,0.280032695674395,0.166284831715288,8.0,0.058790566057172,0.164805303571615,0.395260087777175,1.0,1.0,missense,low,124
614,urn:mavedb:00000013-a-1#615,p.Cys124Val,0.389667514415497,0.252869704948984,8.0,0.0894029415630341,0.214440968840012,0.564894059990983,0.0,1.0,missense,low,124
606,urn:mavedb:00000013-a-1#607,p.Cys124Leu,0.398876294258155,0.141399748696034,8.0,0.0499923605805196,0.300893068018197,0.496859520498113,0.0,1.0,missense,low,124
603,urn:mavedb:00000013-a-1#604,p.Cys124Phe,0.4130968335634969,0.148606368348763,6.0,0.0606682958304258,0.294189158732441,0.532004508394553,1.0,1.0,missense,low,124
615,urn:mavedb:00000013-a-1#616,p.Cys124Trp,0.4393633038821311,0.33253135985018,5.0,0.148712545055089,0.147892071524865,0.730834536239396,1.0,2.0,missense,possibly_low,124
610,urn:mavedb:00000013-a-1#611,p.Cys124Gln,0.450052995695725,0.0296164258275155,3.0,0.0170990514239507,0.416539470734984,0.483566520656467,0.0,1.0,missense,low,124
617,urn:mavedb:00000013-a-1#618,p.Cys124Tyr,0.507867404039742,0.208683133278982,5.0,0.0933259343538904,0.324951933882568,0.690782874196917,1.0,1.0,missense,low,124
608,urn:mavedb:00000013-a-1#609,p.Cys124Asn,0.51565410455757,0.273130559701974,5.0,0.122147699645236,0.276249012458492,0.7550591966566479,0.0,2.0,missense,possibly_low,124
607,urn:mavedb:00000013-a-1#608,p.Cys124Met,0.581501189925714,0.212915699087691,8.0,0.0752770673229903,0.433960849110856,0.7290415307405721,0.0,2.0,missense,possibly_low,124
605,urn:mavedb:00000013-a-1#606,p.Cys124His,0.667966573997812,0.163444442453754,8.0,0.0577863368031521,0.5547074350651329,0.781225712930492,0.0,2.0,missense,possibly_low,124
609,urn:mavedb:00000013-a-1#610,p.Cys124Pro,0.723189258925915,0.116890392486257,7.0,0.0441804155959099,0.6365972355359201,0.8097812823159101,0.0,3.0,missense,possibly_wt_like,124
604,urn:mavedb:00000013-a-1#605,p.Cys124Gly,0.8166478932965809,0.287948882883918,7.0,0.108834447772816,0.603336295384557,1.0299594912086,1.0,3.0,missense,possibly_wt_like,124
602,urn:mavedb:00000013-a-1#603,p.Cys124Glu,1.03768406843696,0.208682106958254,8.0,0.0737802664712388,0.893077403383567,1.18229073349036,0.0,4.0,missense,wt_like,124
600,urn:mavedb:00000013-a-1#601,p.Cys124Asp,1.10300538193787,0.224780378432911,5.0,0.100524841236823,0.905980313562092,1.30003045031365,0.0,4.0,missense,wt_like,124
613,urn:mavedb:00000013-a-1#614,p.Cys124Ser,1.13746760599211,0.258371764379297,6.0,0.10547983111198,0.9307309359172622,1.34420427606696,1.0,4.0,missense,wt_like,124
624,urn:mavedb:00000013-a-1#625,p.Lys125His,-0.165354450862333,0.258822436274747,2.0,0.183015099813096,-0.524057455123005,0.193348553398339,0.0,1.0,missense,low,125
629,urn:mavedb:00000013-a-1#630,p.Lys125Gln,0.6851399539833539,0.23811137376208,3.0,0.137473665738648,0.415696520312906,0.9545833876538028,1.0,2.0,missense,possibly_low,125
619,urn:mavedb:00000013-a-1#620,p.Lys125Cys,0.8811684474124319,0.517317411340932,2.0,0.365798649585043,0.164216268632359,1.5981206261925,0.0,3.0,missense,possibly_wt_like,125
630,urn:mavedb:00000013-a-1#631,p.Lys125Arg,0.918848929356298,0.0872502134895964,8.0,0.0308476088092338,0.858388727081019,0.9793091316315772,1.0,4.0,missense,wt_like,125
626,urn:mavedb:00000013-a-1#627,p.Lys125Leu,0.933558095214583,0.0691004312047642,3.0,0.0398951525571898,0.8553650330447601,1.01175115738441,0.0,4.0,missense,wt_like,125
625,urn:mavedb:00000013-a-1#626,p.Lys125=,0.956604756682235,0.277994953161271,8.0,0.0982860582579859,0.763967622314177,1.14924189105029,0.0,4.0,synonymous,wt_like,125
627,urn:mavedb:00000013-a-1#628,p.Lys125Met,0.957427451832614,0.35046602076955,5.0,0.1567331692489129,0.650236084921923,1.2646188187433,0.0,3.0,missense,possibly_wt_like,125
631,urn:mavedb:00000013-a-1#632,p.Lys125Val,0.965959627332135,0.147007276733341,7.0,0.055563527879039,0.8570571138352321,1.0748621408290402,0.0,4.0,missense,wt_like,125
628,urn:mavedb:00000013-a-1#629,p.Lys125Pro,0.9661061132087588,0.2821365680538449,8.0,0.0997503402457869,0.7705990388814001,1.1616131875361202,0.0,4.0,missense,wt_like,125
621,urn:mavedb:00000013-a-1#622,p.Lys125Glu,1.00954977744054,0.0788030174927643,4.0,0.0394015087463821,0.9323242393610932,1.08677531551999,1.0,4.0,missense,wt_like,125
618,urn:mavedb:00000013-a-1#619,p.Lys125Ala,1.03132143838353,0.0886516816242078,7.0,0.0335071861264755,0.965648560352359,1.0969943164147,0.0,4.0,missense,wt_like,125
620,urn:mavedb:00000013-a-1#621,p.Lys125Asp,1.11801068090184,0.304851101747307,5.0,0.1363335573045369,0.8508018187007171,1.38521954310296,0.0,4.0,missense,wt_like,125
622,urn:mavedb:00000013-a-1#623,p.Lys125Gly,1.18435686094925,0.110946009022209,8.0,0.0392253376625941,1.10747661184914,1.26123711004936,0.0,4.0,missense,wt_like,125
639,urn:mavedb:00000013-a-1#640,p.Ala126Leu,0.57684706423474,0.167195472976603,6.0,0.0682572660159951,0.44306528116022,0.7106288473092601,0.0,2.0,missense,possibly_low,126
636,urn:mavedb:00000013-a-1#637,p.Ala126Phe,0.618592456963401,0.235945562495306,7.0,0.0891790401874041,0.443804750020239,0.7933801639065641,0.0,2.0,missense,possibly_low,126
632,urn:mavedb:00000013-a-1#633,p.Ala126=,0.7773160242522441,0.297486451289966,7.0,0.112439309789197,0.5569390266188761,0.9976930218856128,0.0,3.0,synonymous,possibly_wt_like,126
638,urn:mavedb:00000013-a-1#639,p.Ala126Lys,0.8174971561788441,0.468371373517166,5.0,0.209462045979866,0.4069590899302341,1.22803522242745,0.0,3.0,missense,possibly_wt_like,126
641,urn:mavedb:00000013-a-1#642,p.Ala126Arg,0.8237180394495781,0.261594770133098,5.0,0.116988737715208,0.594424326930968,1.05301175196819,0.0,3.0,missense,possibly_wt_like,126
635,urn:mavedb:00000013-a-1#636,p.Ala126Glu,0.92488341633877,0.1165117877334359,8.0,0.04119313759724,0.844146350237977,1.00562048243956,0.0,4.0,missense,wt_like,126
643,urn:mavedb:00000013-a-1#644,p.Ala126Thr,1.01959242149309,0.195505506189154,8.0,0.0691216345928297,0.884116507138606,1.15506833584757,1.0,4.0,missense,wt_like,126
637,urn:mavedb:00000013-a-1#638,p.Ala126Gly,1.0326675542613102,0.139462244597428,8.0,0.049307349437169,0.936026925191327,1.12930818333129,1.0,4.0,missense,wt_like,126
640,urn:mavedb:00000013-a-1#641,p.Ala126Asn,1.08184198377411,0.418979261537587,6.0,0.1710475672625319,0.746594912296356,1.41708905525186,0.0,4.0,missense,wt_like,126
642,urn:mavedb:00000013-a-1#643,p.Ala126Ser,1.08663809349629,0.3560908267575639,5.0,0.159248658958803,0.7745164573507379,1.39875972964185,1.0,4.0,missense,wt_like,126
633,urn:mavedb:00000013-a-1#634,p.Ala126Cys,1.1259251164455,0.0895860022101694,6.0,0.0365733322517935,1.05424270243737,1.19760753045363,0.0,4.0,missense,wt_like,126
647,urn:mavedb:00000013-a-1#648,p.Lys128Ala,0.460194248238517,0.4480461476907729,4.0,0.224023073845387,0.0211170917956023,0.899271404681432,0.0,2.0,missense,possibly_low,128
650,urn:mavedb:00000013-a-1#651,p.Lys128Leu,0.979795106577036,0.173823667866748,8.0,0.0614559471396477,0.85934366354753,1.10024654960654,0.0,4.0,missense,wt_like,128
648,urn:mavedb:00000013-a-1#649,p.Lys128Asp,1.15875446518548,0.1445990874345709,6.0,0.0590323302477982,1.04305322397632,1.27445570639463,0.0,4.0,missense,wt_like,128
649,urn:mavedb:00000013-a-1#650,p.Lys128Gly,1.17545420502553,0.0697420190169555,4.0,0.0348710095084778,1.10710828228436,1.2438001277667,0.0,4.0,missense,wt_like,128
651,urn:mavedb:00000013-a-1#652,p.Lys128Met,1.21968691754827,0.211164116142028,4.0,0.105582058071014,1.01274988631547,1.42662394878107,1.0,4.0,missense,wt_like,128
669,urn:mavedb:00000013-a-1#670,p.Gly129Ter,0.17804414965812,0.505696726745662,5.0,0.226154451400487,-0.2652104300302489,0.621298729346489,1.0,1.0,nonsense,low,129
658,urn:mavedb:00000013-a-1#659,p.Gly129Lys,0.333841802150911,0.153372129440744,2.0,0.108450472772571,0.121282781410331,0.546400822891492,0.0,1.0,missense,low,129
659,urn:mavedb:00000013-a-1#660,p.Gly129Leu,0.432872020655971,0.0977042682261865,7.0,0.0369287422508628,0.3604930158499171,0.5052510254620239,0.0,1.0,missense,low,129
662,urn:mavedb:00000013-a-1#663,p.Gly129Arg,0.488615062431636,0.156169766781228,7.0,0.0590266236014408,0.37292500604381,0.604305118819462,1.0,1.0,missense,low,129
660,urn:mavedb:00000013-a-1#661,p.Gly129Met,0.495047448383101,0.11479750904353,4.0,0.0573987545217648,0.382547956762986,0.6075469400032161,0.0,1.0,missense,low,129
653,urn:mavedb:00000013-a-1#654,p.Gly129Cys,0.5119466704319799,0.0672258554547144,3.0,0.0388128657432822,0.435874851438358,0.5880184894256011,0.0,1.0,missense,low,129
665,urn:mavedb:00000013-a-1#666,p.Gly129Val,0.5416076651352779,0.206608628330862,8.0,0.0730471810722019,0.398437821061586,0.6847775092089691,1.0,1.0,missense,low,129
654,urn:mavedb:00000013-a-1#655,p.Gly129Asp,0.652044576276189,0.451920061111759,3.0,0.260916168935066,0.140658282179291,1.16343087037309,0.0,2.0,missense,possibly_low,129
664,urn:mavedb:00000013-a-1#665,p.Gly129Thr,0.6635858898204421,0.135026076177785,8.0,0.0477389270511615,0.5700193121395799,0.7571524675013029,0.0,2.0,missense,possibly_low,129
652,urn:mavedb:00000013-a-1#653,p.Gly129Ala,0.690961977489697,0.26833059888361,5.0,0.120001091909396,0.4557641592418,0.926159795737595,1.0,2.0,missense,possibly_low,129
663,urn:mavedb:00000013-a-1#664,p.Gly129Ser,0.7208341524514058,0.262950456597705,7.0,0.0993859307554874,0.526041307600659,0.9156269973021528,0.0,3.0,missense,possibly_wt_like,129
655,urn:mavedb:00000013-a-1#656,p.Gly129Glu,0.755334938294823,0.35058553502454,6.0,0.143125945335127,0.474813240184725,1.03585663640492,1.0,3.0,missense,possibly_wt_like,129
661,urn:mavedb:00000013-a-1#662,p.Gly129Pro,0.8040057196416409,0.104942763733531,6.0,0.0428427038907672,0.7200355630154229,0.8879758762678579,0.0,4.0,missense,wt_like,129
666,urn:mavedb:00000013-a-1#667,p.Gly129Trp,0.914434849095176,0.07132102337508,6.0,0.0291166858670096,0.8573671934466709,0.9715025047436808,0.0,4.0,missense,wt_like,129
657,urn:mavedb:00000013-a-1#658,p.Gly129=,1.04942979141864,0.0945071827997859,8.0,0.0334133349142826,0.983940858383272,1.11491872445401,0.0,4.0,synonymous,wt_like,129
678,urn:mavedb:00000013-a-1#679,p.Arg130Ser,0.7597559642210241,0.347792957029493,8.0,0.122963379182238,0.518752169606495,1.00075975883555,0.0,3.0,missense,possibly_wt_like,130
677,urn:mavedb:00000013-a-1#678,p.Arg130=,0.8213331387712041,0.415744233681374,8.0,0.1469877834376519,0.533242377066033,1.1094239004763795,0.0,3.0,synonymous,possibly_wt_like,130
681,urn:mavedb:00000013-a-1#682,p.Arg130Val,0.837947088602966,0.516722089568392,8.0,0.182688846761346,0.47988352857357,1.19601064863236,0.0,3.0,missense,possibly_wt_like,130
680,urn:mavedb:00000013-a-1#681,p.Arg130Thr,0.919097654261724,0.6646797817327359,5.0,0.2972538350448239,0.336490843307458,1.50170446521599,0.0,3.0,missense,possibly_wt_like,130
675,urn:mavedb:00000013-a-1#676,p.Arg130Met,0.964812697532995,0.221108801062801,7.0,0.0835712714714035,0.8010160153068249,1.12860937975917,0.0,4.0,missense,wt_like,130
671,urn:mavedb:00000013-a-1#672,p.Arg130Asp,0.967356670060968,0.0905548583948895,2.0,0.0640319544404139,0.841856345498047,1.09285699462389,0.0,4.0,missense,wt_like,130
673,urn:mavedb:00000013-a-1#674,p.Arg130Gly,1.08519791687069,0.0702895159953294,8.0,0.0248510967033088,1.03649066235588,1.13390517138549,1.0,4.0,missense,wt_like,130
672,urn:mavedb:00000013-a-1#673,p.Arg130Phe,1.08679256010431,0.0971852878612344,8.0,0.0343601880391228,1.01944782904561,1.15413729116302,0.0,4.0,missense,wt_like,130
676,urn:mavedb:00000013-a-1#677,p.Arg130Pro,1.15629126640123,0.0844615069987636,6.0,0.0344812658422469,1.08870922720908,1.22387330559339,1.0,4.0,missense,wt_like,130
674,urn:mavedb:00000013-a-1#675,p.Arg130Leu,1.19384659313195,0.0942453691465281,7.0,0.0356214012830276,1.12402992953837,1.26366325672554,1.0,4.0,missense,wt_like,130
670,urn:mavedb:00000013-a-1#671,p.Arg130Ala,1.27756247327141,0.1684062790416919,3.0,0.0972294105379439,1.08699633037898,1.46812861616384,0.0,4.0,missense,wt_like,130
689,urn:mavedb:00000013-a-1#690,p.Thr131Ter,-0.0856921283518925,0.0180619492919385,2.0,0.0127717268257773,-0.1107242529508,-0.0606600037529849,0.0,1.0,nonsense,low,131
688,urn:mavedb:00000013-a-1#689,p.Thr131Arg,0.258811363100666,0.185676743332095,8.0,0.0656466421593794,0.130146308762294,0.3874764174390379,0.0,1.0,missense,low,131
685,urn:mavedb:00000013-a-1#686,p.Thr131Lys,0.367281526072511,0.133922171967705,4.0,0.0669610859838525,0.23604020917847,0.498522842966552,0.0,1.0,missense,low,131
687,urn:mavedb:00000013-a-1#688,p.Thr131Asn,0.4180235750450539,0.0712605263693833,6.0,0.0290919880678558,0.361004326193388,0.475042823896721,1.0,1.0,missense,low,131
684,urn:mavedb:00000013-a-1#685,p.Thr131Ile,0.72384315974061,0.541589648274504,4.0,0.270794824137252,0.1930950572317389,1.25459126224948,1.0,3.0,missense,possibly_wt_like,131
683,urn:mavedb:00000013-a-1#684,p.Thr131Gly,0.724971195686952,0.469315728322695,6.0,0.191597343775543,0.349447302353349,1.10049508902056,0.0,3.0,missense,possibly_wt_like,131
682,urn:mavedb:00000013-a-1#683,p.Thr131Asp,0.7575615317389859,0.0452896522193659,2.0,0.032024620201894,0.6947944295246999,0.8203286339532719,0.0,3.0,missense,possibly_wt_like,131
686,urn:mavedb:00000013-a-1#687,p.Thr131Leu,1.1218054212048,0.1633016496823719,5.0,0.0730307179055281,0.978667844344865,1.26494299806474,0.0,4.0,missense,wt_like,131
691,urn:mavedb:00000013-a-1#692,p.Val133Asp,0.190712301038793,0.224946315818744,3.0,0.129872815991166,-0.0638337408746902,0.445258342952277,0.0,1.0,missense,low,133
698,urn:mavedb:00000013-a-1#699,p.Val133Arg,0.269020732730467,0.39838108391225,2.0,0.281697965930799,-0.28309713501209,0.821138600473025,0.0,2.0,missense,possibly_low,133
700,urn:mavedb:00000013-a-1#701,p.Val133Trp,0.276793145363202,0.179133554201276,3.0,0.103422805739001,0.0740881709346775,0.479498119791726,0.0,1.0,missense,low,133
692,urn:mavedb:00000013-a-1#693,p.Val133Phe,0.313306977426417,0.401275605263771,3.0,0.231676578718268,-0.140770772922848,0.7673847277756809,0.0,2.0,missense,possibly_low,133
695,urn:mavedb:00000013-a-1#696,p.Val133Lys,0.359912539535176,0.0521274510875347,6.0,0.0212809427927247,0.318202658104378,0.401622420965973,0.0,1.0,missense,low,133
693,urn:mavedb:00000013-a-1#694,p.Val133Gly,0.365280688197905,0.150377287793144,7.0,0.0568372723332927,0.253881681445157,0.476679694950654,1.0,1.0,missense,low,133
702,urn:mavedb:00000013-a-1#703,p.Val133Tyr,0.5613581611935079,0.0362134050313997,3.0,0.0209078191431516,0.520379588677654,0.602336733709362,0.0,1.0,missense,low,133
697,urn:mavedb:00000013-a-1#698,p.Val133Gln,0.567316432499174,0.0579867299694316,2.0,0.0410028099802183,0.486952401673006,0.647680463325341,0.0,1.0,missense,low,133
699,urn:mavedb:00000013-a-1#700,p.Val133Ser,0.6402296915825649,0.104437440991449,3.0,0.0602969846698885,0.52204977325322,0.75840960991191,0.0,2.0,missense,possibly_low,133
694,urn:mavedb:00000013-a-1#695,p.Val133Ile,1.07610643552333,0.0189453224578945,2.0,0.013396365981743,1.0498500406754,1.10236283037126,1.0,4.0,missense,wt_like,133
696,urn:mavedb:00000013-a-1#697,p.Val133Leu,1.14218685219868,0.1493056802348769,3.0,0.0862016746751462,0.973234674428359,1.31113902996901,1.0,4.0,missense,wt_like,133
717,urn:mavedb:00000013-a-1#718,p.Met134Ter,0.0351624264989441,0.1458399559360469,6.0,0.0595389126922163,-0.0815316980564745,0.151856551054363,0.0,1.0,nonsense,low,134
708,urn:mavedb:00000013-a-1#709,p.Met134His,0.127233730500368,0.058706075221428,2.0,0.0415114638859193,0.045872756338431,0.208594704662305,0.0,1.0,missense,low,134
710,urn:mavedb:00000013-a-1#711,p.Met134Gln,0.149169175536742,0.190035884481933,5.0,0.0849866311731797,-0.0174015607300795,0.315739911803563,0.0,1.0,missense,low,134
705,urn:mavedb:00000013-a-1#706,p.Met134Glu,0.194870682339622,0.0586136904298024,6.0,0.0239289389157449,0.147970823876503,0.241770540802741,0.0,1.0,missense,low,134
711,urn:mavedb:00000013-a-1#712,p.Met134Arg,0.308214565928125,0.236403384138634,7.0,0.0893520805035568,0.13308770619743,0.48334142565882,1.0,1.0,missense,low,134
714,urn:mavedb:00000013-a-1#715,p.Met134Thr,0.3754036010266609,0.224104378683508,7.0,0.0847034933881724,0.209387804621117,0.541419397432206,1.0,1.0,missense,low,134
713,urn:mavedb:00000013-a-1#714,p.Met134Ser,0.43817981544023,0.0808875288610055,4.0,0.0404437644305028,0.358911493757223,0.517448137123238,0.0,1.0,missense,low,134
707,urn:mavedb:00000013-a-1#708,p.Met134Gly,0.563678267446083,0.0671886166583687,8.0,0.0237547632288379,0.517119787056284,0.6102367478358821,0.0,1.0,missense,low,134
709,urn:mavedb:00000013-a-1#710,p.Met134Ile,0.566351498808271,0.2449891510753769,8.0,0.0866167450212674,0.396585798108498,0.7361171995080441,1.0,2.0,missense,possibly_low,134
716,urn:mavedb:00000013-a-1#717,p.Met134Trp,0.62629988382651,0.115188330101102,5.0,0.0515137872641498,0.5253347160815179,0.7272650515715021,0.0,2.0,missense,possibly_low,134
715,urn:mavedb:00000013-a-1#716,p.Met134Val,0.7663326859243209,0.1735358842295679,8.0,0.0613542002589654,0.646080663116491,0.8865847087321509,1.0,3.0,missense,possibly_wt_like,134
704,urn:mavedb:00000013-a-1#705,p.Met134Cys,0.833447764240655,0.2159787298464429,5.0,0.0965886243261418,0.6441375392451479,1.02275798923616,0.0,3.0,missense,possibly_wt_like,134
706,urn:mavedb:00000013-a-1#707,p.Met134Phe,0.848084993794032,0.1933794565027669,5.0,0.0864819220384304,0.6785835412849079,1.01758644630316,0.0,3.0,missense,possibly_wt_like,134
703,urn:mavedb:00000013-a-1#704,p.Met134Ala,0.8537771301801591,0.173869636306566,5.0,0.0777568652009295,0.7013764748356021,1.00617778552472,0.0,3.0,missense,possibly_wt_like,134
725,urn:mavedb:00000013-a-1#726,p.Ile135Ter,-0.0443524345632299,0.0455806894997863,3.0,0.0263160233525504,-0.0959308925505437,0.0072260234240837,0.0,1.0,nonsense,low,135
721,urn:mavedb:00000013-a-1#722,p.Ile135Arg,0.149112796467381,0.146506861982744,7.0,0.0553743888815434,0.0405809885936412,0.257644604341122,1.0,1.0,missense,low,135
720,urn:mavedb:00000013-a-1#721,p.Ile135Lys,0.162758154658415,0.121309808728757,7.0,0.045850797927015,0.0728922420590418,0.252624067257788,1.0,1.0,missense,low,135
722,urn:mavedb:00000013-a-1#723,p.Ile135Ser,0.238312951627251,0.125300520904074,6.0,0.0511537234533196,0.138053495983623,0.3385724072708799,0.0,1.0,missense,low,135
718,urn:mavedb:00000013-a-1#719,p.Ile135Cys,0.3641179855283641,0.372645287644565,4.0,0.186322643822282,-0.0010676858675936,0.729303656924322,0.0,2.0,missense,possibly_low,135
724,urn:mavedb:00000013-a-1#725,p.Ile135Thr,0.885711508449945,0.26738182813684,2.0,0.189067503841616,0.51514601027349,1.2562770066264,1.0,3.0,missense,possibly_wt_like,135
719,urn:mavedb:00000013-a-1#720,p.Ile135=,1.10766013851432,0.115609845228599,3.0,0.0667473752637026,0.976837686934884,1.23848259009376,0.0,4.0,synonymous,wt_like,135
729,urn:mavedb:00000013-a-1#730,p.Cys136Met,0.0317666964390435,0.494592137007253,2.0,0.349729453999375,-0.653690437732588,0.7172238306106751,0.0,2.0,missense,possibly_low,136
730,urn:mavedb:00000013-a-1#731,p.Cys136Arg,0.167416316287957,0.149361406112343,8.0,0.0528072315547976,0.063916044317287,0.270916588258628,1.0,1.0,missense,low,136
726,urn:mavedb:00000013-a-1#727,p.Cys136Glu,0.251714469395541,0.185617774689544,8.0,0.0656257935958666,0.123090277490783,0.380338661300298,0.0,1.0,missense,low,136
728,urn:mavedb:00000013-a-1#729,p.Cys136Leu,0.311681525366936,0.0714830540844128,4.0,0.0357415270422064,0.2416294196117469,0.381733631122125,0.0,1.0,missense,low,136
727,urn:mavedb:00000013-a-1#728,p.Cys136Gly,0.371881855807787,0.169977328724161,8.0,0.0600960608944146,0.254095740842008,0.489667970773565,1.0,1.0,missense,low,136
731,urn:mavedb:00000013-a-1#732,p.Cys136Trp,0.8052655995940999,0.23313170875533,6.0,0.0951756215522828,0.618724809145412,0.991806390042788,1.0,3.0,missense,possibly_wt_like,136
742,urn:mavedb:00000013-a-1#743,p.Ala137Ter,-0.0951794442010584,0.116336973821216,7.0,0.0439712430018239,-0.181361496840092,-0.0089973915620245,0.0,1.0,nonsense,low,137
735,urn:mavedb:00000013-a-1#736,p.Ala137Lys,0.1978744868972589,0.124451225319903,3.0,0.0718519484394245,0.0570472557369585,0.33870171805756,0.0,1.0,missense,low,137
738,urn:mavedb:00000013-a-1#739,p.Ala137Arg,0.204914887068711,0.20323278881036,8.0,0.0718536415636296,0.0640843374459468,0.345745436691475,0.0,1.0,missense,low,137
732,urn:mavedb:00000013-a-1#733,p.Ala137Asp,0.211129983151334,0.103928991610918,3.0,0.0600034312831697,0.0935254188874974,0.328734547415171,0.0,1.0,missense,low,137
733,urn:mavedb:00000013-a-1#734,p.Ala137Gly,0.472170920269495,0.1744084972973719,6.0,0.0712019708640235,0.3326176217477381,0.6117242187912509,1.0,1.0,missense,low,137
737,urn:mavedb:00000013-a-1#738,p.Ala137Met,0.497460793762825,0.0235144885303993,2.0,0.0166272542959786,0.464871974180918,0.5300496133447321,0.0,1.0,missense,low,137
741,urn:mavedb:00000013-a-1#742,p.Ala137Trp,0.4999149291358089,0.309158081855921,2.0,0.2186077761389469,0.0714515611630783,0.92837829710854,0.0,2.0,missense,possibly_low,137
736,urn:mavedb:00000013-a-1#737,p.Ala137Leu,0.7194902461563009,0.244573436016066,6.0,0.0998466871464321,0.523794335373655,0.915186156938946,0.0,3.0,missense,possibly_wt_like,137
740,urn:mavedb:00000013-a-1#741,p.Ala137Val,0.880491750625221,0.0134246379061983,2.0,0.0094926524984467,0.861886493610511,0.8990970076399308,1.0,4.0,missense,wt_like,137
739,urn:mavedb:00000013-a-1#740,p.Ala137Ser,1.08352574925443,0.0845913191391451,4.0,0.0422956595695726,1.00062777979571,1.16642371871316,1.0,4.0,missense,wt_like,137
751,urn:mavedb:00000013-a-1#752,p.Leu139His,-0.0295514822470026,0.30676999654992,4.0,0.15338499827496,-0.330180554634663,0.271077590140658,0.0,1.0,missense,low,139
757,urn:mavedb:00000013-a-1#758,p.Leu139Ser,0.20670721077257,0.325939921000987,3.0,0.188181501129565,-0.1621217539980619,0.575536175543201,1.0,1.0,missense,low,139
754,urn:mavedb:00000013-a-1#755,p.Leu139Gln,0.221550247497804,0.288297740338483,5.0,0.128930669031286,-0.0311492203061706,0.474249715301779,0.0,1.0,missense,low,139
755,urn:mavedb:00000013-a-1#756,p.Leu139Arg,0.273891270516033,0.105828671918482,5.0,0.0473280208756499,0.1811300541401989,0.366652486891866,0.0,1.0,missense,low,139
750,urn:mavedb:00000013-a-1#751,p.Leu139Gly,0.421657890728864,0.155238949083315,8.0,0.0548852568005427,0.314084764117568,0.529231017340159,0.0,1.0,missense,low,139
759,urn:mavedb:00000013-a-1#760,p.Leu139Val,0.462416143165834,0.116276541776101,8.0,0.0411099655914009,0.381842091201007,0.5429901951306599,1.0,1.0,missense,low,139
758,urn:mavedb:00000013-a-1#759,p.Leu139Thr,0.495760733871807,0.3170183383320539,7.0,0.119821669181936,0.26091457770774,0.730606890035874,0.0,2.0,missense,possibly_low,139
748,urn:mavedb:00000013-a-1#749,p.Leu139Ala,0.541386323042334,0.279259754808816,7.0,0.105550266059,0.334511603008073,0.7482610430765941,0.0,2.0,missense,possibly_low,139
749,urn:mavedb:00000013-a-1#750,p.Leu139Glu,0.5855592830343559,0.0612111117728325,7.0,0.0231356256035275,0.540214290091639,0.630904275977073,0.0,1.0,missense,low,139
753,urn:mavedb:00000013-a-1#754,p.Leu139Asn,0.6225682612384971,0.253698253911417,8.0,0.0896958778579749,0.4467675710751621,0.798368951401831,0.0,2.0,missense,possibly_low,139
760,urn:mavedb:00000013-a-1#761,p.Leu139Trp,0.7813082195450399,0.2481816836445189,6.0,0.101319748072318,0.582725162400625,0.979891276689456,0.0,3.0,missense,possibly_wt_like,139
752,urn:mavedb:00000013-a-1#753,p.Leu139=,0.9645230469214208,0.125089740360919,5.0,0.0559418325469626,0.8548790699002041,1.07416702394264,0.0,4.0,synonymous,wt_like,139
766,urn:mavedb:00000013-a-1#767,p.Leu140Lys,0.1327600936974509,0.263567801822337,5.0,0.117871104310988,-0.0982630255700483,0.363783212964951,0.0,1.0,missense,low,140
762,urn:mavedb:00000013-a-1#763,p.Leu140Asp,0.143690008810837,0.136068752300194,4.0,0.0680343761500972,0.010345081845996,0.2770349357756789,0.0,1.0,missense,low,140
771,urn:mavedb:00000013-a-1#772,p.Leu140Arg,0.159983223079769,0.154831276110548,4.0,0.077415638055274,0.0082513606512439,0.311715085508295,0.0,1.0,missense,low,140
772,urn:mavedb:00000013-a-1#773,p.Leu140Ser,0.1942067365225269,0.1473851807585079,7.0,0.0557063621747592,0.085024272950255,0.3033892000948,1.0,1.0,missense,low,140
765,urn:mavedb:00000013-a-1#766,p.Leu140His,0.227702847704174,0.024172696384135,2.0,0.0170926775327854,0.194201815340558,0.261203880067791,0.0,1.0,missense,low,140
761,urn:mavedb:00000013-a-1#762,p.Leu140Ala,0.230269954195939,0.201121064193774,7.0,0.0760166170390546,0.0812801225728179,0.37925978581906,0.0,1.0,missense,low,140
770,urn:mavedb:00000013-a-1#771,p.Leu140Pro,0.2340204698306369,0.146292968671243,6.0,0.0597238543669185,0.116963866253562,0.351077073407713,0.0,1.0,missense,low,140
763,urn:mavedb:00000013-a-1#764,p.Leu140Glu,0.25266022017063,0.189163111109892,6.0,0.077225516729439,0.101300988693434,0.404019451647826,0.0,1.0,missense,low,140
773,urn:mavedb:00000013-a-1#774,p.Leu140Thr,0.265089008820914,0.114207934995398,7.0,0.0431665419640078,0.180484141234322,0.349693876407506,0.0,1.0,missense,low,140
764,urn:mavedb:00000013-a-1#765,p.Leu140Gly,0.333353603159088,0.351900568061221,7.0,0.133005912758907,0.0726668044207534,0.594040401897422,0.0,1.0,missense,low,140
774,urn:mavedb:00000013-a-1#775,p.Leu140Val,0.634695177868406,0.1630067092052609,8.0,0.0576315747289718,0.5217393670272921,0.7476509887095191,1.0,2.0,missense,possibly_low,140
769,urn:mavedb:00000013-a-1#770,p.Leu140Met,0.64533344885056,0.774722856365442,3.0,0.447286449669944,-0.2313318832753169,1.52199878097644,0.0,2.0,missense,possibly_low,140
768,urn:mavedb:00000013-a-1#769,p.Leu140=,0.902687355560912,0.430790715994974,8.0,0.152307518276127,0.604170105165027,1.2012046059568,0.0,3.0,synonymous,possibly_wt_like,140
784,urn:mavedb:00000013-a-1#785,p.His141Ter,0.0396968918359985,0.0832243208263667,2.0,0.0588484816159687,-0.0756440126761676,0.155037796348165,0.0,1.0,nonsense,low,141
782,urn:mavedb:00000013-a-1#783,p.His141Pro,0.1333141632986919,0.127095827804144,4.0,0.0635479139020721,0.0087625407579788,0.257865785839406,1.0,1.0,missense,low,141
780,urn:mavedb:00000013-a-1#781,p.His141Leu,0.300202898003375,0.0416881594100353,3.0,0.0240686700574039,0.253029171535086,0.347376624471664,1.0,1.0,missense,low,141
775,urn:mavedb:00000013-a-1#776,p.His141Ala,0.4502959144467679,0.208384811588345,2.0,0.147350313370399,0.161494607130095,0.7390972217634421,0.0,2.0,missense,possibly_low,141
776,urn:mavedb:00000013-a-1#777,p.His141Gly,0.5164719917700159,0.120664540407871,8.0,0.042661357385582,0.4328572677626839,0.6000867157773491,0.0,1.0,missense,low,141
781,urn:mavedb:00000013-a-1#782,p.His141Met,0.523999299108842,0.266930185334434,8.0,0.0943740720766799,0.339029516764162,0.708969081453521,0.0,2.0,missense,possibly_low,141
777,urn:mavedb:00000013-a-1#778,p.His141Lys,0.578312413434282,0.4068342183873751,7.0,0.153768880954905,0.276930944819641,0.879693882048923,0.0,2.0,missense,possibly_low,141
783,urn:mavedb:00000013-a-1#784,p.His141Gln,0.7034935861675949,0.0609605794841659,2.0,0.0431056391383152,0.619008085925917,0.7879790864092729,1.0,2.0,missense,possibly_low,141
791,urn:mavedb:00000013-a-1#792,p.Arg142Pro,0.193655578382884,0.126015539079356,6.0,0.0514456284010294,0.0928239995548353,0.294487157210932,1.0,1.0,missense,low,142
797,urn:mavedb:00000013-a-1#798,p.Arg142Trp,0.4187442520890871,0.148862214906504,4.0,0.0744311074532521,0.272861962151282,0.5646265420268921,1.0,1.0,missense,low,142
795,urn:mavedb:00000013-a-1#796,p.Arg142Thr,0.5998932539721121,0.326111588350907,6.0,0.133134498444713,0.338954431920672,0.860832076023553,0.0,2.0,missense,possibly_low,142
787,urn:mavedb:00000013-a-1#788,p.Arg142Glu,0.64954895113798,0.157852262230089,3.0,0.0911360460907332,0.47092558310676,0.8281723191691992,0.0,2.0,missense,possibly_low,142
798,urn:mavedb:00000013-a-1#799,p.Arg142Tyr,0.682993686823346,0.0723675112992617,4.0,0.0361837556496309,0.612074828924672,0.7539125447220201,0.0,2.0,missense,possibly_low,142
786,urn:mavedb:00000013-a-1#787,p.Arg142Asp,0.755040846600374,0.211732604449886,7.0,0.0800274022597725,0.598190020394921,0.911891672805828,0.0,3.0,missense,possibly_wt_like,142
794,urn:mavedb:00000013-a-1#795,p.Arg142Ser,0.871550932689828,0.6654157150593579,5.0,0.297582954433871,0.288299059586417,1.45480280579324,0.0,3.0,missense,possibly_wt_like,142
793,urn:mavedb:00000013-a-1#794,p.Arg142=,0.9249707431889508,0.253992091158166,8.0,0.0897997650128455,0.748966437943614,1.10097504843429,0.0,4.0,synonymous,wt_like,142
789,urn:mavedb:00000013-a-1#790,p.Arg142Met,0.927236830512698,0.289230199765249,7.0,0.109318740032626,0.7129760372134542,1.14149762381194,0.0,4.0,missense,wt_like,142
796,urn:mavedb:00000013-a-1#797,p.Arg142Val,0.943767431947805,0.101864278580418,2.0,0.0720289221448894,0.8025933386985821,1.08494152519703,0.0,4.0,missense,wt_like,142
788,urn:mavedb:00000013-a-1#789,p.Arg142Gly,0.94448946169368,0.094799397767372,8.0,0.0335166485068548,0.8787980377377559,1.0101808856496,1.0,4.0,missense,wt_like,142
792,urn:mavedb:00000013-a-1#793,p.Arg142Gln,1.05805008798212,0.1910514090691869,4.0,0.0955257045345935,0.8708231474965049,1.24527702846774,1.0,4.0,missense,wt_like,142
785,urn:mavedb:00000013-a-1#786,p.Arg142Ala,1.07420089431304,0.286218786362854,3.0,0.165248493353721,0.7503197988402429,1.3980819897858403,0.0,4.0,missense,wt_like,142
802,urn:mavedb:00000013-a-1#803,p.Gly143Ile,0.356269272376352,0.128078929477341,3.0,0.0739464044112621,0.211336982944045,0.5012015618086589,0.0,1.0,missense,low,143
807,urn:mavedb:00000013-a-1#808,p.Gly143Val,0.426310039357407,0.304110722683073,8.0,0.107519377120371,0.2155759325613,0.637044146153515,1.0,1.0,missense,low,143
804,urn:mavedb:00000013-a-1#805,p.Gly143Leu,0.5008622258511111,0.3496239547589629,6.0,0.1427333818355619,0.221109938061807,0.780614513640416,0.0,2.0,missense,possibly_low,143
803,urn:mavedb:00000013-a-1#804,p.Gly143Lys,0.666640453301647,0.354973112399264,4.0,0.177486556199632,0.3187731954103239,1.01450771119297,0.0,2.0,missense,possibly_low,143
805,urn:mavedb:00000013-a-1#806,p.Gly143Met,0.7863732904511991,0.153912272903562,7.0,0.0581733711176472,0.6723555782013281,0.90039100270107,0.0,3.0,missense,possibly_wt_like,143
806,urn:mavedb:00000013-a-1#807,p.Gly143Arg,0.976882363063214,0.172871951437404,8.0,0.0611194645691699,0.857090413753269,1.09667431237316,1.0,4.0,missense,wt_like,143
799,urn:mavedb:00000013-a-1#800,p.Gly143Phe,1.02784396645485,0.893238868244538,2.0,0.63161526095511,-0.210099197103033,2.26578713001273,0.0,3.0,missense,possibly_wt_like,143
800,urn:mavedb:00000013-a-1#801,p.Gly143=,1.03739050764106,0.166606733389484,8.0,0.0589043754855218,0.92194005315761,1.1528409621245,0.0,4.0,synonymous,wt_like,143
817,urn:mavedb:00000013-a-1#818,p.Lys144Ter,-0.0188865964429966,0.0278515986753895,3.0,0.0160801279925976,-0.0504030681752822,0.0126298752892889,1.0,1.0,nonsense,low,144
811,urn:mavedb:00000013-a-1#812,p.Lys144Asn,0.592452613366926,0.121772765426173,3.0,0.0703055388987661,0.454656289211665,0.730248937522188,1.0,2.0,missense,possibly_low,144
813,urn:mavedb:00000013-a-1#814,p.Lys144Pro,0.6151843975606099,0.1260247778096619,4.0,0.0630123889048308,0.49168238472731,0.738686410393909,0.0,2.0,missense,possibly_low,144
808,urn:mavedb:00000013-a-1#809,p.Lys144Gly,0.788315039938988,0.0515517470109163,3.0,0.029763415013948,0.7299798184547309,0.8466502614232441,0.0,4.0,missense,wt_like,144
815,urn:mavedb:00000013-a-1#816,p.Lys144Arg,0.841456193947278,0.259651669675433,7.0,0.0981391064948409,0.649107079742449,1.03380530815211,1.0,3.0,missense,possibly_wt_like,144
810,urn:mavedb:00000013-a-1#811,p.Lys144Leu,0.982176513103317,0.232552020392721,7.0,0.0878964018349657,0.809902731136124,1.15445029507051,0.0,4.0,missense,wt_like,144
814,urn:mavedb:00000013-a-1#815,p.Lys144Gln,1.08469479186174,0.1799296813681939,7.0,0.0680070271970475,0.951403467859894,1.21798611586359,1.0,4.0,missense,wt_like,144
816,urn:mavedb:00000013-a-1#817,p.Lys144Val,1.1338150819690802,0.142679284168927,2.0,0.100889489370691,0.936075316383888,1.33155484755427,0.0,4.0,missense,wt_like,144
809,urn:mavedb:00000013-a-1#810,p.Lys144Ile,1.16549077965915,0.2470624305266549,7.0,0.0933808213543858,0.982467732957785,1.34851382636052,1.0,4.0,missense,wt_like,144
820,urn:mavedb:00000013-a-1#821,p.Phe145Gln,0.1382289542844669,0.184054563338611,3.0,0.106263951689126,-0.0700445638811236,0.346502472450059,0.0,1.0,missense,low,145
819,urn:mavedb:00000013-a-1#820,p.Phe145Pro,0.1517353955202139,0.0705953853636647,3.0,0.0407582647432572,0.0718506645510812,0.231620126489347,0.0,1.0,missense,low,145
821,urn:mavedb:00000013-a-1#822,p.Phe145Arg,0.284991664705442,0.238039444200828,6.0,0.0971791961579563,0.0945239401892943,0.475459389221589,0.0,1.0,missense,low,145
818,urn:mavedb:00000013-a-1#819,p.Phe145Gly,0.4416140655557,0.0984462781524808,7.0,0.0372091956416222,0.368685382204415,0.514542748906984,0.0,1.0,missense,low,145
824,urn:mavedb:00000013-a-1#825,p.Phe145Val,0.584132718082223,0.1690803255722789,3.0,0.0976185714838251,0.392803833751677,0.7754616024127691,1.0,2.0,missense,possibly_low,145
822,urn:mavedb:00000013-a-1#823,p.Phe145Ser,0.7475091157868651,0.147775640562574,2.0,0.104493157535982,0.5427062903854699,0.95231194118826,1.0,3.0,missense,possibly_wt_like,145
841,urn:mavedb:00000013-a-1#842,p.Leu146Ter,-0.0711267991475159,0.105250685646862,5.0,0.0470695375569692,-0.163381397528131,0.021127799233099,1.0,1.0,nonsense,low,146
838,urn:mavedb:00000013-a-1#839,p.Leu146Thr,0.203377590237951,0.7261519366897181,3.0,0.4192440161203769,-0.618325582091917,1.02508076256782,0.0,2.0,missense,possibly_low,146
828,urn:mavedb:00000013-a-1#829,p.Leu146Phe,0.680974507752302,0.32328429653569,7.0,0.122189978772271,0.441486550086937,0.9204624654176672,1.0,2.0,missense,possibly_low,146
831,urn:mavedb:00000013-a-1#832,p.Leu146=,0.8377987457178141,0.145509684887764,8.0,0.0514454424562277,0.73696753133488,0.938629960100748,0.0,4.0,synonymous,wt_like,146
826,urn:mavedb:00000013-a-1#827,p.Leu146Cys,0.8620809420021729,0.417169618753021,6.0,0.170308783689382,0.5282818597201611,1.19588002428418,0.0,3.0,missense,possibly_wt_like,146
839,urn:mavedb:00000013-a-1#840,p.Leu146Val,0.8741087058309001,0.177817719954487,8.0,0.0628680577974742,0.750889576769868,0.997327834891932,1.0,4.0,missense,wt_like,146
836,urn:mavedb:00000013-a-1#837,p.Leu146Gln,0.9330550188801472,0.1565682434833089,6.0,0.0639187177429909,0.8077766341659041,1.05833340359439,0.0,4.0,missense,wt_like,146
840,urn:mavedb:00000013-a-1#841,p.Leu146Trp,0.969005176843106,0.0386309344551419,2.0,0.0273161957168039,0.9154664170435228,1.02254393664269,0.0,4.0,missense,wt_like,146
833,urn:mavedb:00000013-a-1#834,p.Leu146Asn,0.976617260238344,0.0461177416184398,2.0,0.0326101678314079,0.912702505758978,1.04053201471771,0.0,4.0,missense,wt_like,146
835,urn:mavedb:00000013-a-1#836,p.Leu146Pro,0.9814116285442692,0.1579992521758169,6.0,0.0645029245953461,0.854988219439888,1.10783503764865,0.0,4.0,missense,wt_like,146
832,urn:mavedb:00000013-a-1#833,p.Leu146Met,1.01639200336564,0.150355681815046,7.0,0.0568291060411668,0.905009002251342,1.12777500447993,0.0,4.0,missense,wt_like,146
829,urn:mavedb:00000013-a-1#830,p.Leu146Gly,1.02758783344365,0.101280057416642,8.0,0.0358079076991352,0.957405623991608,1.0977700428956898,0.0,4.0,missense,wt_like,146
827,urn:mavedb:00000013-a-1#828,p.Leu146Asp,1.03085677087486,0.243907267431254,7.0,0.0921882817977746,0.8501710587545921,1.2115424829951298,0.0,4.0,missense,wt_like,146
837,urn:mavedb:00000013-a-1#838,p.Leu146Arg,1.0538557096946,0.185374661794843,7.0,0.0700650363545517,0.916530761864192,1.19118065752501,0.0,4.0,missense,wt_like,146
830,urn:mavedb:00000013-a-1#831,p.Leu146Lys,1.11188375749874,0.28347546281541,3.0,0.163664634765131,0.7911069678161808,1.4326605471813,0.0,4.0,missense,wt_like,146
825,urn:mavedb:00000013-a-1#826,p.Leu146Ala,1.11439619086945,0.0469138910788455,2.0,0.0331731305136987,1.0493780498081502,1.17941433193075,0.0,4.0,missense,wt_like,146
850,urn:mavedb:00000013-a-1#851,p.Lys147Pro,0.37588818415276,0.101387866216509,5.0,0.0453420321907538,0.2870194340730269,0.464756934232493,0.0,1.0,missense,low,147
853,urn:mavedb:00000013-a-1#854,p.Lys147Val,0.625651743480413,0.1879902458675789,8.0,0.0664645888249457,0.495383543136256,0.7559199438245698,0.0,2.0,missense,possibly_low,147
844,urn:mavedb:00000013-a-1#845,p.Lys147Glu,0.9827462651658592,0.0769057795216869,3.0,0.044401572509084,0.89572078219111,1.06977174814061,1.0,4.0,missense,wt_like,147
842,urn:mavedb:00000013-a-1#843,p.Lys147Ala,0.9852779507092,0.1523789142932609,7.0,0.0575938160385705,0.8723961455413771,1.09815975587702,0.0,4.0,missense,wt_like,147
847,urn:mavedb:00000013-a-1#848,p.Lys147His,0.9856351473467192,0.1517349039990899,2.0,0.107292779560446,0.7753451636070492,1.19592513108639,0.0,4.0,missense,wt_like,147
846,urn:mavedb:00000013-a-1#847,p.Lys147Gly,0.98597597962623,0.0910371504891234,8.0,0.0321864932253797,0.922891612115844,1.04906034713662,0.0,4.0,missense,wt_like,147
849,urn:mavedb:00000013-a-1#850,p.Lys147Leu,1.01663774254342,0.184595284513812,6.0,0.075360709330454,0.868933466406343,1.16434201868051,0.0,4.0,missense,wt_like,147
851,urn:mavedb:00000013-a-1#852,p.Lys147Gln,1.04137152538512,0.182353260518103,7.0,0.0689230540132391,0.906284821814666,1.17645822895558,1.0,4.0,missense,wt_like,147
848,urn:mavedb:00000013-a-1#849,p.Lys147Ile,1.04226704645495,0.13921596386075,3.0,0.0803763742104971,0.884732247794462,1.19980184511544,0.0,4.0,missense,wt_like,147
843,urn:mavedb:00000013-a-1#844,p.Lys147Asp,1.04295372479469,0.0997829883358256,3.0,0.0576097351762342,0.9300407186903852,1.155866730899,0.0,4.0,missense,wt_like,147
852,urn:mavedb:00000013-a-1#853,p.Lys147Arg,1.18557073287859,0.157706921927315,8.0,0.055757816967431,1.07628741976585,1.2948540459913302,1.0,4.0,missense,wt_like,147
858,urn:mavedb:00000013-a-1#859,p.Ala148Lys,0.241631344172194,0.259812119797764,4.0,0.129906059898882,-0.0129798546031172,0.496242542947505,0.0,1.0,missense,low,148
855,urn:mavedb:00000013-a-1#856,p.Ala148Glu,0.2449520406055549,0.251329081201658,7.0,0.0949934637282779,0.0587682729314181,0.4311358082796911,1.0,1.0,missense,low,148
861,urn:mavedb:00000013-a-1#862,p.Ala148Arg,0.286072849753841,0.17716902832477,8.0,0.0626387106723383,0.163303232798033,0.4088424667096479,0.0,1.0,missense,low,148
859,urn:mavedb:00000013-a-1#860,p.Ala148Leu,0.377003400767219,0.22249385564289,5.0,0.0995022771587056,0.181982521156434,0.572024280378005,0.0,1.0,missense,low,148
857,urn:mavedb:00000013-a-1#858,p.Ala148Gly,0.489498330140286,0.121065454933667,8.0,0.0428031020755151,0.405605791645684,0.5733908686348871,1.0,1.0,missense,low,148
862,urn:mavedb:00000013-a-1#863,p.Ala148Trp,0.548444316655894,0.6075687328456091,2.0,0.429615971032048,-0.293587513750122,1.39047614706191,0.0,2.0,missense,possibly_low,148
854,urn:mavedb:00000013-a-1#855,p.Ala148=,0.876207333201726,0.4212966266515889,8.0,0.148950850798178,0.584269030170699,1.16814563623275,0.0,3.0,synonymous,possibly_wt_like,148
860,urn:mavedb:00000013-a-1#861,p.Ala148Pro,0.886220123863932,0.210203555951768,8.0,0.0743181799215104,0.740559167821204,1.03188107990666,1.0,4.0,missense,wt_like,148
866,urn:mavedb:00000013-a-1#867,p.Gln149Phe,0.5208008765583161,0.233192462758986,4.0,0.116596231379493,0.292276462321411,0.7493252907952209,0.0,2.0,missense,possibly_low,149
872,urn:mavedb:00000013-a-1#873,p.Gln149Leu,0.540685420607057,0.239910889186345,7.0,0.090677792800492,0.362960212520508,0.7184106286936071,1.0,2.0,missense,possibly_low,149
880,urn:mavedb:00000013-a-1#881,p.Gln149Trp,0.5502730540424899,0.236810865830709,7.0,0.0895060941065626,0.374844333196775,0.725701774888206,0.0,2.0,missense,possibly_low,149
870,urn:mavedb:00000013-a-1#871,p.Gln149Ile,0.608663432560568,0.273039169861557,6.0,0.111467774325653,0.39019060944545,0.827136255675687,0.0,2.0,missense,possibly_low,149
873,urn:mavedb:00000013-a-1#874,p.Gln149Pro,0.640742526663987,0.194028525015918,4.0,0.0970142625079588,0.450598066161674,0.8308869871663008,1.0,2.0,missense,possibly_low,149
876,urn:mavedb:00000013-a-1#877,p.Gln149Ser,0.654723147381437,0.824750978503522,2.0,0.5831870096900811,-0.4883023878627321,1.7977486826256102,0.0,2.0,missense,possibly_low,149
879,urn:mavedb:00000013-a-1#880,p.Gln149Val,0.730989292126604,0.232407816843234,8.0,0.0821685716453058,0.569941851040706,0.8920367332125029,0.0,3.0,missense,possibly_wt_like,149
869,urn:mavedb:00000013-a-1#870,p.Gln149His,0.7494672232528271,0.653275597061859,3.0,0.377168841818678,0.0102298771975333,1.48870456930812,1.0,3.0,missense,possibly_wt_like,149
864,urn:mavedb:00000013-a-1#865,p.Gln149Asp,0.885675301064363,0.322016670237007,8.0,0.11385008558985,0.662533233671454,1.10881736845727,0.0,3.0,missense,possibly_wt_like,149
863,urn:mavedb:00000013-a-1#864,p.Gln149Cys,0.9316680568388432,0.1374390073674989,7.0,0.051947061990568,0.82985368623466,1.03348242744303,0.0,4.0,missense,wt_like,149
877,urn:mavedb:00000013-a-1#878,p.Gln149Thr,0.969053081002316,0.0900619572430978,8.0,0.0318417103467637,0.9066444755165028,1.03146168648813,0.0,4.0,missense,wt_like,149
871,urn:mavedb:00000013-a-1#872,p.Gln149Lys,0.999516430142603,0.34271404529044,2.0,0.242335425432744,0.5245477241162341,1.47448513616897,1.0,3.0,missense,possibly_wt_like,149
868,urn:mavedb:00000013-a-1#869,p.Gln149Gly,1.03873074878755,0.0914799724947123,8.0,0.032343054446885,0.975339526921634,1.10212197065346,0.0,4.0,missense,wt_like,149
875,urn:mavedb:00000013-a-1#876,p.Gln149Arg,1.09484588352595,0.103813376906692,7.0,0.0392377682938463,1.01794127083628,1.1717504962156202,1.0,4.0,missense,wt_like,149
874,urn:mavedb:00000013-a-1#875,p.Gln149=,1.13287387122972,0.12739777593408,7.0,0.0481518332434722,1.03849801228294,1.2272497301765,0.0,4.0,synonymous,wt_like,149
865,urn:mavedb:00000013-a-1#866,p.Gln149Glu,1.17756225561879,0.260111329542307,6.0,0.106190005615929,0.9694336690934642,1.38569084214412,1.0,4.0,missense,wt_like,149
894,urn:mavedb:00000013-a-1#895,p.Ala151Trp,-0.1578875614404339,0.166323069365088,3.0,0.0960266688703783,-0.346096373981729,0.0303212511008615,0.0,1.0,missense,low,151
885,urn:mavedb:00000013-a-1#886,p.Ala151Lys,0.109583789381352,0.175431369792516,4.0,0.0877156848962582,-0.0623357938945775,0.281503372657282,0.0,1.0,missense,low,151
886,urn:mavedb:00000013-a-1#887,p.Ala151Leu,0.176906923019825,0.16870973894201,7.0,0.0637662875707413,0.0519272959533481,0.301886550086302,0.0,1.0,missense,low,151
884,urn:mavedb:00000013-a-1#885,p.Ala151Gly,0.214107772879334,0.0998772502211271,8.0,0.0353119404588123,0.144897641355839,0.2833179044028289,1.0,1.0,missense,low,151
888,urn:mavedb:00000013-a-1#889,p.Ala151Arg,0.229636652433873,0.127645968205079,8.0,0.0451296648544669,0.141184134684755,0.318089170182991,0.0,1.0,missense,low,151
883,urn:mavedb:00000013-a-1#884,p.Ala151Glu,0.23841746860379,0.178312985906303,8.0,0.0630431607539841,0.1148551440544119,0.361979793153168,0.0,1.0,missense,low,151
882,urn:mavedb:00000013-a-1#883,p.Ala151Asp,0.24923178368769,0.184645438741292,2.0,0.130564041849133,-0.0066690360125907,0.505132603387971,1.0,1.0,missense,low,151
887,urn:mavedb:00000013-a-1#888,p.Ala151Met,0.491646236719478,0.0619508681327545,3.0,0.0357673503929768,0.421543518126819,0.5617489553121371,0.0,1.0,missense,low,151
892,urn:mavedb:00000013-a-1#893,p.Ala151Thr,0.701714586098561,0.262423889760558,6.0,0.107134104371625,0.491735600014221,0.9116935721829008,1.0,2.0,missense,possibly_low,151
891,urn:mavedb:00000013-a-1#892,p.Ala151Ser,0.815132472418077,0.1351295186367719,2.0,0.0955509989665354,0.627855955756843,1.00240898907931,1.0,3.0,missense,possibly_wt_like,151
881,urn:mavedb:00000013-a-1#882,p.Ala151=,0.9205975397492492,0.201558139361634,7.0,0.0761818159245403,0.77128392426029,1.06991115523821,0.0,4.0,synonymous,wt_like,151
893,urn:mavedb:00000013-a-1#894,p.Ala151Val,0.970038052845563,0.0799311096547267,8.0,0.0282599148323114,0.914649637568063,1.02542646812306,1.0,4.0,missense,wt_like,151
908,urn:mavedb:00000013-a-1#909,p.Leu152Ter,-0.0452499642257533,0.0357594145552798,4.0,0.0178797072776399,-0.0802935465440462,-0.0102063819074604,0.0,1.0,nonsense,low,152
904,urn:mavedb:00000013-a-1#905,p.Leu152Arg,0.182816637518017,0.128661970501948,8.0,0.0454888759113756,0.0936600790345097,0.271973196001525,1.0,1.0,missense,low,152
905,urn:mavedb:00000013-a-1#906,p.Leu152Thr,0.2192923003988,0.119852192542031,8.0,0.042374149043273,0.136240494398453,0.302344106399148,0.0,1.0,missense,low,152
898,urn:mavedb:00000013-a-1#899,p.Leu152Gly,0.222664810496726,0.129888660598667,8.0,0.0459225763542778,0.132658214765051,0.3126714062284019,0.0,1.0,missense,low,152
902,urn:mavedb:00000013-a-1#903,p.Leu152Asn,0.245781439779542,0.148327901826012,2.0,0.1048836652203459,0.0402132333811087,0.451349646177976,0.0,1.0,missense,low,152
907,urn:mavedb:00000013-a-1#908,p.Leu152Trp,0.249043838024677,0.214855630963533,8.0,0.0759629368152143,0.100159217706965,0.3979284583423889,0.0,1.0,missense,low,152
895,urn:mavedb:00000013-a-1#896,p.Leu152Cys,0.257705422994109,0.157907808215703,7.0,0.0596835415162903,0.140727831152379,0.374683014835839,0.0,1.0,missense,low,152
896,urn:mavedb:00000013-a-1#897,p.Leu152Asp,0.296612858618161,0.103904690662473,4.0,0.0519523453312364,0.19478813285655,0.398437584379772,0.0,1.0,missense,low,152
906,urn:mavedb:00000013-a-1#907,p.Leu152Val,0.443232808999198,0.0680906086761783,7.0,0.0257358310251692,0.392791507077657,0.493674110920738,1.0,1.0,missense,low,152
909,urn:mavedb:00000013-a-1#910,p.Leu152Tyr,0.542487533201245,0.0474017364294088,2.0,0.0335180892692524,0.4767932854029121,0.608181780999578,0.0,1.0,missense,low,152
897,urn:mavedb:00000013-a-1#898,p.Leu152Phe,0.6212993995834929,0.174423809686202,3.0,0.100703633475409,0.4239239048593689,0.8186748943076159,0.0,2.0,missense,possibly_low,152
900,urn:mavedb:00000013-a-1#901,p.Leu152=,0.888489337101635,0.236391921377895,8.0,0.0835771653120135,0.724681103160139,1.05229757104313,0.0,4.0,synonymous,wt_like,152
903,urn:mavedb:00000013-a-1#904,p.Leu152Gln,0.8934285490445011,0.190402672633511,4.0,0.0952013363167555,0.7068373585835749,1.08001973950543,1.0,3.0,missense,possibly_wt_like,152
899,urn:mavedb:00000013-a-1#900,p.Leu152Ile,1.1086243819335702,0.0901489622955789,4.0,0.0450744811477894,1.0202800222620698,1.19696874160507,1.0,4.0,missense,wt_like,152
916,urn:mavedb:00000013-a-1#917,p.Asp153Ter,-0.034304237680259,0.0896681929063272,6.0,0.036606886462992,-0.10605241673387,0.0374439413733521,0.0,1.0,nonsense,low,153
915,urn:mavedb:00000013-a-1#916,p.Asp153Pro,0.203183784462458,0.125379996251985,3.0,0.0723881745870778,0.0613055693651875,0.345061999559728,0.0,1.0,missense,low,153
911,urn:mavedb:00000013-a-1#912,p.Asp153Ile,0.307300030496986,0.160505008246815,5.0,0.0717800218338084,0.166613772893223,0.44798628810075,0.0,1.0,missense,low,153
917,urn:mavedb:00000013-a-1#918,p.Asp153Tyr,0.396520130041725,0.3597393945057849,5.0,0.16088034805991,0.0812004420240331,0.711839818059417,1.0,2.0,missense,possibly_low,153
913,urn:mavedb:00000013-a-1#914,p.Asp153Leu,0.4708862088729621,0.0325842854459616,3.0,0.0188125459735776,0.434014296307246,0.5077581214386779,0.0,1.0,missense,low,153
910,urn:mavedb:00000013-a-1#911,p.Asp153Gly,0.602831180030725,0.291836370489264,6.0,0.1191416993474209,0.369317740252881,0.8363446198085691,1.0,2.0,missense,possibly_low,153
914,urn:mavedb:00000013-a-1#915,p.Asp153Met,0.7125123706351991,0.453386077327177,3.0,0.2617625737916739,0.19946715350301,1.22555758776739,0.0,3.0,missense,possibly_wt_like,153
930,urn:mavedb:00000013-a-1#931,p.Phe154Asn,0.136239452790039,0.283434911744007,2.0,0.200418748119198,-0.256574075350194,0.5290529809302721,0.0,1.0,missense,low,154
920,urn:mavedb:00000013-a-1#921,p.Phe154Asp,0.219809527619118,0.113983379870084,7.0,0.0430816681044068,0.135371009740572,0.304248045497663,0.0,1.0,missense,low,154
936,urn:mavedb:00000013-a-1#937,p.Phe154Val,0.243647973281668,0.103944360191682,8.0,0.0367498809788178,0.171619530127052,0.3156764164362849,1.0,1.0,missense,low,154
921,urn:mavedb:00000013-a-1#922,p.Phe154Glu,0.276348728602415,0.102241861196984,4.0,0.0511209305984918,0.1761535457731989,0.37654391143163,0.0,1.0,missense,low,154
924,urn:mavedb:00000013-a-1#925,p.Phe154Gly,0.3152741579025,0.14764232505737,7.0,0.0558035535841659,0.205901202668184,0.424647113136816,0.0,1.0,missense,low,154
933,urn:mavedb:00000013-a-1#934,p.Phe154Ser,0.334437718668211,0.152974844803336,7.0,0.0578190565997613,0.221114450112596,0.447760987223826,1.0,1.0,missense,low,154
932,urn:mavedb:00000013-a-1#933,p.Phe154Arg,0.340293109283176,0.17856459722811,8.0,0.0631321187899205,0.2165564301872269,0.464029788379124,0.0,1.0,missense,low,154
928,urn:mavedb:00000013-a-1#929,p.Phe154Leu,0.422159163671711,0.2075239081745369,7.0,0.0784366645900042,0.268426126007855,0.5758922013355671,1.0,1.0,missense,low,154
927,urn:mavedb:00000013-a-1#928,p.Phe154Lys,0.42270127349244,0.201730928502232,5.0,0.0902168138590279,0.245879567528791,0.599522979456089,0.0,1.0,missense,low,154
919,urn:mavedb:00000013-a-1#920,p.Phe154Cys,0.430474252977152,0.211073884277303,4.0,0.105536942138652,0.223625647346908,0.637322858607397,1.0,1.0,missense,low,154
937,urn:mavedb:00000013-a-1#938,p.Phe154Trp,0.444323086018585,0.5353531717178049,4.0,0.267676585858902,-0.0803133817695076,0.968959553806677,0.0,2.0,missense,possibly_low,154
935,urn:mavedb:00000013-a-1#936,p.Phe154Thr,0.590887910256518,0.231101801623665,4.0,0.115550900811832,0.364412306284167,0.81736351422887,0.0,2.0,missense,possibly_low,154
929,urn:mavedb:00000013-a-1#930,p.Phe154Met,0.6020070461542629,0.209838246045368,6.0,0.0856661052219568,0.434104565223409,0.7699095270851171,0.0,2.0,missense,possibly_low,154
926,urn:mavedb:00000013-a-1#927,p.Phe154Ile,0.612947692572446,0.393685847668878,7.0,0.148799263945358,0.321306494313474,0.904588890831417,1.0,2.0,missense,possibly_low,154
918,urn:mavedb:00000013-a-1#919,p.Phe154Ala,0.636378693870163,0.266697695233435,8.0,0.0942918744131925,0.451570015985531,0.8211873717547942,0.0,2.0,missense,possibly_low,154
925,urn:mavedb:00000013-a-1#926,p.Phe154His,0.7197074969528471,0.194502530557028,8.0,0.0687670291574092,0.58492659648051,0.854488397425185,0.0,3.0,missense,possibly_wt_like,154
922,urn:mavedb:00000013-a-1#923,p.Phe154=,0.8807168117747609,0.285672985860005,7.0,0.107974239553549,0.6690911909917039,1.09234243255782,0.0,3.0,synonymous,possibly_wt_like,154
931,urn:mavedb:00000013-a-1#932,p.Phe154Pro,1.32648977263051,0.403344354182168,2.0,0.2852075279955189,0.767493289639591,1.88548625562142,0.0,4.0,missense,wt_like,154
940,urn:mavedb:00000013-a-1#941,p.Tyr155Glu,0.103948616676238,0.117889515188232,6.0,0.0481281930392095,0.0096190916783966,0.19827814167408,0.0,1.0,missense,low,155
946,urn:mavedb:00000013-a-1#947,p.Tyr155Ter,0.216119070805287,0.2539106332366069,6.0,0.103658581949442,0.0129519834958876,0.419286158114687,1.0,1.0,nonsense,low,155
944,urn:mavedb:00000013-a-1#945,p.Tyr155Arg,0.21716018285085,0.0305671643570296,2.0,0.0216142491984994,0.1747970328689169,0.2595233328327819,0.0,1.0,missense,low,155
942,urn:mavedb:00000013-a-1#943,p.Tyr155Asn,0.2766915524112169,0.0724953127918053,3.0,0.0418551883553349,0.194656890668621,0.3587262141538139,1.0,1.0,missense,low,155
943,urn:mavedb:00000013-a-1#944,p.Tyr155Gln,0.3010996399223549,0.228460434754472,3.0,0.131901693504673,0.0425770711533539,0.559622208691355,0.0,1.0,missense,low,155
939,urn:mavedb:00000013-a-1#940,p.Tyr155Asp,0.3489107870995889,0.196116293192865,2.0,0.1386751608178439,0.0771124663463155,0.6207091078528629,1.0,1.0,missense,low,155
938,urn:mavedb:00000013-a-1#939,p.Tyr155Ala,0.372477389855884,0.49603772662713,2.0,0.350751640222402,-0.314983192498375,1.05993797221014,0.0,2.0,missense,possibly_low,155
941,urn:mavedb:00000013-a-1#942,p.Tyr155Leu,0.687755012627179,0.593524576183325,4.0,0.296762288091662,0.106111615997821,1.26939840925654,0.0,2.0,missense,possibly_low,155
955,urn:mavedb:00000013-a-1#956,p.Gly156Val,0.382472759627867,0.219474033519156,7.0,0.0829533874182774,0.219887107892446,0.545058411363289,1.0,1.0,missense,low,156
951,urn:mavedb:00000013-a-1#952,p.Gly156Pro,0.500383529518096,0.337534055550893,6.0,0.137797701151987,0.2303049981077889,0.770462060928403,0.0,2.0,missense,possibly_low,156
948,urn:mavedb:00000013-a-1#949,p.Gly156Glu,0.7886720134835559,0.287363674875988,6.0,0.117315729009535,0.558737409804806,1.01860661716231,1.0,3.0,missense,possibly_wt_like,156
953,urn:mavedb:00000013-a-1#954,p.Gly156Arg,0.926462522707175,0.36549474584661,4.0,0.182747372923305,0.568284253508187,1.28464079190616,1.0,3.0,missense,possibly_wt_like,156
950,urn:mavedb:00000013-a-1#951,p.Gly156Met,0.988965225190472,0.0835014141292824,2.0,0.0590444161694818,0.8732402960100929,1.10469015437085,0.0,4.0,missense,wt_like,156
952,urn:mavedb:00000013-a-1#953,p.Gly156Gln,0.997634167310407,0.319727646342682,7.0,0.120845691356392,0.7607809645650351,1.23448737005578,0.0,4.0,missense,wt_like,156
947,urn:mavedb:00000013-a-1#948,p.Gly156Ala,1.04244496105226,0.166564397761034,4.0,0.0832821988805168,0.879214850693148,1.20567507141138,1.0,4.0,missense,wt_like,156
949,urn:mavedb:00000013-a-1#950,p.Gly156=,1.13734506867002,0.202946054971656,7.0,0.0767063987166635,0.987003289801593,1.28768684753845,0.0,4.0,synonymous,wt_like,156
954,urn:mavedb:00000013-a-1#955,p.Gly156Ser,1.15870452122748,0.261120433550334,6.0,0.106601970602107,0.949768498166355,1.36764054428861,0.0,4.0,missense,wt_like,156
964,urn:mavedb:00000013-a-1#965,p.Glu157Pro,0.297155419878406,0.158619571953321,5.0,0.0709368290899088,0.158121789684712,0.4361890500721,0.0,1.0,missense,low,157
960,urn:mavedb:00000013-a-1#961,p.Glu157=,0.7304903099920671,0.509160565710629,6.0,0.207863930522978,0.323084492482094,1.13789612750204,0.0,3.0,synonymous,possibly_wt_like,157
968,urn:mavedb:00000013-a-1#969,p.Glu157Ser,0.7732109832356171,0.322535622000231,6.0,0.131674616295293,0.5151334776187121,1.03128848885252,0.0,3.0,missense,possibly_wt_like,157
970,urn:mavedb:00000013-a-1#971,p.Glu157Trp,0.8024896750860899,0.249072081332742,4.0,0.124536040666371,0.558403520602788,1.04657582956939,0.0,3.0,missense,possibly_wt_like,157
969,urn:mavedb:00000013-a-1#970,p.Glu157Val,0.8192192000438291,0.230313471900141,8.0,0.0814281088896036,0.659623039291,0.9788153607966572,1.0,3.0,missense,possibly_wt_like,157
957,urn:mavedb:00000013-a-1#958,p.Glu157Ala,0.929805374225448,0.205845405759966,7.0,0.0778022503094363,0.7773157657027819,1.08229498274811,1.0,4.0,missense,wt_like,157
961,urn:mavedb:00000013-a-1#962,p.Glu157Phe,0.932423420806924,0.173166903797723,8.0,0.0612237459762242,0.812427083694895,1.05241975791895,0.0,4.0,missense,wt_like,157
965,urn:mavedb:00000013-a-1#966,p.Glu157Gln,0.934242856730984,0.163193500996213,8.0,0.0576976155999979,0.821157608161152,1.04732810530082,1.0,4.0,missense,wt_like,157
959,urn:mavedb:00000013-a-1#960,p.Glu157Asp,0.987474886804952,0.0821483736878103,3.0,0.0474283856621472,0.8945169590622671,1.08043281454764,1.0,4.0,missense,wt_like,157
958,urn:mavedb:00000013-a-1#959,p.Glu157Cys,0.998238284962254,0.1511002502776219,6.0,0.0616864188645012,0.87733512565258,1.11914144427193,0.0,4.0,missense,wt_like,157
962,urn:mavedb:00000013-a-1#963,p.Glu157Gly,0.9985170660546993,0.183267701771879,8.0,0.0647949173476849,0.871521361671987,1.12551277043741,1.0,4.0,missense,wt_like,157
966,urn:mavedb:00000013-a-1#967,p.Glu157Arg,1.1054186640063102,0.121019893121935,5.0,0.0541217415300813,0.999341999826766,1.21149532818586,0.0,4.0,missense,wt_like,157
963,urn:mavedb:00000013-a-1#964,p.Glu157Met,1.16572206296407,0.1249497841519,4.0,0.0624748920759502,1.04327352455719,1.28817060137096,0.0,4.0,missense,wt_like,157
973,urn:mavedb:00000013-a-1#974,p.Val158Gly,0.6289198192767479,0.1421719923991219,7.0,0.0537359621838059,0.523599268721882,0.734240369831614,1.0,2.0,missense,possibly_low,158
976,urn:mavedb:00000013-a-1#977,p.Val158Asn,0.697434184591428,0.388396052805719,5.0,0.173695995253237,0.3569962896362429,1.03787207954661,0.0,2.0,missense,possibly_low,158
972,urn:mavedb:00000013-a-1#973,p.Val158Glu,0.8562440185554159,0.127809277564558,5.0,0.0571580465578982,0.744216305875271,0.96827173123556,1.0,4.0,missense,wt_like,158
979,urn:mavedb:00000013-a-1#980,p.Val158Arg,0.925691394280388,0.1947670975718289,8.0,0.0688605677225311,0.790727161589245,1.06065562697153,0.0,4.0,missense,wt_like,158
975,urn:mavedb:00000013-a-1#976,p.Val158Leu,0.933249795459322,0.145835915190042,7.0,0.0551207948306226,0.8252150227920799,1.04128456812656,1.0,4.0,missense,wt_like,158
981,urn:mavedb:00000013-a-1#982,p.Val158Thr,1.02236699762544,0.106647826154545,8.0,0.0377057005363414,0.9484651825623548,1.09626881268852,0.0,4.0,missense,wt_like,158
974,urn:mavedb:00000013-a-1#975,p.Val158Lys,1.0263454934045602,0.3775002360804679,5.0,0.168823237879629,0.6954580274070439,1.35723295940207,0.0,3.0,missense,possibly_wt_like,158
980,urn:mavedb:00000013-a-1#981,p.Val158Ser,1.04829910741808,0.1811284414713269,3.0,0.104574554441368,0.843336747013673,1.25326146782248,0.0,4.0,missense,wt_like,158
982,urn:mavedb:00000013-a-1#983,p.Val158=,1.14503648124804,0.109588407762225,4.0,0.0547942038811124,1.03764181507951,1.25243114741656,0.0,4.0,synonymous,wt_like,158
977,urn:mavedb:00000013-a-1#978,p.Val158Gln,1.1651531195533895,0.145980242230234,2.0,0.103223619200253,0.962838543567018,1.3674676955397702,0.0,4.0,missense,wt_like,158
971,urn:mavedb:00000013-a-1#972,p.Val158Ala,1.29644608766724,0.149062943495651,3.0,0.0860615305534123,1.12776858732816,1.46512358800632,1.0,4.0,missense,wt_like,158
999,urn:mavedb:00000013-a-1#1000,p.Thr160Ter,-0.0044799526243237,0.0666555724848874,4.0,0.0333277862424437,-0.0698012133439628,0.0608413080953154,0.0,1.0,nonsense,low,160
985,urn:mavedb:00000013-a-1#986,p.Thr160Cys,0.679061123269591,0.40414194655786,5.0,0.180737773012492,0.324821597519131,1.03330064902005,0.0,2.0,missense,possibly_low,160
998,urn:mavedb:00000013-a-1#999,p.Thr160Trp,0.732900066714186,0.128753864774185,5.0,0.0575804788001788,0.620044402053264,0.845755731375109,0.0,3.0,missense,possibly_wt_like,160
991,urn:mavedb:00000013-a-1#992,p.Thr160Asn,0.789245039509896,0.1480457887054549,4.0,0.0740228943527276,0.644162832547137,0.934327246472656,1.0,3.0,missense,possibly_wt_like,160
984,urn:mavedb:00000013-a-1#985,p.Thr160Ala,0.8049830353389309,0.5133463932948621,5.0,0.229575486282331,0.3550233504922929,1.25494272018557,1.0,3.0,missense,possibly_wt_like,160
990,urn:mavedb:00000013-a-1#991,p.Thr160Leu,0.816084649828908,0.191536275196181,8.0,0.0677182995172162,0.6833592216808679,0.948810077976948,0.0,3.0,missense,possibly_wt_like,160
993,urn:mavedb:00000013-a-1#994,p.Thr160Gln,0.841547438079659,0.0038375928303589,2.0,0.0027135879137796,0.836228903499768,0.8468659726595509,0.0,4.0,missense,wt_like,160
1002,urn:mavedb:00000013-a-1#1003,p.Thr160Tyr,0.865596481716048,0.213265447829152,8.0,0.0754007221763896,0.717813781842014,1.01337918159008,0.0,4.0,missense,wt_like,160
988,urn:mavedb:00000013-a-1#989,p.Thr160Gly,0.91396946836862,0.203057685231952,8.0,0.0717917330997783,0.7732602571053431,1.0546786796319,0.0,4.0,missense,wt_like,160
986,urn:mavedb:00000013-a-1#987,p.Thr160Asp,0.963155156378487,0.153198191812216,5.0,0.0685123141844332,0.828873488079505,1.09743682467747,0.0,4.0,missense,wt_like,160
992,urn:mavedb:00000013-a-1#993,p.Thr160Pro,0.993728828306487,0.126370556150711,4.0,0.0631852780753555,0.8698879589256421,1.1175696976873302,1.0,4.0,missense,wt_like,160
987,urn:mavedb:00000013-a-1#988,p.Thr160Phe,1.01503359588672,0.48435440148291,6.0,0.197736856384045,0.6274764789578261,1.40259071281562,0.0,3.0,missense,possibly_wt_like,160
997,urn:mavedb:00000013-a-1#998,p.Thr160Val,1.06287481843396,0.203688798000334,5.0,0.091092399716794,0.884336995723713,1.2414126411442,0.0,4.0,missense,wt_like,160
994,urn:mavedb:00000013-a-1#995,p.Thr160Arg,1.06865979402541,0.128932181308069,7.0,0.0487317839620345,0.9731472525574342,1.1641723354933795,0.0,4.0,missense,wt_like,160
996,urn:mavedb:00000013-a-1#997,p.Thr160=,1.1760051440466002,0.300882244250115,7.0,0.113722798885828,0.953112554009286,1.39889773408392,0.0,4.0,synonymous,wt_like,160
995,urn:mavedb:00000013-a-1#996,p.Thr160Ser,1.30945264229915,0.070443058318682,3.0,0.0406703186828316,1.22974028244104,1.38916500215727,1.0,4.0,missense,wt_like,160
1006,urn:mavedb:00000013-a-1#1007,p.Arg161Lys,0.342162345752662,0.778077727015988,2.0,0.550184037063221,-0.736178551760101,1.42050324326542,1.0,2.0,missense,possibly_low,161
1004,urn:mavedb:00000013-a-1#1005,p.Arg161Glu,0.8084553154515369,0.631599292956453,6.0,0.257849331607656,0.303079912062805,1.31383071884027,0.0,3.0,missense,possibly_wt_like,161
1010,urn:mavedb:00000013-a-1#1011,p.Arg161Val,0.8853534775561079,0.423756512797264,6.0,0.172997871922411,0.54628387918611,1.22442307592611,0.0,3.0,missense,possibly_wt_like,161
1008,urn:mavedb:00000013-a-1#1009,p.Arg161=,0.992100769485193,0.180519440971064,5.0,0.0807307482543118,0.8338714104617719,1.15033012850861,0.0,4.0,synonymous,wt_like,161
1005,urn:mavedb:00000013-a-1#1006,p.Arg161Gly,1.00095939727666,0.247121502584013,8.0,0.0873706451270821,0.8297160795215501,1.17220271503177,1.0,4.0,missense,wt_like,161
1003,urn:mavedb:00000013-a-1#1004,p.Arg161Cys,1.1566374316592,0.116079043744595,7.0,0.0438737545963409,1.07064645278383,1.24262841053458,0.0,4.0,missense,wt_like,161
1007,urn:mavedb:00000013-a-1#1008,p.Arg161Gln,1.29072018787556,0.145523662767339,4.0,0.0727618313836696,1.14810961891439,1.43333075683673,0.0,4.0,missense,wt_like,161
1009,urn:mavedb:00000013-a-1#1010,p.Arg161Ser,1.31676024731057,0.0468695734867849,2.0,0.0331417932438268,1.2518035261696,1.3817169684515402,1.0,4.0,missense,wt_like,161
1020,urn:mavedb:00000013-a-1#1021,p.Asp162Pro,0.4238680578416029,0.167706854199332,2.0,0.118586653855811,0.191442487237096,0.6562936284461109,0.0,1.0,missense,low,162
1018,urn:mavedb:00000013-a-1#1019,p.Asp162Ile,0.5324631611442671,0.0925296205358861,7.0,0.0349729092635899,0.4639175185530429,0.60100880373549,0.0,1.0,missense,low,162
1019,urn:mavedb:00000013-a-1#1020,p.Asp162Leu,0.556688836914246,0.137454419828712,8.0,0.0485974761824723,0.461439533857057,0.651938139971435,0.0,1.0,missense,low,162
1022,urn:mavedb:00000013-a-1#1023,p.Asp162Val,0.557464267926473,0.3469935329196469,5.0,0.155180225472229,0.2533166148881,0.8616119209648461,1.0,2.0,missense,possibly_low,162
1024,urn:mavedb:00000013-a-1#1025,p.Asp162Tyr,0.596431242999419,0.170696158032283,7.0,0.0645170834153714,0.469980083117724,0.7228824028811128,1.0,2.0,missense,possibly_low,162
1015,urn:mavedb:00000013-a-1#1016,p.Asp162Phe,0.66831230814912,0.2493904522407049,8.0,0.088172839971291,0.495496717390776,0.8411278989074642,0.0,2.0,missense,possibly_low,162
1011,urn:mavedb:00000013-a-1#1012,p.Asp162Ala,0.7067314742114741,0.209783312864918,5.0,0.0938179496222124,0.5228516718485441,0.8906112765744029,1.0,2.0,missense,possibly_low,162
1013,urn:mavedb:00000013-a-1#1014,p.Asp162Cys,0.785385038424023,0.158393148188278,7.0,0.0598669827832551,0.6680479083057641,0.902722168542283,0.0,3.0,missense,possibly_wt_like,162
1016,urn:mavedb:00000013-a-1#1017,p.Asp162Gly,0.8268145228766229,0.16889866162725,6.0,0.0689525898709592,0.691669930088782,0.961959115664464,1.0,3.0,missense,possibly_wt_like,162
1014,urn:mavedb:00000013-a-1#1015,p.Asp162=,0.857115497132103,0.285566335905797,5.0,0.12770914783418,0.606810166880809,1.1074208273834,0.0,3.0,synonymous,possibly_wt_like,162
1017,urn:mavedb:00000013-a-1#1018,p.Asp162His,0.9313542048697652,0.146681404775869,3.0,0.0846865485324603,0.765371619771139,1.09733678996839,1.0,4.0,missense,wt_like,162
1021,urn:mavedb:00000013-a-1#1022,p.Asp162Ser,1.14615766325289,0.192037294669132,4.0,0.0960186473345662,0.95796457263289,1.3343507538728998,0.0,4.0,missense,wt_like,162
1040,urn:mavedb:00000013-a-1#1041,p.Lys163Ter,-0.115200097539586,0.0917927551174123,6.0,0.0374742353536516,-0.18864824918092,-0.0417519458982509,1.0,1.0,nonsense,low,163
1030,urn:mavedb:00000013-a-1#1031,p.Lys163Ile,0.508090674313716,0.259346976739979,4.0,0.129673488369989,0.253935307358863,0.7622460412685691,1.0,2.0,missense,possibly_low,163
1033,urn:mavedb:00000013-a-1#1034,p.Lys163Pro,0.511027030436056,0.186793878015517,8.0,0.0660416089144525,0.38158785548265,0.6404662053894621,0.0,1.0,missense,low,163
1026,urn:mavedb:00000013-a-1#1027,p.Lys163Asp,0.5431184855915611,0.249833679875385,6.0,0.101994172709422,0.3432135804481359,0.7430233907349871,0.0,2.0,missense,possibly_low,163
1028,urn:mavedb:00000013-a-1#1029,p.Lys163Phe,0.618539643338961,0.447481254749632,6.0,0.182683457266162,0.260486646526022,0.9765926401519,0.0,2.0,missense,possibly_low,163
1039,urn:mavedb:00000013-a-1#1040,p.Lys163Trp,0.6300440420831489,0.224350430702122,4.0,0.1121752153510609,0.4101846600370449,0.8499034241292541,0.0,2.0,missense,possibly_low,163
1037,urn:mavedb:00000013-a-1#1038,p.Lys163Ser,0.661048671010073,0.275773724418174,8.0,0.0975007353045804,0.4699507413469229,0.8521466006732242,0.0,2.0,missense,possibly_low,163
1032,urn:mavedb:00000013-a-1#1033,p.Lys163Leu,0.7756791412195391,0.1478278983651539,3.0,0.085348476914858,0.608399200331069,0.942959082108008,0.0,3.0,missense,possibly_wt_like,163
1038,urn:mavedb:00000013-a-1#1039,p.Lys163Thr,0.7943707102125279,0.3715974425276249,4.0,0.185798721263813,0.430211908161859,1.1585295122632,1.0,3.0,missense,possibly_wt_like,163
1041,urn:mavedb:00000013-a-1#1042,p.Lys163Tyr,0.796877641847002,0.194607893984734,6.0,0.0794483400300404,0.641161756756631,0.952593526937373,0.0,3.0,missense,possibly_wt_like,163
1027,urn:mavedb:00000013-a-1#1028,p.Lys163Glu,0.8384521113714442,0.046176647859338,4.0,0.023088323929669,0.793199828005899,0.88370439473699,1.0,4.0,missense,wt_like,163
1036,urn:mavedb:00000013-a-1#1037,p.Lys163Arg,0.90612654711533,0.261411978966252,8.0,0.0924230915052159,0.724980616425257,1.0872724778054002,1.0,4.0,missense,wt_like,163
1025,urn:mavedb:00000013-a-1#1026,p.Lys163Ala,0.984002915891013,0.125926343500256,8.0,0.0445216857095287,0.896742015369325,1.0712638164127,0.0,4.0,missense,wt_like,163
1029,urn:mavedb:00000013-a-1#1030,p.Lys163Gly,1.0217747569718,0.1528720346565079,7.0,0.0577801980167954,0.90852764983929,1.1350218641043102,0.0,4.0,missense,wt_like,163
1035,urn:mavedb:00000013-a-1#1036,p.Lys163Gln,1.02714639159978,0.0508432843380783,3.0,0.0293543838990742,0.969612856369228,1.08467992683032,1.0,4.0,missense,wt_like,163
1031,urn:mavedb:00000013-a-1#1032,p.Lys163=,1.26857496540127,0.2171864230577749,5.0,0.0971287211494424,1.07820617008393,1.45894376071861,0.0,4.0,synonymous,wt_like,163
1048,urn:mavedb:00000013-a-1#1049,p.Lys164Pro,0.534050314671448,0.299949226960274,7.0,0.113370151497565,0.311848900814371,0.7562517285285251,0.0,2.0,missense,possibly_low,164
1046,urn:mavedb:00000013-a-1#1047,p.Lys164Leu,0.5600900201538891,0.277224042164104,8.0,0.0980135000610916,0.367987090035436,0.752192950272343,0.0,2.0,missense,possibly_low,164
1047,urn:mavedb:00000013-a-1#1048,p.Lys164Met,0.663079487202268,0.173614370828406,7.0,0.0656200641769872,0.534466524752166,0.7916924496523691,1.0,2.0,missense,possibly_low,164
1042,urn:mavedb:00000013-a-1#1043,p.Lys164Ala,0.7090404267204259,0.181322414822034,7.0,0.0685334309629707,0.574717370296041,0.84336348314481,0.0,3.0,missense,possibly_wt_like,164
1043,urn:mavedb:00000013-a-1#1044,p.Lys164Asp,0.7498284033720559,0.156694975964601,2.0,0.110800080082432,0.532664236926335,0.966992569817778,0.0,3.0,missense,possibly_wt_like,164
1053,urn:mavedb:00000013-a-1#1054,p.Lys164Trp,0.752204737989001,0.104469037459084,4.0,0.0522345187295421,0.6498269625293149,0.8545825134486859,0.0,3.0,missense,possibly_wt_like,164
1052,urn:mavedb:00000013-a-1#1053,p.Lys164Val,0.756505260856475,0.144911557055868,8.0,0.0512339723332526,0.656088520298379,0.856922001414572,0.0,3.0,missense,possibly_wt_like,164
1050,urn:mavedb:00000013-a-1#1051,p.Lys164Ser,0.767737603873861,0.249943374158208,4.0,0.124971687079104,0.5227975981116071,1.01267760963611,0.0,3.0,missense,possibly_wt_like,164
1051,urn:mavedb:00000013-a-1#1052,p.Lys164Thr,0.861134520495058,0.187003820914825,7.0,0.0706808006227838,0.7226026968759459,0.999666344114171,1.0,4.0,missense,wt_like,164
1054,urn:mavedb:00000013-a-1#1055,p.Lys164Tyr,0.934348238355848,0.446457323206033,3.0,0.257762255734683,0.429143500542067,1.43955297616963,0.0,3.0,missense,possibly_wt_like,164
1049,urn:mavedb:00000013-a-1#1050,p.Lys164Arg,0.960760460958603,0.229457742175204,8.0,0.0811255627439205,0.8017572797549741,1.11976364216223,1.0,4.0,missense,wt_like,164
1044,urn:mavedb:00000013-a-1#1045,p.Lys164Gly,0.997350927232424,0.36947129971042,5.0,0.16523258837754,0.6735010049401151,1.32120084952473,0.0,3.0,missense,possibly_wt_like,164
1070,urn:mavedb:00000013-a-1#1071,p.Val166Ter,-0.0375819448609029,0.158938876259323,6.0,0.0648865245211161,-0.164757196004266,0.0895933062824598,0.0,1.0,nonsense,low,166
1063,urn:mavedb:00000013-a-1#1064,p.Val166Pro,0.238399401522367,0.152284347600785,5.0,0.0681036306289125,0.104918738273279,0.371880064771454,0.0,1.0,missense,low,166
1064,urn:mavedb:00000013-a-1#1065,p.Val166Arg,0.288093085295693,0.191039791149596,8.0,0.0675427658991704,0.155711696717099,0.4204744738742871,0.0,1.0,missense,low,166
1058,urn:mavedb:00000013-a-1#1059,p.Val166Glu,0.307477147324223,0.194449607529677,7.0,0.0734950434368053,0.163429509145878,0.451524785502568,1.0,1.0,missense,low,166
1065,urn:mavedb:00000013-a-1#1066,p.Val166Ser,0.323659931928687,0.15419362955579,4.0,0.0770968147778952,0.172552951641257,0.474766912216117,0.0,1.0,missense,low,166
1057,urn:mavedb:00000013-a-1#1058,p.Val166Cys,0.39013752503536,0.289645435373428,3.0,0.1672268700823949,0.0623788824265075,0.717896167644213,0.0,2.0,missense,possibly_low,166
1060,urn:mavedb:00000013-a-1#1061,p.Val166His,0.4189941014235421,0.0677986268234176,4.0,0.0338993134117088,0.352552668035958,0.4854355348111271,0.0,1.0,missense,low,166
1059,urn:mavedb:00000013-a-1#1060,p.Val166Gly,0.486602756245849,0.146922517664494,6.0,0.0599808666671763,0.369042417816684,0.604163094675013,1.0,1.0,missense,low,166
1069,urn:mavedb:00000013-a-1#1070,p.Val166Trp,0.562799010820771,0.200542898523553,6.0,0.0818712954869086,0.4023342202987929,0.723263801342749,0.0,2.0,missense,possibly_low,166
1062,urn:mavedb:00000013-a-1#1063,p.Val166Met,0.603457593439205,0.207372027742459,4.0,0.103686013871229,0.4002367405510751,0.806678446327336,0.0,2.0,missense,possibly_low,166
1066,urn:mavedb:00000013-a-1#1067,p.Val166Thr,0.6082824392730329,0.228039843818965,7.0,0.0861909593941415,0.439351263067561,0.7772136154785051,0.0,2.0,missense,possibly_low,166
1061,urn:mavedb:00000013-a-1#1062,p.Val166Leu,0.8068340773096692,0.157907289406855,8.0,0.0558286575691868,0.6974119191688439,0.9162562354504952,1.0,3.0,missense,possibly_wt_like,166
1071,urn:mavedb:00000013-a-1#1072,p.Val166Tyr,0.9326130192765892,0.236461987731481,4.0,0.118230993865741,0.700884529443361,1.16434150910982,0.0,3.0,missense,possibly_wt_like,166
1068,urn:mavedb:00000013-a-1#1069,p.Val166=,0.9950370862196708,0.151731149588129,4.0,0.0758655747940643,0.8463432919568751,1.14373088048247,0.0,4.0,synonymous,wt_like,166
1086,urn:mavedb:00000013-a-1#1087,p.Thr167Ter,0.0581484086263777,0.314305154679676,6.0,0.128314542081958,-0.1933434725470089,0.309640289799764,0.0,1.0,nonsense,low,167
1081,urn:mavedb:00000013-a-1#1082,p.Thr167Pro,0.405862365914027,0.184766910892777,8.0,0.0653249678155867,0.277827781704239,0.533896950123815,1.0,1.0,missense,low,167
1075,urn:mavedb:00000013-a-1#1076,p.Thr167Gly,0.581746627865671,0.245110848234171,7.0,0.0926431925816731,0.400169306992784,0.763323948738559,0.0,2.0,missense,possibly_low,167
1084,urn:mavedb:00000013-a-1#1085,p.Thr167Val,0.5998101617109011,0.25156897639283,6.0,0.102702604546117,0.3985167556820529,0.80110356773975,0.0,2.0,missense,possibly_low,167
1082,urn:mavedb:00000013-a-1#1083,p.Thr167Arg,0.6315006805523571,0.140251702914634,8.0,0.0495864651019494,0.534312994831884,0.72868836627283,0.0,2.0,missense,possibly_low,167
1080,urn:mavedb:00000013-a-1#1081,p.Thr167Asn,0.701551586375038,0.127915581403961,3.0,0.0738520953571242,0.556804139292257,0.8462990334578191,1.0,2.0,missense,possibly_low,167
1085,urn:mavedb:00000013-a-1#1086,p.Thr167Trp,0.7151073263331641,0.279011699498153,6.0,0.113906049339538,0.491855572006426,0.9383590806599008,0.0,3.0,missense,possibly_wt_like,167
1072,urn:mavedb:00000013-a-1#1073,p.Thr167Ala,0.751492766621676,0.26427296402913,7.0,0.0998857915798567,0.555720212557883,0.94726532068547,1.0,3.0,missense,possibly_wt_like,167
1073,urn:mavedb:00000013-a-1#1074,p.Thr167Glu,0.761016914559756,0.080173144987412,6.0,0.0327305493822224,0.6968662165763899,0.825167612543121,0.0,3.0,missense,possibly_wt_like,167
1074,urn:mavedb:00000013-a-1#1075,p.Thr167Phe,0.8191616309128491,0.117534156975618,4.0,0.0587670784878091,0.7039802736001051,0.934342988225594,0.0,3.0,missense,possibly_wt_like,167
1079,urn:mavedb:00000013-a-1#1080,p.Thr167Met,0.8250490436596559,0.113794775639456,7.0,0.0430103824057703,0.7407502431830509,0.909347844136261,0.0,4.0,missense,wt_like,167
1077,urn:mavedb:00000013-a-1#1078,p.Thr167Leu,0.828675885255028,0.216979793207023,8.0,0.0767139415785703,0.678319322648921,0.979032447861135,0.0,3.0,missense,possibly_wt_like,167
1076,urn:mavedb:00000013-a-1#1077,p.Thr167His,0.8621937469192921,0.0835335490667487,3.0,0.0482281170400522,0.7676683744786079,0.9567191193599772,0.0,4.0,missense,wt_like,167
1083,urn:mavedb:00000013-a-1#1084,p.Thr167Ser,1.04546718252923,0.0577333356345593,5.0,0.0258191326093371,0.994862612502865,1.09607175255559,1.0,4.0,missense,wt_like,167
1087,urn:mavedb:00000013-a-1#1088,p.Thr167Tyr,1.078599511909,0.326655642387586,6.0,0.133356607575107,0.81722536396135,1.3399736598566498,0.0,4.0,missense,wt_like,167
1102,urn:mavedb:00000013-a-1#1103,p.Ile168Ter,0.0452686732042149,0.202849990714931,5.0,0.0907172736947576,-0.132533916013173,0.2230712624216029,0.0,1.0,nonsense,low,168
1101,urn:mavedb:00000013-a-1#1102,p.Ile168Trp,0.565789341657896,0.0850297835181925,7.0,0.0321382373175423,0.5027995539889121,0.62877912932688,0.0,1.0,missense,low,168
1091,urn:mavedb:00000013-a-1#1092,p.Ile168Gly,0.644540952627463,0.105857632069657,8.0,0.0374263247384025,0.571186704066493,0.717895201188432,0.0,2.0,missense,possibly_low,168
1103,urn:mavedb:00000013-a-1#1104,p.Ile168Tyr,0.6589393017715021,0.0478946057993593,4.0,0.0239473028996796,0.6120034505612579,0.7058751529817459,0.0,1.0,missense,low,168
1095,urn:mavedb:00000013-a-1#1096,p.Ile168Gln,0.703284658415375,0.0651535591672658,3.0,0.0376164249238831,0.6295578203374089,0.77701149649334,0.0,2.0,missense,possibly_low,168
1098,urn:mavedb:00000013-a-1#1099,p.Ile168Thr,0.7131966851549509,0.127877051264909,6.0,0.0522055875684588,0.61087561372902,0.815517756580883,1.0,3.0,missense,possibly_wt_like,168
1094,urn:mavedb:00000013-a-1#1095,p.Ile168Pro,0.7541065236666671,0.226025364433345,6.0,0.0922744686313847,0.573251888456582,0.934961158876752,0.0,3.0,missense,possibly_wt_like,168
1093,urn:mavedb:00000013-a-1#1094,p.Ile168Met,0.8065061500395071,0.325423055265278,3.0,0.1878830885579189,0.438262063161837,1.17475023691718,1.0,3.0,missense,possibly_wt_like,168
1092,urn:mavedb:00000013-a-1#1093,p.Ile168Leu,0.8456978871955649,0.312106001870425,2.0,0.220692270371599,0.413148985600856,1.27824678879027,1.0,3.0,missense,possibly_wt_like,168
1096,urn:mavedb:00000013-a-1#1097,p.Ile168Arg,0.872300826110182,0.120347070512539,8.0,0.0425491148276761,0.7889060934738779,0.955695558746486,0.0,4.0,missense,wt_like,168
1090,urn:mavedb:00000013-a-1#1091,p.Ile168Glu,0.943978461634851,0.0650000006806395,5.0,0.0290688840118885,0.887004495900777,1.00095242736892,0.0,4.0,missense,wt_like,168
1088,urn:mavedb:00000013-a-1#1089,p.Ile168Cys,0.972883709596766,0.123461312053897,4.0,0.0617306560269486,0.851893847041916,1.09387357215162,0.0,4.0,missense,wt_like,168
1097,urn:mavedb:00000013-a-1#1098,p.Ile168Ser,0.998717814860995,0.14145757484384,5.0,0.0632617506566183,0.8747270619750699,1.12270856774692,1.0,4.0,missense,wt_like,168
1099,urn:mavedb:00000013-a-1#1100,p.Ile168Val,1.03023854111383,0.0454727492975983,5.0,0.0203360317106471,0.990380651372498,1.0700964308551602,1.0,4.0,missense,wt_like,168
1110,urn:mavedb:00000013-a-1#1111,p.Ser170Ter,0.146852788746021,0.182877535109413,4.0,0.0914387675547065,-0.032363902451933,0.326069479943976,0.0,1.0,nonsense,low,170
1107,urn:mavedb:00000013-a-1#1108,p.Ser170Pro,0.1722967630919249,0.171782754965224,3.0,0.0991788198213073,-0.0220901517870246,0.366683677970875,0.0,1.0,missense,low,170
1105,urn:mavedb:00000013-a-1#1106,p.Ser170Gly,0.202378295749784,0.131512813578306,8.0,0.0464968011470713,0.111246240105204,0.293510351394364,1.0,1.0,missense,low,170
1108,urn:mavedb:00000013-a-1#1109,p.Ser170Arg,0.286042073759003,0.126701067433551,7.0,0.0478885021822288,0.192182334208266,0.379901813309739,1.0,1.0,missense,low,170
1109,urn:mavedb:00000013-a-1#1110,p.Ser170Trp,0.345807378227982,0.188446276519674,4.0,0.094223138259837,0.161133420728363,0.5304813357276,0.0,1.0,missense,low,170
1106,urn:mavedb:00000013-a-1#1107,p.Ser170Leu,0.362059972390649,0.140047811746866,8.0,0.0495143786882729,0.2650135734447569,0.4591063713365421,0.0,1.0,missense,low,170
1104,urn:mavedb:00000013-a-1#1105,p.Ser170Ala,0.433309609592398,0.225455933011988,4.0,0.112727966505994,0.212366855190213,0.654252363994584,0.0,1.0,missense,low,170
1122,urn:mavedb:00000013-a-1#1123,p.Gln171Pro,0.294674166808425,0.121467691803161,8.0,0.0429453142845463,0.210502897505961,0.3788454361108889,1.0,1.0,missense,low,171
1117,urn:mavedb:00000013-a-1#1118,p.Gln171Gly,0.32012382786307,0.206404693699781,8.0,0.0729750792919237,0.177095300681945,0.4631523550441961,0.0,1.0,missense,low,171
1123,urn:mavedb:00000013-a-1#1124,p.Gln171Arg,0.553256113251847,0.151530398697521,7.0,0.0572731072885866,0.4410028856835189,0.665509340820175,1.0,1.0,missense,low,171
1116,urn:mavedb:00000013-a-1#1117,p.Gln171Glu,0.5913572971649089,0.352758701453377,7.0,0.133330256694245,0.330034795994709,0.85267979833511,1.0,2.0,missense,possibly_low,171
1118,urn:mavedb:00000013-a-1#1119,p.Gln171Ile,0.640456632806981,0.17800726486591,7.0,0.0672804220568574,0.508589428710886,0.7723238369030758,0.0,2.0,missense,possibly_low,171
1114,urn:mavedb:00000013-a-1#1115,p.Gln171Ala,0.671196888152502,0.170031178781585,8.0,0.0601150997648006,0.5533734576864611,0.789020318618544,0.0,2.0,missense,possibly_low,171
1119,urn:mavedb:00000013-a-1#1120,p.Gln171Leu,0.705147830247657,0.250871714270083,8.0,0.0886965451841348,0.5313057961336229,0.8789898643616909,1.0,2.0,missense,possibly_low,171
1126,urn:mavedb:00000013-a-1#1127,p.Gln171Thr,0.8380339080700799,0.095534028674838,8.0,0.033776379755024,0.771833420222085,0.904234395918075,0.0,4.0,missense,wt_like,171
1125,urn:mavedb:00000013-a-1#1126,p.Gln171Ser,0.845323267299845,0.184311080006826,5.0,0.0824264207803329,0.683770451195848,1.00687608340384,0.0,3.0,missense,possibly_wt_like,171
1128,urn:mavedb:00000013-a-1#1129,p.Gln171Trp,0.873131929393266,0.0779541637264907,2.0,0.055121917792728,0.7650949557607409,0.98116890302579,0.0,4.0,missense,wt_like,171
1115,urn:mavedb:00000013-a-1#1116,p.Gln171Asp,0.8835544822191,0.248750860663488,6.0,0.101552113617283,0.6845159969753051,1.08259296746289,0.0,3.0,missense,possibly_wt_like,171
1120,urn:mavedb:00000013-a-1#1121,p.Gln171Met,0.981280228495736,0.186608841678321,7.0,0.070531512503809,0.8430410042131341,1.11951945277834,0.0,4.0,missense,wt_like,171
1121,urn:mavedb:00000013-a-1#1122,p.Gln171Asn,0.984087915491235,0.251197647128493,3.0,0.145029029189436,0.699836241567132,1.2683395894153402,0.0,3.0,missense,possibly_wt_like,171
1127,urn:mavedb:00000013-a-1#1128,p.Gln171Val,0.988921535674236,0.3299587753471369,7.0,0.124712694638851,0.744489145767147,1.2333539255813202,0.0,4.0,missense,wt_like,171
1137,urn:mavedb:00000013-a-1#1138,p.Arg172Ser,0.300064131984065,0.292248797293931,7.0,0.110459662656781,0.0835671714323305,0.5165610925358,1.0,1.0,missense,low,172
1134,urn:mavedb:00000013-a-1#1135,p.Arg172Asn,0.307821107459341,0.253482864587256,8.0,0.0896197262321202,0.132169671740046,0.483472543178636,0.0,1.0,missense,low,172
1140,urn:mavedb:00000013-a-1#1141,p.Arg172Tyr,0.313911114572995,0.155872435000082,4.0,0.0779362175000409,0.161158935181635,0.466663293964355,0.0,1.0,missense,low,172
1131,urn:mavedb:00000013-a-1#1132,p.Arg172Gly,0.339474150036757,0.114229386542094,8.0,0.0403861869173468,0.260318678205855,0.41862962186766,1.0,1.0,missense,low,172
1139,urn:mavedb:00000013-a-1#1140,p.Arg172Trp,0.3646092502903729,0.0603304335811316,3.0,0.0348317920683932,0.296340192319335,0.4328783082614121,1.0,1.0,missense,low,172
1130,urn:mavedb:00000013-a-1#1131,p.Arg172Glu,0.488613758167435,0.0231677199957257,3.0,0.0133758893760421,0.4623974967292001,0.514830019605669,0.0,1.0,missense,low,172
1133,urn:mavedb:00000013-a-1#1134,p.Arg172Met,0.576814052514828,0.310381543560511,6.0,0.126712734550114,0.328461656414021,0.825166448615635,1.0,2.0,missense,possibly_low,172
1138,urn:mavedb:00000013-a-1#1139,p.Arg172Val,0.60308302795346,0.215247907917939,6.0,0.0878745904334218,0.4308519955477461,0.775314060359175,0.0,2.0,missense,possibly_low,172
1129,urn:mavedb:00000013-a-1#1130,p.Arg172Ala,0.700664530513636,0.11636102008485,8.0,0.0411398331838907,0.620031939143224,0.781297121884047,0.0,2.0,missense,possibly_low,172
1132,urn:mavedb:00000013-a-1#1133,p.Arg172Lys,0.731476483154933,0.188955792937547,7.0,0.0714185766996807,0.591498644996447,0.871454321313418,1.0,3.0,missense,possibly_wt_like,172
1136,urn:mavedb:00000013-a-1#1137,p.Arg172=,1.15625910618414,0.1202844651367,4.0,0.0601422325683499,1.03838249640034,1.2741357159679398,0.0,4.0,synonymous,wt_like,172
1158,urn:mavedb:00000013-a-1#1159,p.Val175Ter,-0.0212468856156157,0.1656943954189849,5.0,0.0741007863295162,-0.166481758047565,0.123987986816334,0.0,1.0,nonsense,low,175
1143,urn:mavedb:00000013-a-1#1144,p.Val175Asp,0.0828844304447938,0.12170773569191,5.0,0.0544293540789378,-0.0237951432517026,0.18956400414129,0.0,1.0,missense,low,175
1153,urn:mavedb:00000013-a-1#1154,p.Val175Arg,0.130575941862543,0.178007261353564,8.0,0.0629350708017755,0.0072254697265842,0.253926413998501,0.0,1.0,missense,low,175
1145,urn:mavedb:00000013-a-1#1146,p.Val175Phe,0.13289905741255,0.162373753955282,6.0,0.0662888074684439,0.0029753821962902,0.26282273262881,0.0,1.0,missense,low,175
1150,urn:mavedb:00000013-a-1#1151,p.Val175Met,0.155669913527239,0.253567478654875,6.0,0.103518489678085,-0.047222597975788,0.358562425030267,1.0,1.0,missense,low,175
1147,urn:mavedb:00000013-a-1#1148,p.Val175Gly,0.196914791201618,0.119198022967041,8.0,0.0421428651720122,0.114316293259146,0.279513289144089,1.0,1.0,missense,low,175
1144,urn:mavedb:00000013-a-1#1145,p.Val175Glu,0.231259123045918,0.198157393150015,7.0,0.0748964546748277,0.0844647693135196,0.378053476778317,1.0,1.0,missense,low,175
1148,urn:mavedb:00000013-a-1#1149,p.Val175Lys,0.244807404852041,0.167502590035086,8.0,0.0592211086400598,0.12873616479299,0.3608786449110921,0.0,1.0,missense,low,175
1154,urn:mavedb:00000013-a-1#1155,p.Val175Ser,0.286139734980775,0.196979262299222,6.0,0.0804164470904904,0.128526394918743,0.443753075042806,0.0,1.0,missense,low,175
1142,urn:mavedb:00000013-a-1#1143,p.Val175Ala,0.328144086517522,0.131402976314856,8.0,0.046457967810165,0.237088142814677,0.4192000302203661,1.0,1.0,missense,low,175
1152,urn:mavedb:00000013-a-1#1153,p.Val175Pro,0.35512257073739,0.355807226944787,8.0,0.12579685148392,0.108565272460373,0.601679869014407,0.0,1.0,missense,low,175
1155,urn:mavedb:00000013-a-1#1156,p.Val175Thr,0.437432117553288,0.159570771050153,7.0,0.0603120823876472,0.3192226082408869,0.555641626865689,0.0,1.0,missense,low,175
1151,urn:mavedb:00000013-a-1#1152,p.Val175Asn,0.5245249460811029,0.377113794485014,5.0,0.168650415944275,0.193976204852624,0.855073687309583,0.0,2.0,missense,possibly_low,175
1149,urn:mavedb:00000013-a-1#1150,p.Val175Leu,0.8154816330400129,0.281544867256421,8.0,0.0995411424226407,0.620384578911665,1.01057868716836,1.0,3.0,missense,possibly_wt_like,175
1156,urn:mavedb:00000013-a-1#1157,p.Val175=,1.01879507807705,0.248304107699102,5.0,0.111044972781524,0.8011509307610301,1.23643922539307,0.0,4.0,synonymous,wt_like,175
1170,urn:mavedb:00000013-a-1#1171,p.Tyr176Ter,-0.0392083603039453,0.0117177519166241,3.0,0.0067652472233601,-0.0524680012082408,-0.0259487193996497,1.0,1.0,nonsense,low,176
1164,urn:mavedb:00000013-a-1#1165,p.Tyr176Pro,0.422252771260659,0.0974365887247709,4.0,0.0487182943623855,0.326766668922163,0.517738873599155,0.0,1.0,missense,low,176
1161,urn:mavedb:00000013-a-1#1162,p.Tyr176Phe,0.552119636520119,0.511522584351077,4.0,0.255761292175538,0.0508367152166379,1.0534025578236,1.0,2.0,missense,possibly_low,176
1169,urn:mavedb:00000013-a-1#1170,p.Tyr176Trp,0.619185157508754,0.1545828436185249,3.0,0.089248446375253,0.444261416937104,0.7941088980804041,0.0,2.0,missense,possibly_low,176
1167,urn:mavedb:00000013-a-1#1168,p.Tyr176Val,0.770552910495213,0.251717133555784,8.0,0.0889954460390672,0.596125041470563,0.944980779519862,0.0,3.0,missense,possibly_wt_like,176
1165,urn:mavedb:00000013-a-1#1166,p.Tyr176Ser,0.7801890658983751,0.247046410401284,8.0,0.0873440960312715,0.608997783414875,0.951380348381875,1.0,3.0,missense,possibly_wt_like,176
1162,urn:mavedb:00000013-a-1#1163,p.Tyr176Gly,0.7981354031405961,0.265414191591835,7.0,0.100317135054178,0.601517431402167,0.9947533748790258,0.0,3.0,missense,possibly_wt_like,176
1166,urn:mavedb:00000013-a-1#1167,p.Tyr176Thr,0.8057683536921372,0.198179488396089,7.0,0.0749048058928661,0.658957631873156,0.952579075511118,0.0,3.0,missense,possibly_wt_like,176
1159,urn:mavedb:00000013-a-1#1160,p.Tyr176Ala,0.8492880271911051,0.240525209147587,7.0,0.090909983920902,0.6711077328710219,1.02746832151119,0.0,3.0,missense,possibly_wt_like,176
1160,urn:mavedb:00000013-a-1#1161,p.Tyr176Asp,1.04792363691965,0.181651735020138,2.0,0.128447173647042,0.796171802655487,1.29967547118382,1.0,4.0,missense,wt_like,176
1163,urn:mavedb:00000013-a-1#1164,p.Tyr176Lys,1.09012867280588,0.0523127855328186,5.0,0.02339498890875,1.04427533712602,1.13598200848575,0.0,4.0,missense,wt_like,176
1183,urn:mavedb:00000013-a-1#1184,p.Tyr177Trp,0.0389781935308637,0.0066339701438101,2.0,0.0046909252748772,0.0297841489379356,0.0481722381237917,0.0,1.0,missense,low,177
1181,urn:mavedb:00000013-a-1#1182,p.Tyr177Arg,0.142070445368264,0.166356436560425,7.0,0.062876822876254,0.0188341370685025,0.265306753668026,0.0,1.0,missense,low,177
1171,urn:mavedb:00000013-a-1#1172,p.Tyr177Ala,0.142409058817566,0.204248763272552,5.0,0.0913428237995379,-0.0366195860757169,0.321437703710848,0.0,1.0,missense,low,177
1172,urn:mavedb:00000013-a-1#1173,p.Tyr177Cys,0.223818970817883,0.132767850638046,6.0,0.0542022480515438,0.117584516755751,0.330053424880015,1.0,1.0,missense,low,177
1175,urn:mavedb:00000013-a-1#1176,p.Tyr177Ile,0.248968374874816,0.0981008524336955,2.0,0.0693677779960469,0.113010028314994,0.3849267214346379,0.0,1.0,missense,low,177
1174,urn:mavedb:00000013-a-1#1175,p.Tyr177Gly,0.253730240283929,0.0954664807919823,8.0,0.033752497972013,0.187576559870523,0.319883920697336,0.0,1.0,missense,low,177
1173,urn:mavedb:00000013-a-1#1174,p.Tyr177Phe,0.2612120754323,0.107394441342135,5.0,0.0480282542493253,0.16707842686329,0.355345724001311,1.0,1.0,missense,low,177
1180,urn:mavedb:00000013-a-1#1181,p.Tyr177Pro,0.35046936831219,0.11398654698797,5.0,0.0509763335171148,0.250557590554743,0.450381146069637,0.0,1.0,missense,low,177
1177,urn:mavedb:00000013-a-1#1178,p.Tyr177Leu,0.378771930794409,0.304960178922118,5.0,0.136382338100071,0.111467459990905,0.646076401597913,0.0,1.0,missense,low,177
1182,urn:mavedb:00000013-a-1#1183,p.Tyr177Val,0.399493087990914,0.197897945098787,8.0,0.0699674894811177,0.262359328519238,0.536626847462589,0.0,1.0,missense,low,177
1176,urn:mavedb:00000013-a-1#1177,p.Tyr177Lys,0.430002373916974,0.124166951062881,7.0,0.0469306962236442,0.338019899549241,0.521984848284706,0.0,1.0,missense,low,177
1178,urn:mavedb:00000013-a-1#1179,p.Tyr177Met,0.4686147159693401,0.499983341649183,5.0,0.223599347909015,0.0303680471010296,0.90686138483765,0.0,2.0,missense,possibly_low,177
1184,urn:mavedb:00000013-a-1#1185,p.Tyr177Ter,0.5124958356498811,0.325416084057237,2.0,0.230103919744044,0.0615004402500605,0.963491231049701,1.0,2.0,nonsense,possibly_low,177
1203,urn:mavedb:00000013-a-1#1204,p.Tyr178Ter,-0.0048653219931819,0.266678777380702,3.0,0.153967063907908,-0.306635222058059,0.296904578071695,1.0,1.0,nonsense,low,178
1198,urn:mavedb:00000013-a-1#1199,p.Tyr178Arg,0.135134469528582,0.112252987122621,8.0,0.0396874242014259,0.0573485474546244,0.212920391602541,0.0,1.0,missense,low,178
1187,urn:mavedb:00000013-a-1#1188,p.Tyr178Asp,0.197772483522374,0.2347865457997589,6.0,0.095851205946667,0.0099075719921753,0.385637395052573,1.0,1.0,missense,low,178
1193,urn:mavedb:00000013-a-1#1194,p.Tyr178Lys,0.221655230377362,0.124051011877663,2.0,0.0877173117117485,0.0497324586016616,0.393578002153063,0.0,1.0,missense,low,178
1191,urn:mavedb:00000013-a-1#1192,p.Tyr178Gly,0.229646095544272,0.083032540762202,8.0,0.0293564363160507,0.172108537650369,0.287183653438175,0.0,1.0,missense,low,178
1197,urn:mavedb:00000013-a-1#1198,p.Tyr178Gln,0.244801209589768,0.0725047991001069,2.0,0.0512686351122539,0.144316531233224,0.345285887946311,0.0,1.0,missense,low,178
1196,urn:mavedb:00000013-a-1#1197,p.Tyr178Pro,0.344945373513998,0.3697204318865901,8.0,0.130715912265114,0.0887468932680777,0.601143853759918,0.0,1.0,missense,low,178
1200,urn:mavedb:00000013-a-1#1201,p.Tyr178Thr,0.355641853274204,0.176457844262124,8.0,0.0623872691356538,0.233365052674515,0.4779186538738929,0.0,1.0,missense,low,178
1188,urn:mavedb:00000013-a-1#1189,p.Tyr178Glu,0.360829121536172,0.12495614078964,6.0,0.0510131308603321,0.260845222311293,0.460813020761052,0.0,1.0,missense,low,178
1195,urn:mavedb:00000013-a-1#1196,p.Tyr178Met,0.4125431234059949,0.181305338225153,8.0,0.0641011170621631,0.286907242595369,0.53817900421662,0.0,1.0,missense,low,178
1186,urn:mavedb:00000013-a-1#1187,p.Tyr178Cys,0.414460947104116,0.108514110755518,3.0,0.0626506510555714,0.29166792742721,0.5372539667810229,1.0,1.0,missense,low,178
1199,urn:mavedb:00000013-a-1#1200,p.Tyr178Ser,0.501677702807801,0.274679518821957,7.0,0.103819099577969,0.298196006727604,0.7051593988879972,1.0,1.0,missense,low,178
1194,urn:mavedb:00000013-a-1#1195,p.Tyr178Leu,0.53247597992298,0.15276693874329,3.0,0.0882000332067134,0.359607091402585,0.705344868443375,0.0,1.0,missense,low,178
1185,urn:mavedb:00000013-a-1#1186,p.Tyr178Ala,0.6042970527516099,0.26893699998901,6.0,0.109793070487993,0.389106588843075,0.8194875166601441,0.0,2.0,missense,possibly_low,178
1202,urn:mavedb:00000013-a-1#1203,p.Tyr178Val,0.6071942156801489,0.283245029325834,7.0,0.107056558241622,0.397367217217755,0.8170212141425429,0.0,2.0,missense,possibly_low,178
1192,urn:mavedb:00000013-a-1#1193,p.Tyr178Ile,0.748181605138326,0.167033978640738,4.0,0.0835169893203692,0.584491313973186,0.911871896303466,0.0,3.0,missense,possibly_wt_like,178
1189,urn:mavedb:00000013-a-1#1190,p.Tyr178Phe,0.812759222290283,0.105129098486724,2.0,0.0743374984399911,0.667060402647098,0.958458041933468,1.0,3.0,missense,possibly_wt_like,178
1214,urn:mavedb:00000013-a-1#1215,p.Ser179Val,0.0811436369850443,0.0313414478526321,3.0,0.0180949933545098,0.0456781017097136,0.116609172260375,0.0,1.0,missense,low,179
1211,urn:mavedb:00000013-a-1#1212,p.Ser179=,0.225184012352542,0.31885905235583,2.0,0.225467398163524,-0.216723967735916,0.667091992441001,0.0,1.0,synonymous,low,179
1210,urn:mavedb:00000013-a-1#1211,p.Ser179Pro,0.243352399411489,0.5623263009794879,4.0,0.2811631504897439,-0.307717249328225,0.7944220481512021,0.0,2.0,missense,possibly_low,179
1208,urn:mavedb:00000013-a-1#1209,p.Ser179Ile,0.32430751961164,0.206758219802613,3.0,0.119371913860206,0.0903428676800184,0.558272171543262,1.0,1.0,missense,low,179
1209,urn:mavedb:00000013-a-1#1210,p.Ser179Met,0.371086450113485,0.207948327360769,4.0,0.103974163680385,0.167300833977258,0.5748720662497111,0.0,1.0,missense,low,179
1213,urn:mavedb:00000013-a-1#1214,p.Ser179Thr,0.409867250771997,0.110326624756985,2.0,0.0780127045110878,0.256965159593699,0.5627693419502939,1.0,1.0,missense,low,179
1206,urn:mavedb:00000013-a-1#1207,p.Ser179Phe,0.7550223282917701,0.278076010540437,6.0,0.113524055922145,0.532519267305455,0.977525389278084,0.0,3.0,missense,possibly_wt_like,179
1207,urn:mavedb:00000013-a-1#1208,p.Ser179Gly,0.7610712448828358,0.29925390354917,8.0,0.105802232248082,0.5537026801926529,0.968439809573018,1.0,3.0,missense,possibly_wt_like,179
1204,urn:mavedb:00000013-a-1#1205,p.Ser179Asp,0.901134463628862,0.298177783342967,3.0,0.172153023479428,0.563720737779505,1.23854818947822,0.0,3.0,missense,possibly_wt_like,179
1205,urn:mavedb:00000013-a-1#1206,p.Ser179Glu,1.01340710636709,0.3017654278808689,3.0,0.174224351019142,0.671933653139704,1.35488055959447,0.0,3.0,missense,possibly_wt_like,179
1222,urn:mavedb:00000013-a-1#1223,p.Asn184Ter,0.0057246715489832,0.0650852357094885,2.0,0.0460222115253041,-0.084477205529497,0.0959265486274635,0.0,1.0,nonsense,low,184
1219,urn:mavedb:00000013-a-1#1220,p.Asn184Ile,0.187299939943295,0.116734457879654,3.0,0.0673966706805233,0.0552048927315631,0.3193949871550269,1.0,1.0,missense,low,184
1218,urn:mavedb:00000013-a-1#1219,p.Asn184Gly,0.495540031530188,0.378288945402663,7.0,0.142979781894334,0.215304808499902,0.7757752545604749,0.0,2.0,missense,possibly_low,184
1220,urn:mavedb:00000013-a-1#1221,p.Asn184Arg,0.5730589923648821,0.495445658592937,3.0,0.286045684357464,0.012419753091141,1.1336982316386202,0.0,2.0,missense,possibly_low,184
1221,urn:mavedb:00000013-a-1#1222,p.Asn184Ser,0.9901733891846052,0.213133424074158,5.0,0.0953161649014216,0.803357138833338,1.17698963953587,1.0,4.0,missense,wt_like,184
1217,urn:mavedb:00000013-a-1#1218,p.Asn184Cys,0.9980460138699432,0.27726424191238,4.0,0.13863212095619,0.72633204969541,1.26975997804448,0.0,4.0,missense,wt_like,184
